session_duration_sec,pages_viewed,clicks,ad_impressions,device_type,traffic_source,cart_additions,past_purchases,conversion
3184,3,37,473,Desktop,GoogleAds,6,30,1
3517,12,8,372,Desktop,Facebook,8,9,1
870,7,73,376,Mobile,Organic,0,48,0
1304,26,83,41,Mobile,Facebook,4,40,1
1140,33,77,37,Tablet,GoogleAds,14,41,1
1105,37,13,125,Tablet,Facebook,3,7,0
3102,15,25,422,Desktop,Instagram,9,29,1
1648,2,92,179,Desktop,Facebook,1,13,0
2179,7,61,332,Mobile,Organic,6,44,1
476,32,90,37,Desktop,GoogleAds,18,34,0
1248,4,24,101,Desktop,GoogleAds,5,45,1
340,20,79,31,Tablet,Organic,14,45,0
1492,36,35,190,Desktop,GoogleAds,19,2,1
2145,32,97,146,Mobile,Facebook,11,28,1
3454,28,79,90,Desktop,GoogleAds,10,15,1
3181,13,32,6,Desktop,Facebook,2,9,0
2929,1,2,393,Desktop,GoogleAds,19,3,1
140,35,86,139,Desktop,Facebook,16,49,0
1695,30,10,95,Desktop,Facebook,6,3,1
3390,36,57,119,Mobile,Organic,17,1,1
779,25,63,366,Tablet,Organic,16,10,1
2401,16,17,120,Desktop,Email,15,14,1
1525,19,46,386,Tablet,Organic,1,10,0
3495,1,43,123,Tablet,Facebook,4,22,1
2863,5,92,285,Mobile,Facebook,12,37,1
2443,22,58,366,Tablet,GoogleAds,10,49,1
1225,24,49,377,Desktop,GoogleAds,0,29,0
965,37,68,179,Desktop,Email,2,49,0
2334,36,87,490,Desktop,Facebook,17,0,1
1194,36,28,325,Desktop,Email,3,44,0
469,4,92,407,Mobile,Facebook,8,32,0
3395,36,89,484,Tablet,Organic,10,44,1
31,18,66,7,Mobile,GoogleAds,16,36,0
2310,16,1,384,Tablet,Email,10,22,1
757,18,24,312,Mobile,Instagram,2,48,0
2914,22,18,127,Mobile,Facebook,18,47,1
484,2,39,77,Mobile,Organic,19,17,0
1092,21,1,234,Desktop,Instagram,10,9,1
2568,36,82,318,Desktop,Organic,13,16,1
2057,39,64,74,Mobile,Organic,5,6,1
3557,39,61,484,Tablet,Facebook,18,14,1
2757,29,90,464,Tablet,Organic,14,26,1
985,26,53,271,Desktop,Email,10,8,1
1816,21,44,309,Mobile,Instagram,17,20,1
199,17,48,427,Desktop,Organic,3,36,0
3015,16,98,467,Desktop,Organic,18,28,1
2744,31,68,469,Desktop,GoogleAds,2,41,0
3015,9,37,120,Mobile,GoogleAds,11,44,1
572,31,3,35,Mobile,Email,3,32,0
1909,14,16,207,Desktop,GoogleAds,11,5,1
1277,37,52,496,Mobile,Organic,0,24,0
2889,2,84,270,Tablet,Organic,15,34,1
1538,14,52,93,Tablet,Instagram,1,16,0
3212,33,30,453,Desktop,GoogleAds,2,43,0
3566,35,21,378,Tablet,Facebook,15,26,1
656,39,10,177,Desktop,GoogleAds,9,42,1
2078,20,33,274,Desktop,Organic,8,39,1
2898,2,14,179,Desktop,Instagram,13,24,1
2224,19,9,129,Mobile,GoogleAds,7,11,1
1307,37,95,125,Mobile,Instagram,1,42,0
2445,18,52,27,Mobile,GoogleAds,10,36,1
610,16,47,64,Mobile,Email,1,39,0
2373,4,30,60,Desktop,Organic,14,43,1
2071,12,36,219,Mobile,Organic,17,37,1
251,29,27,217,Tablet,Facebook,4,40,0
2051,7,30,169,Tablet,Organic,6,24,1
2834,14,69,149,Mobile,Facebook,18,48,1
3427,12,13,270,Tablet,Organic,18,1,1
2622,35,86,116,Tablet,GoogleAds,15,0,1
2955,5,15,245,Mobile,GoogleAds,18,49,1
1373,17,24,148,Desktop,Email,16,2,1
2149,32,38,92,Desktop,GoogleAds,12,28,1
1400,10,65,85,Desktop,Instagram,7,13,1
3013,17,37,87,Mobile,GoogleAds,10,44,1
1488,5,40,395,Desktop,Facebook,17,33,1
3509,9,97,120,Desktop,Email,10,21,1
2566,33,39,450,Tablet,Instagram,8,35,1
785,36,63,340,Desktop,Instagram,13,14,1
44,36,88,24,Mobile,Organic,1,36,0
2263,18,99,375,Desktop,Facebook,16,9,1
3162,9,15,89,Tablet,GoogleAds,15,8,1
1965,29,81,37,Tablet,GoogleAds,4,49,1
1595,14,76,342,Tablet,Organic,0,34,0
3469,25,58,383,Tablet,GoogleAds,8,45,1
3083,15,90,408,Desktop,Instagram,2,41,0
1031,6,97,271,Tablet,GoogleAds,13,16,1
3471,29,10,12,Tablet,GoogleAds,17,46,1
2623,15,0,494,Tablet,Instagram,11,17,1
1139,29,12,95,Desktop,Facebook,13,48,1
1510,4,29,491,Mobile,Facebook,15,24,1
712,18,68,448,Tablet,Instagram,4,34,1
2459,39,17,31,Tablet,Instagram,19,15,1
2787,16,77,437,Tablet,Email,19,44,1
1589,11,12,350,Desktop,Email,14,48,1
171,14,31,233,Desktop,GoogleAds,8,24,0
211,3,70,340,Tablet,GoogleAds,16,15,0
1991,38,71,328,Mobile,Email,11,40,1
1005,18,49,300,Tablet,GoogleAds,12,23,1
2327,20,70,286,Mobile,Facebook,9,11,1
825,25,79,35,Mobile,Facebook,6,34,1
3352,38,30,21,Desktop,Organic,6,8,1
465,13,50,111,Desktop,Email,7,47,0
3543,4,26,488,Desktop,Facebook,14,36,1
1285,14,59,319,Mobile,Organic,17,31,1
1026,33,32,348,Mobile,Instagram,0,18,0
2353,28,52,487,Mobile,Facebook,9,21,1
2777,37,92,145,Desktop,Organic,18,44,1
347,8,71,12,Desktop,GoogleAds,2,33,0
888,34,32,244,Desktop,Organic,6,18,1
1086,5,40,498,Tablet,Facebook,3,49,0
801,5,18,146,Mobile,GoogleAds,4,11,1
2274,31,84,239,Mobile,GoogleAds,5,17,1
773,9,40,92,Tablet,Organic,9,4,1
2245,32,84,316,Mobile,Organic,11,25,1
389,33,88,323,Mobile,Facebook,13,26,0
502,3,41,115,Tablet,GoogleAds,1,19,0
3122,30,22,15,Mobile,Email,2,7,0
1190,12,74,272,Desktop,Organic,0,15,0
2072,29,32,22,Tablet,Email,2,1,0
74,3,19,118,Mobile,Email,14,44,0
2578,26,24,369,Desktop,GoogleAds,15,0,1
1377,30,89,95,Mobile,Facebook,19,4,1
1162,9,51,447,Tablet,Email,1,30,0
2037,26,11,415,Desktop,Facebook,19,22,1
2705,2,31,257,Mobile,Organic,15,20,1
1505,3,32,331,Tablet,GoogleAds,14,11,1
3144,4,73,262,Mobile,Instagram,6,3,1
1172,25,67,87,Mobile,GoogleAds,4,36,1
1532,13,14,393,Desktop,Instagram,4,10,1
2650,39,50,436,Mobile,Organic,8,41,1
401,35,5,464,Tablet,Facebook,13,39,0
1708,23,90,318,Tablet,Organic,18,8,1
428,9,68,58,Desktop,GoogleAds,17,25,0
2346,2,68,230,Desktop,Instagram,8,38,1
388,31,81,108,Mobile,Instagram,2,26,0
1806,2,91,19,Tablet,GoogleAds,10,28,1
3571,32,34,365,Desktop,GoogleAds,14,45,1
2288,18,85,141,Mobile,Organic,3,42,0
3075,13,33,379,Mobile,Email,4,49,1
2098,5,62,160,Tablet,Instagram,17,24,1
3109,10,67,100,Tablet,GoogleAds,11,17,1
2192,25,17,265,Mobile,Organic,0,29,0
210,34,25,238,Tablet,Email,19,7,0
1873,37,85,238,Mobile,Facebook,1,1,0
789,30,96,49,Mobile,GoogleAds,8,21,1
2987,7,60,165,Tablet,Email,17,20,1
3114,6,77,287,Desktop,Facebook,4,38,1
3129,3,94,415,Mobile,Facebook,13,25,1
512,13,73,59,Tablet,Organic,10,28,0
2464,3,87,183,Mobile,Instagram,2,4,0
1761,26,84,147,Mobile,GoogleAds,8,45,1
814,24,47,447,Mobile,Email,1,13,0
2156,6,71,386,Tablet,Facebook,13,34,1
2741,12,95,301,Tablet,Instagram,1,5,0
1905,36,30,96,Tablet,Facebook,9,22,1
2783,2,33,43,Desktop,GoogleAds,18,16,1
1580,11,86,354,Mobile,GoogleAds,1,23,0
970,39,88,257,Desktop,Organic,15,39,1
2670,34,6,213,Mobile,GoogleAds,5,28,1
1495,26,82,189,Tablet,GoogleAds,11,29,1
2700,18,6,131,Mobile,GoogleAds,6,23,1
1038,21,46,347,Mobile,Instagram,3,34,0
3299,36,7,300,Mobile,Email,7,46,1
512,22,77,391,Desktop,Email,18,36,0
2824,30,0,289,Tablet,GoogleAds,9,1,1
407,30,76,137,Tablet,Email,0,20,0
880,8,2,30,Mobile,GoogleAds,4,39,1
2852,34,52,146,Tablet,Email,5,40,1
402,9,91,312,Desktop,Email,18,4,0
216,20,37,474,Desktop,Facebook,17,34,0
1048,25,50,468,Tablet,Instagram,18,43,1
1891,19,14,486,Desktop,Facebook,18,34,1
2949,5,99,105,Desktop,Facebook,0,18,0
1494,11,66,287,Tablet,Email,19,15,1
873,15,63,456,Tablet,Organic,10,24,1
2800,8,67,191,Mobile,Organic,2,15,0
3322,19,4,471,Mobile,Instagram,9,30,1
573,23,89,178,Desktop,GoogleAds,6,32,0
1030,27,88,345,Tablet,Email,16,16,1
105,32,9,239,Desktop,Instagram,15,20,0
1933,26,7,1,Tablet,Facebook,6,34,1
1767,27,11,110,Desktop,Email,12,48,1
2542,19,63,338,Desktop,Facebook,11,22,1
3488,29,58,275,Desktop,Instagram,11,48,1
2288,39,66,371,Mobile,Organic,7,15,1
2806,33,90,382,Tablet,Instagram,7,37,1
1688,19,49,234,Desktop,Email,12,49,1
3252,37,22,64,Mobile,Email,10,13,1
550,19,39,244,Desktop,GoogleAds,0,39,0
1069,33,96,53,Desktop,Organic,16,40,1
2582,16,77,262,Tablet,Email,18,49,1
1193,23,86,17,Desktop,Organic,12,32,1
1732,7,94,302,Tablet,Email,14,20,1
3324,26,76,493,Mobile,Organic,11,16,1
3167,32,75,456,Mobile,Instagram,16,3,1
1829,12,98,374,Desktop,Organic,2,15,0
2635,8,17,234,Mobile,Facebook,6,29,1
2739,5,20,73,Tablet,Instagram,1,43,0
2614,28,0,357,Tablet,Email,1,44,0
1607,5,37,439,Mobile,Email,5,33,1
3070,26,40,91,Tablet,GoogleAds,3,21,0
2703,5,41,484,Tablet,Facebook,15,43,1
805,22,8,6,Desktop,GoogleAds,14,41,1
1061,15,22,198,Desktop,Instagram,9,28,1
1653,13,77,365,Tablet,GoogleAds,13,46,1
1373,28,10,196,Mobile,Instagram,8,4,1
1991,33,70,470,Tablet,GoogleAds,14,0,1
1364,23,30,296,Desktop,Organic,6,39,1
1673,33,87,347,Mobile,Instagram,6,24,1
1539,18,25,485,Tablet,Instagram,7,49,1
2048,30,29,322,Mobile,Organic,18,5,1
3429,26,33,137,Mobile,Organic,17,22,1
1506,16,45,267,Mobile,Facebook,16,32,1
3312,13,68,404,Tablet,Organic,17,13,1
2247,39,4,116,Desktop,GoogleAds,18,41,1
3306,33,60,43,Mobile,Organic,7,35,1
1418,26,82,231,Mobile,Organic,12,17,1
1410,1,37,58,Tablet,Instagram,10,39,1
1316,38,27,206,Desktop,Instagram,18,43,1
2690,2,25,410,Desktop,Organic,6,9,1
2685,6,60,294,Tablet,Facebook,4,44,1
982,38,22,94,Mobile,Instagram,4,38,1
1778,24,45,36,Tablet,GoogleAds,7,48,1
1292,18,29,230,Desktop,GoogleAds,9,11,1
3440,27,66,227,Mobile,Organic,4,37,1
719,8,91,183,Mobile,Organic,14,22,1
1489,28,32,262,Desktop,Facebook,15,6,1
1444,10,2,131,Mobile,Organic,9,44,1
658,17,68,65,Tablet,Email,7,45,1
327,29,82,380,Desktop,Email,18,24,0
3306,6,41,448,Desktop,Organic,3,12,0
1267,14,61,186,Mobile,Email,13,37,1
693,22,57,117,Desktop,GoogleAds,7,18,1
673,6,56,186,Tablet,Organic,13,44,1
2008,26,0,274,Desktop,GoogleAds,11,21,1
3455,39,72,151,Mobile,GoogleAds,0,40,0
1641,12,59,352,Desktop,Email,18,10,1
1505,35,68,413,Mobile,Facebook,17,41,1
3314,14,58,151,Mobile,GoogleAds,11,2,1
1146,22,45,384,Tablet,Email,9,18,1
1863,23,33,36,Desktop,Facebook,0,26,0
1530,7,96,326,Tablet,Email,13,6,1
2499,25,24,465,Tablet,Email,8,36,1
573,13,41,466,Desktop,Organic,14,26,0
1301,21,28,95,Tablet,Instagram,13,46,1
3591,10,24,134,Tablet,Facebook,8,33,1
3467,9,53,162,Mobile,Email,10,10,1
3468,15,72,44,Tablet,GoogleAds,4,37,1
3194,2,66,300,Desktop,GoogleAds,11,4,1
1646,25,14,283,Mobile,Instagram,15,6,1
3009,13,3,356,Tablet,Facebook,19,35,1
3162,34,37,240,Tablet,Organic,2,4,0
708,34,19,52,Desktop,Facebook,4,4,1
2170,35,22,426,Tablet,GoogleAds,18,26,1
11,38,36,281,Desktop,GoogleAds,4,28,0
651,3,61,74,Tablet,Organic,17,26,1
2277,6,7,295,Tablet,Organic,3,31,0
1599,19,36,238,Desktop,GoogleAds,14,24,1
864,3,44,167,Mobile,Email,4,41,1
1769,18,96,140,Desktop,Email,7,49,1
3306,39,32,139,Mobile,Organic,15,33,1
2442,9,6,369,Mobile,Email,0,14,0
3484,12,21,235,Desktop,Organic,4,40,1
1671,5,4,3,Desktop,Facebook,17,33,1
1163,3,14,256,Tablet,Facebook,15,34,1
1086,11,20,371,Tablet,Facebook,9,19,1
1717,30,88,278,Mobile,Organic,3,23,0
2787,4,16,4,Tablet,Organic,17,33,1
1705,5,55,392,Desktop,Email,16,33,1
1743,1,49,270,Mobile,Email,12,45,1
1449,27,6,212,Tablet,Email,7,26,1
2304,28,49,216,Tablet,Instagram,7,49,1
845,29,59,270,Desktop,Organic,11,20,1
3520,18,82,476,Desktop,Facebook,17,32,1
212,12,6,16,Tablet,Facebook,5,38,0
3265,13,39,416,Mobile,Instagram,6,39,1
132,2,44,64,Mobile,Instagram,16,43,0
410,37,58,239,Desktop,Facebook,4,35,0
776,16,87,460,Desktop,Organic,18,24,1
303,24,74,16,Desktop,Facebook,7,6,0
2337,35,54,52,Tablet,Facebook,18,49,1
2941,22,63,19,Tablet,Instagram,7,49,1
207,36,64,325,Desktop,Instagram,18,9,0
3039,11,53,396,Mobile,Email,6,9,1
1940,29,95,93,Desktop,Instagram,2,37,0
3592,35,39,261,Desktop,Facebook,5,23,1
2809,15,52,298,Mobile,Email,7,43,1
2201,31,43,17,Mobile,Facebook,17,9,1
618,16,62,111,Mobile,Organic,14,44,1
3282,10,1,328,Mobile,Organic,16,25,1
1157,32,78,360,Tablet,Instagram,3,29,0
196,2,20,488,Tablet,Email,6,26,0
3407,24,87,94,Desktop,GoogleAds,16,43,1
2521,23,49,10,Tablet,Organic,5,18,1
3430,2,80,212,Desktop,Organic,12,0,1
1804,38,51,237,Desktop,Organic,6,32,1
669,31,8,254,Mobile,Organic,8,10,1
2821,26,98,16,Mobile,Instagram,18,49,1
3012,29,19,489,Tablet,Email,19,33,1
1965,3,82,144,Tablet,Organic,12,37,1
2460,14,17,42,Tablet,Instagram,14,15,1
1379,25,83,3,Tablet,Email,16,0,1
1996,1,29,407,Mobile,Email,4,40,1
1544,3,64,470,Mobile,GoogleAds,18,27,1
156,26,23,377,Tablet,Facebook,5,14,0
3229,18,87,156,Desktop,Organic,11,15,1
2921,9,46,494,Mobile,Instagram,14,45,1
1744,38,82,173,Mobile,Email,14,31,1
1853,23,93,484,Mobile,GoogleAds,2,38,0
498,21,89,452,Mobile,Facebook,3,0,0
2986,1,43,486,Tablet,Email,4,47,1
1969,21,28,24,Tablet,Email,5,8,1
1673,27,76,275,Desktop,Organic,5,28,1
2608,6,67,75,Mobile,Facebook,16,24,1
2395,36,16,40,Tablet,Facebook,7,10,1
2929,28,96,302,Tablet,Instagram,18,41,1
650,17,4,40,Mobile,GoogleAds,19,10,1
1812,3,91,62,Tablet,Instagram,12,5,1
2530,12,87,238,Tablet,GoogleAds,14,33,1
1979,39,80,487,Tablet,Instagram,16,49,1
2208,12,49,245,Desktop,GoogleAds,16,43,1
1448,2,39,18,Tablet,Organic,1,13,0
3379,22,45,140,Mobile,GoogleAds,2,7,0
1644,23,50,398,Mobile,Instagram,8,24,1
272,30,10,495,Mobile,Facebook,5,3,0
1797,5,11,82,Tablet,Email,0,49,0
2201,9,12,189,Desktop,GoogleAds,18,30,1
2403,21,63,108,Tablet,GoogleAds,3,20,0
633,11,7,234,Mobile,Facebook,12,44,1
1026,5,64,268,Desktop,Organic,19,31,1
890,35,8,104,Desktop,Instagram,7,13,1
2059,27,91,411,Tablet,Organic,4,27,1
2954,2,1,134,Mobile,GoogleAds,9,24,1
1337,24,77,344,Tablet,GoogleAds,19,27,1
2311,31,12,371,Mobile,Organic,18,14,1
462,33,1,33,Desktop,Instagram,11,45,0
3118,39,67,237,Tablet,GoogleAds,0,43,0
1193,30,75,374,Desktop,GoogleAds,8,21,1
3072,37,47,336,Mobile,Organic,15,46,1
2066,28,73,178,Desktop,Email,16,5,1
3314,31,2,12,Desktop,Facebook,17,1,1
3180,11,67,351,Desktop,GoogleAds,13,5,1
1692,23,5,441,Tablet,Instagram,16,22,1
2873,2,86,229,Mobile,Email,0,25,0
2265,27,4,309,Desktop,Organic,14,10,1
1164,35,2,269,Desktop,Organic,18,0,1
413,2,9,378,Desktop,Instagram,1,27,0
2209,39,42,456,Desktop,Email,13,21,1
2111,37,18,358,Mobile,Instagram,1,40,0
3201,21,13,131,Mobile,GoogleAds,14,12,1
1706,5,20,249,Tablet,Email,0,40,0
637,21,42,448,Mobile,Facebook,0,46,0
596,29,27,468,Mobile,Facebook,11,49,0
1658,20,20,58,Desktop,Instagram,14,35,1
1453,38,35,4,Tablet,Facebook,17,21,1
1455,20,23,236,Tablet,Instagram,14,3,1
113,25,53,173,Desktop,GoogleAds,6,43,0
263,2,37,322,Tablet,GoogleAds,11,40,0
3308,32,16,371,Mobile,Instagram,9,17,1
3193,26,21,36,Tablet,GoogleAds,1,37,0
2567,6,82,279,Desktop,Facebook,1,16,0
1506,3,44,237,Tablet,GoogleAds,5,24,1
108,33,73,275,Tablet,Facebook,19,16,0
2210,1,60,296,Tablet,Facebook,5,28,1
1894,5,10,328,Desktop,Organic,9,44,1
2971,13,60,400,Mobile,GoogleAds,2,43,0
1929,19,37,58,Tablet,GoogleAds,15,45,1
887,12,65,363,Mobile,Instagram,4,7,1
347,25,32,18,Mobile,Instagram,4,28,0
2879,35,42,36,Mobile,Email,9,14,1
3244,12,30,408,Tablet,Facebook,12,40,1
966,30,34,129,Mobile,Organic,2,32,0
1714,5,36,1,Tablet,Facebook,17,48,1
170,34,46,64,Tablet,GoogleAds,18,9,0
1613,22,99,62,Tablet,Email,5,36,1
2858,39,22,366,Mobile,Facebook,19,10,1
407,13,35,420,Tablet,Email,0,34,0
1310,3,39,331,Desktop,Facebook,9,33,1
825,20,89,146,Desktop,GoogleAds,9,31,1
1537,31,88,272,Desktop,GoogleAds,0,21,0
1929,5,80,17,Tablet,Facebook,18,3,1
1425,24,14,280,Desktop,Organic,10,1,1
1168,33,36,98,Tablet,GoogleAds,12,32,1
1228,8,3,452,Tablet,Instagram,16,8,1
410,24,21,227,Tablet,Organic,19,34,0
649,20,80,463,Mobile,Facebook,17,37,1
3114,16,21,386,Desktop,Organic,3,30,0
2745,12,80,243,Tablet,Instagram,14,13,1
469,13,77,479,Desktop,GoogleAds,1,30,0
964,39,77,201,Desktop,GoogleAds,5,32,1
479,25,16,394,Mobile,GoogleAds,8,43,0
3456,32,71,437,Desktop,Instagram,10,15,1
1055,24,97,473,Tablet,Organic,19,19,1
2807,9,89,179,Tablet,Facebook,15,49,1
1703,23,93,453,Desktop,Facebook,7,13,1
2095,13,85,270,Desktop,Organic,16,34,1
2287,32,79,234,Mobile,GoogleAds,3,45,0
3446,15,93,112,Tablet,Facebook,6,48,1
572,36,79,486,Desktop,GoogleAds,10,44,0
2495,5,37,488,Desktop,Email,10,32,1
1809,22,23,66,Tablet,Email,10,28,1
3364,16,99,338,Desktop,Facebook,14,7,1
2084,10,98,349,Mobile,Organic,4,33,1
235,24,5,437,Desktop,Organic,5,46,0
3358,18,67,245,Desktop,Organic,4,13,1
807,18,81,245,Mobile,GoogleAds,8,13,1
2341,7,5,468,Mobile,Email,10,49,1
2936,4,25,448,Mobile,GoogleAds,2,14,0
969,26,90,72,Tablet,Instagram,19,41,1
1514,5,40,357,Desktop,Instagram,3,49,0
462,16,74,49,Desktop,Facebook,14,19,0
3077,35,37,496,Mobile,Instagram,17,27,1
825,26,79,346,Tablet,Organic,4,3,1
668,18,82,190,Mobile,Facebook,10,6,1
3597,29,42,293,Desktop,Email,10,1,1
556,23,52,177,Tablet,Email,3,8,0
1225,14,14,452,Tablet,Instagram,15,22,1
3130,15,89,161,Desktop,Instagram,10,35,1
3593,33,55,150,Tablet,Email,0,11,0
26,25,55,70,Tablet,Instagram,12,22,0
3253,21,30,33,Mobile,Instagram,18,30,1
1253,17,82,284,Tablet,GoogleAds,5,41,1
2215,23,56,344,Mobile,Email,19,10,1
2534,17,50,260,Tablet,Email,18,0,1
1079,14,23,322,Mobile,Instagram,5,12,1
3454,29,57,77,Mobile,Organic,12,38,1
2575,20,72,110,Tablet,GoogleAds,10,28,1
2156,30,86,305,Mobile,Organic,18,5,1
1778,19,3,384,Desktop,Instagram,6,30,1
1070,39,9,139,Desktop,Email,11,8,1
2337,13,62,35,Tablet,Organic,15,17,1
3430,18,72,423,Tablet,Facebook,0,2,0
2554,23,82,394,Tablet,Organic,14,31,1
311,33,14,235,Desktop,Email,12,44,0
190,39,97,330,Tablet,Instagram,9,2,0
616,18,62,200,Tablet,Organic,17,44,1
3180,9,18,325,Mobile,Instagram,3,29,0
709,33,62,151,Tablet,GoogleAds,5,5,1
1002,32,55,34,Desktop,Facebook,7,49,1
1149,17,20,124,Desktop,Email,19,26,1
200,19,33,367,Tablet,Email,8,1,0
2310,27,16,32,Desktop,Instagram,7,19,1
990,6,17,272,Mobile,Facebook,17,16,1
2985,35,80,324,Mobile,Email,6,32,1
2016,37,65,310,Tablet,Organic,18,16,1
1194,34,50,124,Tablet,Email,17,36,1
3337,20,64,412,Mobile,Organic,0,28,0
3404,25,42,368,Mobile,Email,10,8,1
137,4,56,492,Tablet,Organic,8,3,0
2075,10,9,316,Desktop,GoogleAds,9,45,1
1826,10,36,78,Tablet,Instagram,9,39,1
1768,24,47,76,Tablet,GoogleAds,0,12,0
2623,21,68,60,Tablet,Organic,16,5,1
579,11,55,85,Tablet,Instagram,11,45,0
1356,27,75,368,Tablet,Facebook,11,8,1
1905,16,35,80,Tablet,Organic,18,25,1
2743,26,30,374,Tablet,Email,16,48,1
635,30,54,172,Desktop,Email,6,38,1
3369,16,37,258,Tablet,Facebook,10,40,1
2911,7,72,279,Mobile,GoogleAds,1,46,0
1696,16,89,221,Tablet,Organic,15,41,1
3019,35,14,46,Desktop,Email,8,13,1
164,16,15,491,Mobile,Instagram,9,47,0
2547,12,76,73,Tablet,Facebook,9,33,1
1419,35,88,54,Tablet,GoogleAds,2,3,0
794,21,93,327,Mobile,GoogleAds,16,20,1
3185,36,52,221,Tablet,Instagram,13,30,1
3474,17,55,492,Desktop,Instagram,18,46,1
255,32,6,381,Tablet,Facebook,17,42,0
3257,6,56,337,Desktop,Instagram,17,20,1
3120,24,54,9,Tablet,Email,13,42,1
1510,27,51,326,Mobile,GoogleAds,2,28,0
1715,20,3,172,Desktop,Instagram,9,23,1
2816,25,42,84,Tablet,Organic,12,44,1
547,2,39,330,Tablet,Instagram,11,15,0
1900,9,29,329,Mobile,GoogleAds,8,8,1
1851,28,9,12,Mobile,Email,9,20,1
930,38,93,481,Desktop,Instagram,18,1,1
2465,3,6,32,Desktop,Email,15,1,1
534,20,35,418,Desktop,Organic,2,36,0
2885,6,34,339,Tablet,GoogleAds,11,36,1
1539,39,87,289,Tablet,Facebook,7,4,1
2960,33,38,320,Desktop,GoogleAds,14,45,1
45,1,35,304,Tablet,Facebook,10,5,0
694,37,19,272,Mobile,Facebook,12,47,1
29,6,48,178,Tablet,GoogleAds,5,47,0
2378,34,95,114,Desktop,Facebook,12,7,1
2569,15,58,407,Tablet,Email,10,31,1
409,26,48,26,Mobile,Organic,5,36,0
2711,14,89,237,Desktop,Instagram,5,12,1
981,7,25,310,Desktop,Facebook,4,2,1
1916,31,35,172,Desktop,Facebook,6,8,1
2528,24,42,233,Desktop,GoogleAds,18,3,1
1176,31,98,37,Tablet,Email,10,27,1
1125,29,42,265,Mobile,Instagram,5,39,1
3435,32,98,478,Tablet,Facebook,8,15,1
843,17,75,13,Tablet,Email,19,10,1
1833,14,32,496,Desktop,Instagram,17,18,1
2784,36,99,316,Mobile,GoogleAds,7,41,1
1992,24,77,106,Tablet,Facebook,17,21,1
863,27,96,126,Mobile,GoogleAds,4,38,1
60,25,44,336,Mobile,GoogleAds,5,11,0
584,32,44,494,Mobile,Facebook,1,29,0
3271,18,87,384,Mobile,Email,3,39,0
1158,18,14,130,Tablet,Email,18,41,1
2207,37,94,479,Mobile,GoogleAds,3,4,0
2371,26,16,316,Tablet,GoogleAds,15,36,1
2627,9,11,256,Mobile,Organic,0,44,0
3423,35,21,441,Mobile,Instagram,15,31,1
2362,8,22,115,Tablet,GoogleAds,0,33,0
1725,20,89,299,Desktop,GoogleAds,16,11,1
691,22,77,403,Tablet,Instagram,4,42,1
847,19,11,124,Mobile,Facebook,15,1,1
1087,30,67,256,Tablet,Email,2,46,0
3060,28,50,139,Mobile,Facebook,9,6,1
2501,35,12,206,Tablet,Instagram,17,31,1
2670,11,56,47,Tablet,Instagram,17,39,1
3050,31,54,217,Tablet,Organic,16,34,1
2321,39,81,319,Desktop,Organic,10,48,1
3134,36,27,391,Tablet,Email,8,5,1
1605,30,43,463,Tablet,GoogleAds,10,21,1
3061,23,18,350,Desktop,Instagram,8,24,1
14,19,45,123,Desktop,Organic,16,46,0
1136,12,2,31,Mobile,Facebook,19,12,1
1229,15,82,472,Mobile,Organic,4,22,1
783,31,19,55,Tablet,Facebook,11,44,1
886,37,24,153,Mobile,Organic,17,43,1
1001,37,74,456,Tablet,Facebook,15,45,1
2941,15,55,286,Desktop,Organic,8,8,1
3431,29,80,36,Desktop,Organic,7,41,1
56,26,60,306,Tablet,Email,5,36,0
2924,2,54,398,Mobile,GoogleAds,16,36,1
2880,20,34,285,Mobile,Instagram,13,29,1
2993,15,77,411,Mobile,GoogleAds,13,19,1
2713,4,58,373,Tablet,Email,3,37,0
278,22,38,256,Mobile,Facebook,7,43,0
379,38,56,178,Desktop,GoogleAds,16,48,0
645,23,82,36,Desktop,Instagram,0,15,0
1139,26,66,254,Desktop,Instagram,2,49,0
1703,11,33,162,Desktop,Facebook,16,21,1
1692,28,40,21,Desktop,Instagram,19,37,1
666,2,21,294,Desktop,Email,2,9,0
129,8,26,75,Desktop,GoogleAds,6,19,0
840,29,20,481,Desktop,Instagram,10,40,1
1820,11,40,207,Desktop,GoogleAds,14,1,1
1091,37,30,460,Tablet,Organic,6,2,1
1984,18,26,472,Tablet,GoogleAds,4,41,1
1379,14,36,178,Desktop,Facebook,16,7,1
750,10,65,382,Desktop,Email,4,8,1
3555,35,53,37,Desktop,Instagram,0,27,0
126,9,8,459,Mobile,Email,6,20,0
1863,35,82,120,Tablet,GoogleAds,16,32,1
2848,11,41,403,Desktop,Instagram,7,33,1
1160,12,35,118,Tablet,Email,11,3,1
3474,3,9,1,Desktop,Facebook,1,47,0
1941,39,58,209,Mobile,Organic,16,24,1
1022,14,39,424,Desktop,Organic,19,31,1
1674,28,53,311,Tablet,Facebook,13,11,1
1091,11,38,208,Tablet,Organic,2,1,0
643,39,6,154,Tablet,Facebook,18,46,1
522,25,3,250,Tablet,GoogleAds,13,49,0
2859,21,14,171,Desktop,Facebook,7,47,1
1129,10,75,315,Mobile,Organic,6,11,1
1151,15,47,307,Mobile,GoogleAds,4,49,1
569,19,5,107,Desktop,Facebook,2,45,0
497,22,72,143,Desktop,Facebook,0,25,0
3318,21,34,8,Tablet,GoogleAds,18,20,1
906,32,71,94,Desktop,Instagram,14,43,1
3353,23,70,398,Mobile,Organic,0,36,0
1222,13,67,97,Desktop,Instagram,4,35,1
713,5,57,490,Desktop,GoogleAds,19,17,1
1480,4,76,7,Mobile,GoogleAds,10,23,1
590,28,18,274,Mobile,Email,13,29,0
2847,14,61,12,Desktop,Email,17,16,1
2918,8,70,2,Tablet,GoogleAds,19,15,1
2304,9,9,434,Tablet,Email,8,41,1
3157,35,24,349,Tablet,Facebook,14,16,1
163,37,43,405,Mobile,Instagram,10,43,0
1689,21,98,7,Mobile,GoogleAds,4,11,1
3516,18,57,475,Tablet,Facebook,14,26,1
1006,33,24,12,Desktop,Organic,1,3,0
3167,8,92,340,Desktop,Organic,11,34,1
2754,17,75,57,Desktop,Email,6,0,1
3366,31,39,78,Mobile,Email,1,11,0
1253,34,75,74,Mobile,Facebook,7,28,1
1102,6,69,233,Tablet,Organic,8,7,1
3128,22,9,279,Desktop,GoogleAds,4,7,1
1018,14,65,30,Mobile,Instagram,14,11,1
2151,3,24,367,Mobile,Email,18,35,1
1783,12,70,314,Tablet,Facebook,18,47,1
967,36,86,95,Desktop,Email,12,33,1
3069,12,10,308,Mobile,Facebook,12,35,1
462,2,35,56,Mobile,Organic,5,3,0
1237,2,48,10,Mobile,Email,0,10,0
2969,15,47,403,Mobile,Facebook,9,2,1
2275,23,86,147,Desktop,Facebook,5,9,1
2531,29,6,364,Tablet,Email,2,11,0
2489,17,90,87,Desktop,Instagram,12,48,1
2398,32,76,253,Tablet,GoogleAds,18,8,1
560,7,50,187,Mobile,Organic,9,20,0
1645,30,16,428,Desktop,Email,12,33,1
1322,28,31,233,Tablet,Email,6,21,1
3335,14,25,253,Tablet,Instagram,14,17,1
1767,30,21,443,Mobile,Organic,3,43,0
366,17,12,224,Tablet,Email,10,5,0
2080,32,11,340,Tablet,Instagram,7,24,1
1795,6,70,4,Tablet,GoogleAds,1,49,0
2579,24,0,353,Mobile,Facebook,0,44,0
1791,6,32,112,Desktop,GoogleAds,0,14,0
3181,27,13,193,Mobile,GoogleAds,15,0,1
2859,18,63,141,Tablet,GoogleAds,17,39,1
3261,24,42,323,Tablet,GoogleAds,10,17,1
3304,37,57,140,Desktop,Facebook,7,43,1
2819,24,40,349,Tablet,Organic,18,30,1
2499,38,80,439,Desktop,Organic,11,19,1
1641,34,67,445,Tablet,Instagram,5,43,1
2826,15,38,95,Tablet,Instagram,15,24,1
1025,11,0,41,Mobile,Email,7,32,1
1358,22,40,420,Mobile,GoogleAds,6,9,1
525,24,44,2,Desktop,GoogleAds,19,28,0
3097,1,87,278,Mobile,Facebook,2,18,0
2849,18,97,150,Desktop,GoogleAds,0,27,0
345,12,97,41,Mobile,Facebook,5,26,0
1792,28,87,351,Desktop,Email,2,18,0
2315,7,78,116,Tablet,Instagram,18,42,1
506,23,80,120,Desktop,Instagram,1,30,0
905,21,12,237,Mobile,Email,16,34,1
2217,34,70,270,Desktop,Email,15,13,1
3556,11,8,349,Mobile,GoogleAds,6,49,1
861,22,62,291,Tablet,Instagram,5,5,1
1697,35,98,434,Mobile,Organic,10,8,1
1941,29,22,9,Tablet,Email,14,40,1
2747,28,53,239,Tablet,Instagram,10,26,1
2437,18,46,118,Mobile,Instagram,6,16,1
1578,14,38,352,Tablet,Facebook,14,35,1
966,18,86,315,Mobile,Instagram,15,3,1
2748,28,25,312,Desktop,Email,7,23,1
3508,24,0,475,Tablet,GoogleAds,4,15,1
1646,8,13,10,Desktop,Instagram,16,16,1
1301,8,95,25,Desktop,Organic,1,2,0
1450,4,73,497,Mobile,Email,6,38,1
1201,27,64,173,Mobile,GoogleAds,5,36,1
1076,36,68,225,Tablet,GoogleAds,11,2,1
294,5,66,11,Mobile,Email,15,43,0
2454,33,48,101,Desktop,GoogleAds,10,40,1
21,34,49,265,Desktop,Organic,16,34,0
1640,30,57,391,Desktop,Instagram,9,2,1
3383,8,52,327,Tablet,Email,15,15,1
3334,39,90,418,Mobile,Instagram,15,19,1
2556,26,56,83,Desktop,Instagram,14,44,1
763,37,85,276,Tablet,GoogleAds,14,5,1
2092,34,17,370,Mobile,Email,19,32,1
2784,7,15,490,Mobile,Instagram,3,42,0
2906,28,1,345,Desktop,Facebook,2,49,0
99,39,12,261,Tablet,Organic,13,26,0
785,39,44,368,Desktop,GoogleAds,9,29,1
2662,28,79,221,Desktop,Email,5,34,1
3027,14,71,311,Tablet,Email,10,17,1
1635,38,42,219,Desktop,GoogleAds,3,29,0
3079,4,71,89,Tablet,Instagram,9,42,1
427,18,53,485,Tablet,GoogleAds,15,25,0
124,25,73,15,Desktop,Email,7,14,0
626,7,96,246,Desktop,Facebook,8,31,1
3277,38,30,176,Mobile,Instagram,3,34,0
835,28,75,4,Mobile,GoogleAds,16,11,1
3582,5,8,334,Tablet,Email,9,20,1
1659,3,72,376,Tablet,Email,12,11,1
1526,31,47,369,Tablet,Email,16,48,1
3156,20,17,465,Mobile,Facebook,18,0,1
422,19,93,21,Desktop,Instagram,16,10,0
3457,11,95,208,Desktop,GoogleAds,3,24,0
3501,3,86,474,Mobile,Instagram,5,46,1
738,23,10,137,Desktop,Email,13,8,1
3358,7,61,322,Desktop,Facebook,8,38,1
3078,23,83,363,Desktop,Facebook,5,42,1
2818,7,18,463,Mobile,Email,9,26,1
685,34,99,419,Tablet,Instagram,5,28,1
3475,19,89,216,Desktop,Instagram,8,49,1
1902,9,73,368,Desktop,Facebook,12,26,1
2514,18,23,117,Tablet,Organic,15,27,1
2977,25,12,179,Desktop,Facebook,15,38,1
2249,14,45,246,Desktop,Facebook,18,17,1
2796,25,52,128,Tablet,GoogleAds,4,14,1
1132,19,97,358,Mobile,Facebook,10,15,1
1581,39,28,78,Mobile,Organic,14,46,1
987,15,35,229,Desktop,Facebook,7,22,1
1018,16,70,293,Desktop,Instagram,14,29,1
2153,27,93,262,Tablet,GoogleAds,10,35,1
1697,10,16,82,Tablet,GoogleAds,12,34,1
2720,4,47,342,Desktop,Facebook,1,27,0
3271,19,76,338,Desktop,GoogleAds,1,45,0
46,28,23,307,Mobile,GoogleAds,11,2,0
3450,21,53,66,Mobile,Facebook,19,15,1
1558,14,94,96,Mobile,Organic,8,14,1
2336,33,90,145,Mobile,Facebook,19,18,1
2274,10,84,65,Tablet,Instagram,14,9,1
2924,19,0,9,Mobile,Email,6,48,1
882,30,78,397,Mobile,Organic,13,3,1
1831,22,66,484,Desktop,Facebook,16,21,1
1306,3,5,357,Mobile,Organic,1,17,0
2119,37,77,186,Desktop,Email,8,21,1
605,18,54,158,Desktop,GoogleAds,12,41,1
1913,11,37,31,Mobile,GoogleAds,4,15,1
738,2,32,151,Mobile,Email,3,2,0
1375,12,7,319,Desktop,GoogleAds,0,43,0
406,6,89,242,Tablet,Organic,8,34,0
708,29,78,156,Desktop,GoogleAds,15,40,1
3100,30,77,59,Tablet,Email,18,38,1
2234,2,19,10,Tablet,Email,2,15,0
1645,9,54,345,Mobile,Email,2,20,0
405,2,47,124,Mobile,Instagram,6,20,0
2502,29,82,356,Mobile,Organic,17,0,1
3314,33,55,346,Mobile,Email,19,29,1
85,10,96,282,Desktop,Organic,6,46,0
274,34,99,237,Tablet,Instagram,15,33,0
2512,8,87,333,Desktop,Organic,3,47,0
1829,37,9,17,Tablet,Facebook,12,38,1
727,33,51,424,Desktop,Instagram,9,45,1
2792,6,49,324,Tablet,Instagram,1,22,0
3465,19,33,23,Mobile,GoogleAds,18,33,1
860,32,35,419,Tablet,Email,13,29,1
3587,27,60,459,Mobile,Instagram,5,49,1
1400,1,99,460,Tablet,Organic,12,32,1
153,33,15,9,Desktop,Facebook,11,15,0
894,32,78,207,Tablet,Organic,11,40,1
3150,5,17,45,Desktop,Organic,11,29,1
3180,17,70,421,Desktop,Facebook,10,2,1
405,8,46,453,Mobile,GoogleAds,13,44,0
3106,34,85,403,Tablet,Email,3,1,0
3005,9,31,331,Desktop,Instagram,12,25,1
2948,23,42,457,Tablet,Email,7,17,1
1502,35,82,483,Mobile,GoogleAds,2,1,0
3565,7,39,498,Mobile,Facebook,13,39,1
3232,15,64,27,Tablet,Email,18,2,1
1177,20,34,397,Desktop,Organic,17,16,1
2626,25,68,441,Desktop,Instagram,10,23,1
1072,3,49,188,Desktop,Instagram,12,1,1
2166,24,11,140,Tablet,GoogleAds,5,5,1
1075,34,75,9,Desktop,GoogleAds,17,39,1
1219,22,84,234,Desktop,Facebook,19,25,1
2992,11,57,92,Desktop,GoogleAds,0,48,0
2455,8,82,77,Mobile,Email,1,5,0
3304,39,62,340,Desktop,Instagram,6,11,1
643,35,72,244,Tablet,Facebook,4,20,1
1166,38,48,333,Tablet,GoogleAds,18,15,1
3244,8,35,155,Desktop,Organic,1,5,0
1248,37,53,218,Tablet,Instagram,2,33,0
742,27,46,447,Tablet,Facebook,19,2,1
244,28,31,477,Desktop,Instagram,9,40,0
2715,34,98,285,Mobile,Email,9,18,1
760,32,94,150,Desktop,GoogleAds,7,28,1
2645,15,52,329,Tablet,GoogleAds,8,31,1
3090,17,31,88,Tablet,GoogleAds,1,9,0
3155,33,61,106,Desktop,Organic,2,26,0
963,16,36,403,Tablet,Email,15,28,1
2549,29,95,294,Mobile,Organic,3,12,0
2970,9,37,95,Desktop,Email,5,19,1
3334,33,29,253,Tablet,Email,12,27,1
3311,29,57,39,Mobile,Email,5,26,1
1552,13,31,399,Tablet,GoogleAds,9,12,1
1207,21,65,255,Mobile,GoogleAds,16,24,1
1686,21,50,54,Tablet,GoogleAds,7,28,1
1201,5,10,416,Desktop,Organic,8,14,1
2227,10,58,243,Tablet,Facebook,1,44,0
1426,6,19,110,Desktop,Email,16,44,1
3003,13,36,254,Mobile,Organic,19,29,1
2852,1,72,112,Mobile,GoogleAds,10,37,1
2691,20,48,174,Tablet,GoogleAds,17,31,1
1227,8,18,189,Desktop,Facebook,2,49,0
1550,10,54,221,Desktop,GoogleAds,8,6,1
2086,9,39,249,Mobile,Email,7,34,1
3246,3,6,52,Mobile,Instagram,6,32,1
1455,11,4,162,Tablet,GoogleAds,6,11,1
2396,12,41,457,Mobile,Facebook,7,22,1
1529,10,87,35,Mobile,Instagram,19,4,1
1398,25,47,454,Desktop,Email,4,42,1
1866,25,6,37,Desktop,Email,2,43,0
1375,11,10,334,Desktop,Email,18,30,1
509,36,72,317,Mobile,Facebook,1,15,0
1690,39,48,111,Tablet,Instagram,13,32,1
520,26,29,370,Tablet,Email,1,49,0
3408,14,40,177,Mobile,GoogleAds,9,0,1
226,39,2,9,Tablet,Instagram,19,21,0
1334,1,85,275,Mobile,Email,9,27,1
1165,4,39,471,Tablet,Instagram,16,4,1
1837,30,50,121,Mobile,GoogleAds,1,3,0
3151,12,83,105,Desktop,Organic,0,0,0
3333,35,31,156,Tablet,Email,17,14,1
3496,13,47,336,Desktop,GoogleAds,3,36,0
1820,31,70,26,Desktop,Facebook,0,38,0
2502,38,70,422,Tablet,Email,16,48,1
2933,23,19,296,Mobile,Organic,2,37,0
1215,4,88,25,Desktop,GoogleAds,1,44,0
2224,16,34,355,Desktop,GoogleAds,17,23,1
100,7,23,374,Mobile,Instagram,3,22,0
723,22,39,69,Mobile,Email,2,46,0
1891,29,76,327,Tablet,Organic,11,6,1
48,11,51,151,Tablet,Facebook,15,30,0
3207,33,38,345,Mobile,Instagram,10,6,1
3532,29,67,65,Desktop,Email,9,12,1
182,39,60,150,Mobile,Organic,18,3,0
662,12,75,320,Tablet,Instagram,9,17,1
763,7,80,245,Desktop,Organic,2,39,0
1253,39,64,452,Desktop,Organic,5,18,1
1091,26,61,58,Tablet,Instagram,13,15,1
1693,9,80,156,Desktop,Instagram,11,17,1
2533,34,1,112,Mobile,Email,7,15,1
465,13,5,123,Tablet,Instagram,1,47,0
838,36,74,462,Desktop,Email,8,30,1
904,25,42,353,Tablet,Organic,13,24,1
1394,24,81,452,Desktop,Instagram,0,1,0
1968,17,39,362,Mobile,Email,2,45,0
3082,2,88,203,Tablet,Email,19,27,1
2444,13,38,487,Desktop,Facebook,5,15,1
2006,31,27,480,Mobile,Email,19,35,1
2405,29,79,4,Mobile,Email,12,44,1
199,28,62,129,Mobile,Facebook,10,39,0
514,27,63,26,Desktop,GoogleAds,14,34,0
1224,15,11,289,Desktop,Instagram,17,23,1
1541,31,40,465,Mobile,Facebook,18,34,1
3450,15,28,27,Mobile,Email,18,29,1
3490,33,22,42,Mobile,Email,5,36,1
833,20,84,453,Mobile,Instagram,14,10,1
938,12,79,71,Mobile,Organic,13,44,1
943,37,50,64,Desktop,Facebook,4,33,1
1150,9,44,25,Tablet,GoogleAds,10,37,1
143,23,89,72,Tablet,Instagram,19,38,0
2115,8,21,482,Tablet,Instagram,12,23,1
694,32,9,361,Desktop,Facebook,12,28,1
2729,14,6,388,Tablet,Email,3,3,0
2230,27,72,268,Tablet,Email,8,40,1
1862,25,88,314,Tablet,GoogleAds,12,49,1
824,13,14,95,Tablet,Facebook,7,29,1
1182,21,76,395,Mobile,Instagram,19,13,1
89,31,45,357,Desktop,Facebook,10,23,0
2943,37,89,364,Tablet,Organic,18,37,1
3294,5,84,315,Mobile,Instagram,0,33,0
212,13,86,117,Tablet,GoogleAds,8,35,0
2821,28,60,164,Tablet,GoogleAds,1,14,0
1262,25,91,365,Tablet,Instagram,3,34,0
1709,35,60,278,Tablet,Email,3,28,0
1260,39,50,65,Tablet,Instagram,0,35,0
1692,7,37,306,Mobile,Instagram,17,3,1
1565,38,11,260,Tablet,Organic,13,14,1
3522,32,87,228,Mobile,Instagram,12,10,1
3483,3,76,200,Tablet,Facebook,7,48,1
2104,39,65,473,Desktop,Facebook,5,14,1
1266,37,53,220,Mobile,GoogleAds,16,20,1
3386,22,38,180,Tablet,Email,10,34,1
1559,8,75,358,Mobile,GoogleAds,14,22,1
1176,17,38,228,Tablet,Organic,6,9,1
3496,27,77,484,Tablet,Instagram,7,3,1
3594,33,29,252,Mobile,GoogleAds,10,44,1
1406,17,47,299,Tablet,Instagram,1,24,0
3340,12,82,361,Tablet,GoogleAds,19,1,1
2713,27,30,430,Tablet,Instagram,10,37,1
480,8,24,4,Tablet,GoogleAds,13,18,0
3028,23,67,141,Tablet,Facebook,12,23,1
1045,29,50,166,Tablet,Organic,7,7,1
1363,20,12,254,Mobile,GoogleAds,11,5,1
2793,16,99,429,Desktop,Facebook,8,19,1
2841,17,62,153,Tablet,Email,9,13,1
977,16,41,67,Mobile,GoogleAds,10,39,1
367,19,53,55,Desktop,Instagram,10,5,0
3029,8,66,96,Mobile,Organic,15,11,1
3489,38,79,167,Desktop,Facebook,17,40,1
677,38,89,321,Desktop,Facebook,8,6,1
382,29,55,331,Desktop,Organic,2,44,0
1041,36,18,386,Mobile,GoogleAds,3,29,0
1155,26,45,453,Desktop,Instagram,19,15,1
1381,31,14,376,Tablet,Email,18,7,1
2733,12,31,342,Tablet,GoogleAds,9,13,1
99,17,48,62,Desktop,Organic,12,47,0
2755,15,20,174,Desktop,GoogleAds,0,19,0
3397,9,64,253,Tablet,GoogleAds,11,27,1
3259,39,69,461,Mobile,Organic,10,5,1
549,12,26,112,Mobile,Organic,4,29,0
2789,32,22,215,Tablet,Email,1,3,0
878,25,46,239,Mobile,Organic,16,35,1
50,39,94,415,Mobile,Organic,16,2,0
749,18,11,227,Desktop,Organic,19,9,1
1956,15,84,230,Mobile,Facebook,14,37,1
2559,32,65,233,Tablet,Organic,3,26,0
3016,6,4,163,Mobile,Organic,10,17,1
3226,35,8,126,Desktop,Organic,0,44,0
1234,34,19,429,Tablet,Email,9,10,1
938,38,81,253,Tablet,GoogleAds,17,35,1
2046,5,62,333,Tablet,Organic,14,39,1
2518,18,85,438,Desktop,Organic,18,34,1
2789,16,71,199,Tablet,Email,3,43,0
2809,8,97,197,Desktop,GoogleAds,5,12,1
934,25,72,122,Desktop,Email,1,22,0
2966,32,70,413,Mobile,Instagram,12,42,1
1591,26,29,456,Tablet,Instagram,1,8,0
3334,22,81,264,Mobile,Instagram,12,3,1
399,31,90,54,Mobile,Organic,14,42,0
1627,10,15,135,Desktop,Email,17,39,1
2940,12,84,339,Mobile,Organic,10,49,1
265,28,4,359,Mobile,Instagram,4,30,0
718,6,28,151,Mobile,GoogleAds,13,2,1
1848,20,46,100,Tablet,GoogleAds,15,35,1
1954,5,21,234,Mobile,Email,13,16,1
2507,23,77,32,Desktop,GoogleAds,8,15,1
19,9,56,62,Tablet,Instagram,5,38,0
2881,29,82,429,Desktop,Email,8,1,1
807,16,34,196,Tablet,Email,4,4,1
3323,22,87,30,Tablet,Instagram,10,32,1
3332,8,59,243,Tablet,Instagram,11,12,1
886,20,69,106,Desktop,Instagram,16,11,1
1038,14,59,295,Mobile,Instagram,5,18,1
3200,39,57,133,Tablet,Email,19,21,1
1025,37,2,451,Desktop,GoogleAds,5,39,1
1834,34,33,22,Tablet,Instagram,14,7,1
383,11,44,156,Mobile,Facebook,16,43,0
3146,33,49,406,Tablet,Email,2,3,0
2203,31,1,384,Desktop,Organic,18,6,1
233,34,14,214,Tablet,GoogleAds,1,47,0
1272,7,36,226,Desktop,Email,8,21,1
2234,23,14,285,Mobile,Instagram,8,17,1
1812,7,59,171,Mobile,Facebook,6,5,1
862,25,95,42,Tablet,Organic,15,49,1
3363,3,84,60,Mobile,GoogleAds,5,3,1
72,38,63,375,Desktop,Instagram,8,40,0
1250,20,80,77,Tablet,Email,12,44,1
2884,34,97,455,Desktop,Email,1,11,0
2852,30,95,202,Tablet,GoogleAds,13,47,1
698,17,51,220,Desktop,Facebook,4,36,1
1494,10,22,452,Tablet,Instagram,10,1,1
1643,35,98,187,Desktop,GoogleAds,14,2,1
2162,20,36,96,Desktop,GoogleAds,5,44,1
3180,18,40,342,Tablet,Email,5,20,1
520,27,56,212,Desktop,GoogleAds,15,38,0
394,36,96,368,Mobile,Organic,19,12,0
414,23,24,340,Desktop,Organic,3,47,0
2880,32,36,262,Tablet,Instagram,4,13,1
527,10,39,329,Mobile,GoogleAds,5,29,0
485,11,84,412,Mobile,Email,12,17,0
2010,38,45,77,Desktop,Instagram,13,12,1
2766,6,59,31,Desktop,Facebook,12,13,1
1678,34,97,39,Desktop,Email,9,40,1
1903,36,18,306,Mobile,Facebook,16,39,1
2828,37,90,334,Mobile,Instagram,17,24,1
1470,17,8,214,Mobile,Organic,6,36,1
3104,12,68,126,Tablet,Email,3,26,0
3054,21,4,165,Tablet,Email,15,22,1
2734,19,88,246,Desktop,Instagram,9,6,1
723,3,25,109,Tablet,Email,19,47,1
3539,18,18,88,Tablet,Email,18,9,1
92,19,29,200,Desktop,Instagram,2,24,0
1178,6,99,271,Desktop,GoogleAds,18,34,1
3166,16,47,51,Mobile,Instagram,12,23,1
3159,8,15,489,Mobile,Email,7,48,1
2514,18,70,198,Desktop,Instagram,17,41,1
1911,39,17,23,Desktop,Email,18,10,1
2058,12,55,153,Tablet,Facebook,17,19,1
60,10,20,223,Tablet,Facebook,18,9,0
694,7,30,430,Tablet,Organic,3,49,0
726,1,0,221,Desktop,Instagram,12,20,1
1479,36,2,151,Desktop,Instagram,11,27,1
458,21,94,266,Mobile,Facebook,14,27,0
890,37,24,73,Tablet,Facebook,14,26,1
497,24,7,369,Mobile,Facebook,9,32,0
1833,25,64,77,Desktop,Organic,18,3,1
2091,7,61,32,Tablet,Organic,7,34,1
3429,17,6,369,Mobile,GoogleAds,18,19,1
2152,29,6,435,Desktop,Instagram,8,5,1
3153,30,7,493,Mobile,Organic,6,5,1
1584,7,18,425,Tablet,Email,7,16,1
2211,33,16,65,Mobile,Instagram,8,18,1
259,7,10,449,Mobile,GoogleAds,16,48,0
683,24,48,357,Desktop,Facebook,14,16,1
447,11,10,424,Tablet,GoogleAds,15,48,0
2175,9,40,18,Mobile,Instagram,6,2,1
780,12,61,164,Desktop,Facebook,9,45,1
3387,35,51,287,Tablet,GoogleAds,18,33,1
277,4,65,54,Desktop,GoogleAds,5,3,0
1994,36,67,63,Tablet,Instagram,11,22,1
1087,28,91,257,Desktop,Organic,14,17,1
245,13,96,239,Desktop,Email,9,33,0
398,23,74,436,Desktop,GoogleAds,17,28,0
3047,19,66,484,Mobile,Email,3,43,0
772,37,39,441,Mobile,Instagram,10,14,1
1858,39,4,9,Desktop,Instagram,4,44,1
2458,24,84,470,Tablet,Organic,12,10,1
633,16,21,120,Desktop,Facebook,9,38,1
2824,33,36,348,Mobile,Email,6,8,1
3384,12,10,90,Tablet,GoogleAds,10,46,1
2976,34,43,372,Mobile,Facebook,3,34,0
3288,7,85,458,Desktop,Email,3,9,0
1262,11,52,312,Mobile,Email,4,39,1
2910,31,76,175,Mobile,Facebook,8,37,1
587,29,60,3,Mobile,Facebook,0,28,0
2132,13,66,130,Desktop,Organic,15,45,1
444,31,12,54,Mobile,GoogleAds,4,5,0
2160,2,91,293,Desktop,GoogleAds,4,18,1
3503,39,10,184,Desktop,GoogleAds,6,25,1
773,15,10,415,Mobile,Facebook,7,8,1
2795,11,84,353,Tablet,Organic,18,40,1
2863,34,84,224,Mobile,Instagram,0,47,0
1339,39,6,491,Mobile,Organic,17,44,1
2155,4,16,12,Mobile,Facebook,10,12,1
2855,11,47,442,Tablet,Organic,15,25,1
1368,29,13,195,Tablet,Facebook,10,43,1
2916,2,62,247,Desktop,Email,8,19,1
2492,16,63,368,Tablet,Email,6,1,1
456,39,96,154,Tablet,Instagram,14,3,0
2027,13,74,78,Mobile,Email,10,6,1
1341,37,76,140,Desktop,Instagram,18,18,1
258,17,64,90,Desktop,GoogleAds,6,34,0
175,21,33,144,Tablet,Facebook,15,10,0
3562,19,8,437,Tablet,GoogleAds,2,18,0
3041,7,76,72,Mobile,GoogleAds,15,31,1
1368,38,36,433,Tablet,Instagram,7,13,1
1029,8,29,177,Tablet,Facebook,9,48,1
551,13,40,348,Desktop,Instagram,8,4,0
768,37,44,263,Tablet,Organic,2,24,0
3187,2,46,271,Mobile,GoogleAds,6,13,1
2138,11,6,105,Desktop,Facebook,7,38,1
2190,24,13,420,Desktop,GoogleAds,2,11,0
806,6,47,72,Tablet,Organic,15,48,1
2957,26,5,74,Mobile,Organic,13,19,1
147,7,33,143,Desktop,Facebook,6,17,0
2241,39,79,62,Mobile,Facebook,3,0,0
3482,19,99,146,Mobile,Organic,5,42,1
1363,6,45,46,Tablet,GoogleAds,6,3,1
2842,29,58,229,Mobile,Email,11,11,1
3589,39,69,105,Desktop,GoogleAds,6,25,1
1885,2,7,109,Tablet,Email,0,31,0
3041,19,23,317,Desktop,Instagram,17,36,1
78,4,66,121,Mobile,Facebook,10,14,0
2603,6,3,499,Mobile,Organic,10,34,1
2110,37,95,43,Tablet,Instagram,16,25,1
1483,28,0,428,Tablet,GoogleAds,11,14,1
214,30,33,99,Desktop,Email,18,7,0
2183,7,8,194,Desktop,Facebook,17,27,1
52,9,62,311,Mobile,Email,12,29,0
1916,25,75,214,Tablet,GoogleAds,9,42,1
2168,33,9,463,Mobile,GoogleAds,18,43,1
770,1,9,229,Mobile,Organic,3,2,0
3264,6,49,423,Desktop,Instagram,14,5,1
2905,18,43,484,Desktop,Facebook,17,30,1
2152,10,47,389,Desktop,Organic,0,25,0
2004,28,86,185,Tablet,Email,18,7,1
3455,11,5,112,Desktop,Instagram,1,38,0
1945,33,87,399,Tablet,Facebook,9,28,1
909,1,23,347,Mobile,Email,17,16,1
369,13,84,272,Tablet,Facebook,3,15,0
2957,37,94,313,Desktop,Facebook,9,48,1
1729,20,57,484,Tablet,Instagram,3,44,0
290,1,63,102,Tablet,Email,17,3,0
3276,3,93,210,Desktop,Organic,19,9,1
1897,18,55,227,Desktop,Organic,3,15,0
3276,14,97,281,Mobile,Organic,14,18,1
676,31,81,22,Tablet,Facebook,17,38,1
102,27,11,248,Mobile,GoogleAds,8,49,0
681,17,34,159,Mobile,Instagram,19,12,1
1979,29,70,379,Tablet,Organic,16,3,1
70,36,88,229,Mobile,Instagram,2,31,0
2691,37,5,418,Tablet,Facebook,12,17,1
3132,26,64,343,Mobile,Instagram,6,15,1
3484,17,79,400,Mobile,Organic,13,24,1
1038,22,59,454,Tablet,Organic,5,49,1
1499,25,67,187,Desktop,Facebook,13,15,1
613,2,28,143,Tablet,Facebook,13,21,1
691,22,37,338,Desktop,Email,13,23,1
2591,5,91,358,Tablet,Facebook,19,27,1
1438,4,21,397,Tablet,GoogleAds,17,22,1
2895,36,7,24,Desktop,GoogleAds,8,20,1
3594,6,62,141,Desktop,Organic,11,8,1
2702,21,95,449,Tablet,Facebook,13,1,1
2290,13,96,240,Tablet,GoogleAds,15,37,1
533,37,12,292,Tablet,GoogleAds,1,27,0
2403,25,26,305,Desktop,Email,15,25,1
3127,26,17,82,Tablet,Facebook,17,26,1
2603,39,17,48,Desktop,Email,8,24,1
1978,20,76,353,Mobile,Instagram,7,20,1
1111,33,85,358,Desktop,Email,0,37,0
1763,14,61,171,Mobile,Instagram,4,24,1
1846,36,13,262,Tablet,Instagram,6,37,1
3154,17,10,465,Tablet,Facebook,9,45,1
2851,21,85,68,Desktop,Instagram,10,10,1
2306,16,99,14,Mobile,Instagram,11,27,1
2104,16,16,30,Tablet,Email,0,48,0
1154,20,50,110,Tablet,Facebook,5,35,1
2271,29,95,212,Mobile,Facebook,3,3,0
2296,28,13,264,Tablet,Instagram,2,18,0
1089,8,56,438,Tablet,Email,3,23,0
2407,24,92,322,Desktop,Email,5,21,1
116,3,5,485,Tablet,Email,4,47,0
2888,25,56,388,Mobile,Email,8,24,1
57,19,3,202,Tablet,Organic,3,7,0
346,33,10,84,Desktop,Instagram,13,19,0
1059,2,73,444,Tablet,Instagram,14,0,1
2861,15,91,376,Mobile,Instagram,3,3,0
1290,22,10,53,Tablet,Facebook,13,11,1
2065,10,98,355,Mobile,Facebook,9,24,1
634,18,78,496,Desktop,Email,6,20,1
1900,22,7,256,Tablet,Facebook,17,18,1
1286,27,83,74,Tablet,GoogleAds,19,33,1
1725,13,58,220,Desktop,Instagram,14,5,1
2776,33,20,143,Mobile,Instagram,7,34,1
312,5,64,100,Mobile,Organic,8,2,0
648,26,92,129,Tablet,Organic,4,32,1
65,13,23,406,Mobile,GoogleAds,5,8,0
735,27,29,219,Mobile,Organic,11,6,1
535,14,98,477,Tablet,Email,6,40,0
483,24,96,271,Mobile,Email,6,26,0
37,3,83,458,Mobile,Instagram,14,0,0
2135,30,56,468,Tablet,Email,18,39,1
3297,35,79,22,Tablet,Organic,12,17,1
3467,14,72,178,Mobile,GoogleAds,17,34,1
374,12,94,48,Tablet,Email,9,16,0
2723,28,16,117,Mobile,Instagram,7,38,1
535,29,58,329,Mobile,Instagram,10,10,0
2756,17,30,376,Mobile,Organic,7,36,1
1345,21,63,179,Mobile,Email,7,44,1
892,23,47,480,Tablet,Organic,14,10,1
1040,20,22,273,Tablet,Instagram,1,2,0
1036,11,69,362,Desktop,GoogleAds,19,12,1
1656,34,29,339,Tablet,Email,12,27,1
928,10,54,360,Desktop,GoogleAds,17,37,1
2807,10,6,347,Mobile,Email,11,46,1
2420,6,74,179,Tablet,Instagram,7,33,1
1784,36,97,421,Mobile,Email,16,27,1
1541,24,11,482,Desktop,Instagram,5,1,1
3355,12,59,495,Tablet,Facebook,15,45,1
3587,23,51,49,Tablet,Instagram,13,1,1
2863,27,26,315,Tablet,Instagram,9,36,1
2796,37,11,394,Tablet,Email,1,15,0
1916,6,12,255,Mobile,GoogleAds,12,7,1
3096,1,71,30,Tablet,Instagram,0,39,0
1225,6,79,85,Desktop,Email,17,10,1
1664,22,61,277,Tablet,Instagram,13,44,1
494,24,28,34,Desktop,Organic,2,14,0
2085,25,34,329,Desktop,Organic,14,3,1
723,15,59,98,Mobile,Organic,8,22,1
1072,26,28,434,Tablet,Organic,12,7,1
1986,8,30,76,Desktop,GoogleAds,4,15,1
1306,24,76,175,Tablet,Instagram,4,15,1
1264,38,75,341,Mobile,Organic,1,23,0
2143,6,60,249,Mobile,Email,0,9,0
3555,35,1,340,Tablet,Organic,16,33,1
135,1,32,134,Desktop,Facebook,18,17,0
2869,36,71,178,Mobile,Facebook,16,15,1
546,12,61,365,Desktop,GoogleAds,8,35,0
2202,38,58,228,Desktop,Facebook,9,7,1
3293,11,39,63,Tablet,Email,14,19,1
2082,12,48,268,Mobile,Organic,12,22,1
1613,39,31,425,Tablet,Facebook,16,39,1
3475,7,37,415,Tablet,Facebook,6,13,1
76,11,91,258,Tablet,GoogleAds,3,15,0
242,36,78,144,Desktop,Facebook,2,37,0
2166,31,86,385,Tablet,Organic,0,17,0
1179,33,87,388,Mobile,Instagram,6,39,1
2168,13,12,303,Desktop,Organic,4,29,1
2285,18,84,449,Tablet,Facebook,16,35,1
120,24,53,52,Mobile,Facebook,16,35,0
1503,9,75,303,Tablet,Facebook,14,38,1
2091,31,12,99,Tablet,GoogleAds,2,39,0
632,10,38,461,Tablet,Email,2,40,0
3450,2,22,306,Desktop,Organic,1,0,0
2805,38,91,45,Tablet,Facebook,7,16,1
2652,15,13,42,Mobile,Instagram,12,27,1
2482,3,16,479,Tablet,GoogleAds,5,6,1
2670,31,23,468,Tablet,Email,4,19,1
1551,6,57,440,Desktop,Facebook,12,41,1
2749,3,62,327,Tablet,Organic,0,23,0
1315,11,33,57,Mobile,Instagram,17,0,1
3401,15,50,488,Mobile,GoogleAds,6,17,1
1771,28,85,33,Tablet,Organic,16,25,1
3524,10,9,412,Mobile,Organic,7,13,1
1985,38,71,114,Mobile,GoogleAds,18,18,1
2372,7,20,300,Tablet,Organic,15,17,1
886,15,36,114,Mobile,Instagram,13,44,1
1999,18,6,56,Mobile,Instagram,19,6,1
3458,18,89,44,Tablet,Organic,9,1,1
1322,24,12,212,Desktop,Facebook,1,6,0
1470,2,79,352,Desktop,Organic,15,27,1
2719,20,29,329,Tablet,Facebook,12,27,1
2334,34,30,34,Desktop,Organic,4,41,1
1743,26,4,270,Desktop,Email,17,16,1
1615,7,31,196,Desktop,Instagram,19,29,1
1536,38,15,413,Desktop,Organic,10,20,1
2681,30,72,125,Tablet,Instagram,4,36,1
2573,5,21,79,Desktop,GoogleAds,12,8,1
3431,11,63,255,Desktop,Email,0,35,0
2900,1,43,145,Tablet,Facebook,5,21,1
3527,34,39,83,Tablet,GoogleAds,10,14,1
2407,1,36,230,Desktop,Email,9,13,1
1640,19,77,137,Mobile,GoogleAds,0,26,0
2880,2,15,27,Tablet,Instagram,15,17,1
1170,21,42,177,Tablet,Email,12,9,1
768,20,83,207,Desktop,GoogleAds,15,47,1
2956,23,62,421,Mobile,Facebook,14,21,1
252,21,14,412,Tablet,Email,6,22,0
2600,24,43,306,Tablet,Email,13,41,1
1073,4,89,311,Tablet,GoogleAds,10,40,1
238,12,8,388,Mobile,Organic,12,47,0
2605,22,64,213,Tablet,Facebook,4,4,1
929,20,98,354,Tablet,Facebook,17,24,1
1256,18,43,403,Mobile,GoogleAds,2,0,0
15,1,19,37,Tablet,Instagram,11,23,0
3403,30,69,388,Mobile,Instagram,6,32,1
477,33,73,293,Mobile,Organic,19,36,0
1765,24,32,179,Mobile,Organic,14,6,1
84,14,79,160,Desktop,GoogleAds,0,23,0
13,36,99,429,Tablet,Instagram,18,14,0
1880,5,5,368,Tablet,Facebook,9,10,1
655,11,82,12,Tablet,Instagram,13,43,1
127,24,30,169,Mobile,GoogleAds,14,16,0
2938,31,65,312,Desktop,Instagram,1,48,0
1639,13,17,80,Mobile,Email,16,22,1
2561,16,27,14,Tablet,GoogleAds,9,48,1
2031,24,67,54,Mobile,Email,4,3,1
956,13,64,447,Desktop,GoogleAds,5,30,1
2631,24,79,254,Tablet,Facebook,5,33,1
1474,26,44,65,Mobile,GoogleAds,5,9,1
203,2,57,372,Desktop,GoogleAds,13,36,0
856,16,46,58,Mobile,GoogleAds,12,9,1
2772,38,65,96,Mobile,GoogleAds,12,41,1
1425,1,51,21,Tablet,Organic,9,10,1
3107,11,35,260,Desktop,Email,15,30,1
1468,35,0,73,Mobile,GoogleAds,6,9,1
2230,29,38,248,Desktop,GoogleAds,2,42,0
3381,37,86,127,Tablet,Organic,14,37,1
1678,17,89,499,Tablet,Instagram,4,41,1
2383,39,74,46,Tablet,Organic,7,7,1
1443,28,0,470,Desktop,Organic,4,10,1
1151,29,74,268,Desktop,Organic,1,19,0
2893,3,87,128,Mobile,GoogleAds,18,23,1
1820,10,73,30,Desktop,Organic,10,6,1
733,14,13,94,Tablet,Organic,10,20,1
234,12,77,224,Mobile,Organic,2,43,0
541,30,70,316,Desktop,GoogleAds,12,5,0
122,32,22,100,Tablet,Facebook,19,30,0
2197,32,42,71,Tablet,Facebook,18,11,1
568,32,21,81,Mobile,Instagram,14,36,0
2058,26,59,449,Tablet,GoogleAds,5,12,1
2147,1,99,398,Desktop,Organic,12,48,1
663,2,26,367,Tablet,Organic,17,30,1
329,17,55,300,Mobile,Organic,17,8,0
1583,30,1,108,Tablet,Facebook,0,26,0
1838,39,38,102,Tablet,Organic,10,16,1
1927,7,50,410,Desktop,Organic,15,7,1
148,27,18,91,Desktop,Facebook,0,26,0
3592,9,61,365,Desktop,Organic,18,39,1
2902,22,70,16,Desktop,Instagram,7,14,1
2036,34,75,110,Tablet,Email,18,38,1
2316,1,66,263,Desktop,Instagram,15,5,1
911,9,62,160,Tablet,GoogleAds,2,31,0
699,20,4,253,Desktop,Instagram,1,47,0
2049,19,71,89,Desktop,Instagram,11,7,1
19,36,77,95,Desktop,Facebook,9,34,0
270,4,60,272,Tablet,GoogleAds,1,30,0
1952,9,99,247,Desktop,Instagram,4,41,1
1683,22,70,361,Tablet,Email,4,25,1
2229,18,6,378,Desktop,Instagram,5,41,1
2955,12,49,206,Desktop,Organic,2,23,0
2070,39,45,345,Mobile,Facebook,9,1,1
1201,9,95,318,Desktop,Organic,4,40,1
1629,6,71,286,Tablet,GoogleAds,19,0,1
330,19,75,248,Mobile,GoogleAds,4,9,0
1352,7,73,455,Tablet,Facebook,14,49,1
1646,16,13,396,Tablet,Instagram,16,22,1
2386,5,72,67,Mobile,GoogleAds,16,32,1
2842,16,93,475,Desktop,Email,17,43,1
2834,1,68,46,Mobile,Facebook,9,36,1
2004,37,64,467,Tablet,Organic,6,10,1
2968,39,64,43,Desktop,Email,10,19,1
1953,19,56,229,Mobile,Facebook,13,25,1
2048,37,61,439,Tablet,Email,8,45,1
3500,17,19,301,Desktop,Facebook,16,46,1
1128,26,74,444,Tablet,Organic,1,1,0
1614,22,25,234,Desktop,Instagram,16,24,1
2375,8,43,199,Desktop,Facebook,16,3,1
245,33,66,497,Mobile,GoogleAds,19,18,0
1979,2,69,336,Desktop,Organic,9,12,1
343,30,61,32,Tablet,Organic,11,18,0
1918,20,44,264,Desktop,Email,11,12,1
385,18,10,113,Tablet,GoogleAds,14,11,0
3540,10,71,461,Desktop,Email,8,1,1
1170,24,92,318,Desktop,Organic,17,36,1
2645,4,73,459,Mobile,Facebook,15,49,1
1580,37,33,276,Desktop,GoogleAds,6,22,1
2570,4,87,146,Desktop,Organic,13,18,1
1329,13,45,357,Tablet,GoogleAds,3,2,0
3401,25,80,6,Tablet,Facebook,2,23,0
2975,13,31,340,Tablet,Instagram,11,22,1
1865,18,74,480,Desktop,Email,15,3,1
1382,24,97,494,Tablet,Email,3,17,0
882,2,87,108,Tablet,Organic,3,11,0
1262,33,4,413,Desktop,Organic,2,34,0
2327,19,62,260,Tablet,Facebook,8,26,1
1861,9,28,71,Mobile,Organic,13,42,1
2855,28,47,427,Mobile,Organic,11,13,1
1324,35,97,340,Tablet,Organic,9,30,1
734,39,15,162,Tablet,GoogleAds,13,2,1
3246,10,24,100,Tablet,GoogleAds,11,4,1
2062,1,71,327,Desktop,Instagram,11,28,1
2908,21,28,33,Mobile,GoogleAds,1,38,0
3460,9,51,143,Mobile,Email,18,16,1
87,15,45,244,Tablet,Instagram,12,18,0
3491,35,24,224,Tablet,Organic,9,34,1
2631,5,22,214,Desktop,Email,0,32,0
141,22,33,120,Desktop,Instagram,0,7,0
610,23,66,168,Mobile,Instagram,7,36,1
1782,7,93,349,Desktop,Email,5,34,1
1075,23,33,217,Mobile,Instagram,19,19,1
2146,25,31,389,Tablet,Email,2,16,0
2459,27,28,462,Tablet,Instagram,12,44,1
2353,6,8,434,Mobile,Instagram,11,12,1
1873,34,65,355,Tablet,Instagram,19,3,1
1328,9,56,322,Desktop,Email,15,49,1
625,33,38,217,Tablet,Instagram,10,29,1
2857,6,6,54,Tablet,GoogleAds,3,5,0
2479,37,68,208,Mobile,GoogleAds,7,1,1
1898,31,7,430,Desktop,GoogleAds,6,14,1
1056,34,95,80,Desktop,GoogleAds,15,33,1
584,29,17,395,Tablet,GoogleAds,11,19,0
2200,14,81,380,Tablet,Organic,5,15,1
1002,36,48,433,Desktop,Instagram,5,42,1
2722,36,15,483,Desktop,Facebook,10,48,1
2202,15,20,151,Mobile,Organic,11,28,1
1258,8,9,55,Tablet,Email,15,26,1
3064,26,3,5,Tablet,Organic,15,0,1
512,36,43,448,Desktop,Facebook,15,12,0
2007,21,7,35,Mobile,Organic,3,39,0
830,28,54,349,Desktop,Instagram,11,31,1
2161,4,18,495,Tablet,GoogleAds,4,2,1
3120,16,63,119,Tablet,Instagram,8,13,1
1980,22,39,197,Tablet,Organic,17,27,1
207,12,50,54,Tablet,Facebook,8,45,0
1679,16,8,259,Mobile,Email,15,25,1
2636,38,29,262,Tablet,Instagram,0,20,0
2448,37,55,343,Desktop,Facebook,4,45,1
1212,29,80,366,Mobile,Email,18,10,1
2611,18,43,312,Mobile,GoogleAds,2,26,0
1481,10,58,2,Tablet,Instagram,0,43,0
3581,39,14,82,Mobile,Instagram,13,0,1
3096,18,67,350,Tablet,GoogleAds,17,32,1
1656,1,69,422,Mobile,GoogleAds,7,45,1
1702,39,60,440,Mobile,Organic,13,17,1
1322,21,79,5,Desktop,Email,19,1,1
2045,1,89,174,Desktop,Facebook,19,3,1
487,15,22,497,Desktop,GoogleAds,12,49,0
1264,4,76,139,Mobile,Organic,15,3,1
932,20,46,193,Desktop,Email,8,16,1
429,10,16,138,Desktop,Email,6,47,0
2214,23,56,297,Desktop,Instagram,2,15,0
2607,34,53,116,Mobile,Organic,19,8,1
3522,33,90,44,Tablet,Organic,0,25,0
1130,34,51,346,Desktop,Instagram,7,9,1
3078,39,21,289,Mobile,Facebook,13,6,1
3054,10,82,219,Mobile,GoogleAds,12,8,1
3492,20,38,56,Tablet,Instagram,6,47,1
960,1,98,242,Desktop,GoogleAds,12,26,1
2346,13,12,396,Mobile,Organic,6,31,1
1287,1,77,258,Mobile,Instagram,19,48,1
2253,5,94,1,Mobile,Facebook,19,22,1
2655,16,65,449,Tablet,GoogleAds,4,26,1
1867,15,51,377,Desktop,GoogleAds,3,24,0
526,28,13,381,Mobile,GoogleAds,3,28,0
1668,31,72,289,Mobile,Organic,5,23,1
1875,23,73,470,Mobile,GoogleAds,13,15,1
2922,17,62,460,Mobile,Email,2,15,0
1151,34,70,103,Desktop,GoogleAds,2,27,0
2863,13,27,292,Desktop,Organic,2,19,0
1942,14,88,149,Mobile,Instagram,3,18,0
3240,11,45,84,Mobile,GoogleAds,8,9,1
824,28,27,420,Mobile,GoogleAds,15,25,1
2285,32,1,26,Tablet,Instagram,18,1,1
1910,35,16,175,Tablet,Email,15,2,1
2273,31,58,223,Tablet,Organic,11,38,1
3005,17,51,129,Mobile,Instagram,5,1,1
2072,9,3,422,Tablet,Organic,19,24,1
3238,10,76,142,Desktop,Instagram,2,44,0
3342,8,81,346,Tablet,Facebook,4,3,1
3238,21,2,302,Mobile,Email,6,14,1
2104,13,36,298,Desktop,Facebook,4,17,1
2381,5,96,135,Mobile,Instagram,8,6,1
2901,6,23,55,Desktop,Instagram,14,26,1
139,30,71,56,Tablet,Organic,19,17,0
3492,31,34,374,Tablet,Instagram,5,6,1
104,17,1,76,Desktop,Organic,7,28,0
2684,11,32,319,Desktop,Organic,19,40,1
2812,20,75,408,Mobile,Instagram,4,43,1
1965,9,85,339,Desktop,Organic,16,32,1
3373,2,76,457,Mobile,Email,9,1,1
803,37,9,355,Desktop,Facebook,0,17,0
1844,1,80,132,Desktop,Instagram,15,45,1
3364,4,61,493,Tablet,Organic,0,22,0
2126,36,42,42,Tablet,Organic,2,5,0
1693,25,68,352,Mobile,Organic,5,42,1
20,3,58,110,Mobile,Organic,16,24,0
3335,9,8,70,Mobile,Email,1,18,0
1875,22,76,284,Desktop,Instagram,4,7,1
2929,23,59,126,Desktop,Instagram,10,36,1
2607,12,62,348,Mobile,Email,9,25,1
3215,10,51,296,Desktop,Email,14,28,1
721,34,22,179,Tablet,Email,17,27,1
2080,10,29,413,Desktop,Instagram,16,6,1
824,30,42,298,Tablet,GoogleAds,13,35,1
355,22,67,374,Mobile,Facebook,12,14,0
2359,6,20,197,Desktop,Email,19,32,1
372,2,42,261,Mobile,Email,1,4,0
2453,30,72,101,Tablet,Instagram,11,28,1
2275,2,6,425,Mobile,Instagram,10,16,1
2198,32,15,61,Tablet,Facebook,18,44,1
3015,16,22,183,Tablet,Organic,11,26,1
3291,12,57,412,Mobile,Instagram,3,16,0
994,1,86,297,Tablet,Facebook,9,3,1
3050,8,30,367,Mobile,Instagram,11,48,1
1649,13,68,9,Mobile,Instagram,6,11,1
837,15,5,413,Mobile,Instagram,5,22,1
2740,8,64,206,Tablet,GoogleAds,7,49,1
3541,10,58,422,Tablet,GoogleAds,10,10,1
3061,5,27,318,Desktop,Email,5,35,1
365,19,17,54,Mobile,GoogleAds,2,11,0
3065,38,87,180,Mobile,Facebook,19,8,1
1357,11,76,104,Mobile,Instagram,18,23,1
3214,20,96,126,Mobile,GoogleAds,0,17,0
2945,20,9,34,Mobile,Instagram,3,26,0
1873,21,6,165,Mobile,Organic,18,8,1
136,18,36,433,Mobile,Email,19,32,0
3187,10,95,298,Desktop,GoogleAds,16,5,1
3066,34,44,270,Desktop,Instagram,18,32,1
613,26,85,466,Mobile,Organic,13,39,1
3459,30,15,289,Mobile,Email,9,5,1
1938,9,87,118,Desktop,Email,8,3,1
1023,31,13,354,Desktop,Organic,15,2,1
60,4,10,92,Mobile,GoogleAds,14,12,0
3110,6,82,100,Mobile,GoogleAds,15,25,1
3543,14,86,493,Desktop,Instagram,17,33,1
3377,4,33,496,Desktop,Facebook,9,12,1
3378,26,59,485,Mobile,Instagram,2,46,0
2836,39,12,87,Desktop,Instagram,6,7,1
1440,17,38,234,Mobile,Instagram,6,11,1
1802,19,43,401,Tablet,Organic,19,7,1
2871,6,27,124,Mobile,Email,10,18,1
1646,29,39,203,Mobile,Email,2,40,0
3486,11,15,32,Mobile,Facebook,17,9,1
3427,16,49,357,Desktop,GoogleAds,11,31,1
1655,30,27,463,Mobile,Instagram,16,20,1
2477,25,67,452,Mobile,Organic,8,22,1
1215,11,91,39,Desktop,Organic,4,26,1
3040,7,59,94,Tablet,Instagram,17,24,1
2882,26,11,10,Tablet,Organic,8,6,1
3082,22,15,215,Desktop,Organic,12,41,1
1864,25,52,408,Mobile,Instagram,2,34,0
576,19,53,100,Tablet,Facebook,3,1,0
2428,31,48,244,Tablet,Organic,17,27,1
945,26,35,58,Desktop,Email,19,6,1
1944,36,61,453,Tablet,Email,14,41,1
2718,23,83,357,Tablet,Email,19,39,1
3512,13,25,491,Desktop,Instagram,5,11,1
3026,25,55,320,Tablet,Email,8,16,1
1342,2,89,19,Mobile,GoogleAds,10,21,1
3218,2,21,357,Desktop,Organic,12,8,1
211,16,72,117,Mobile,Facebook,3,2,0
3517,9,68,136,Mobile,Email,14,21,1
2370,28,80,327,Desktop,Instagram,16,35,1
126,13,48,296,Tablet,Facebook,11,38,0
946,35,97,13,Desktop,Instagram,5,17,1
584,13,1,101,Tablet,Facebook,6,16,0
2301,31,52,380,Mobile,Facebook,16,26,1
546,21,6,155,Tablet,Organic,10,34,0
1635,32,99,82,Mobile,Facebook,11,31,1
2132,34,76,88,Mobile,GoogleAds,12,2,1
395,8,19,105,Mobile,GoogleAds,0,12,0
3291,2,93,130,Desktop,GoogleAds,17,16,1
484,38,29,272,Tablet,Instagram,18,17,0
427,32,74,14,Tablet,Organic,10,16,0
2404,28,94,128,Tablet,Instagram,17,47,1
2697,37,66,401,Mobile,Email,9,15,1
948,1,58,60,Desktop,GoogleAds,5,21,1
964,10,65,454,Tablet,Organic,1,24,0
885,4,2,227,Tablet,GoogleAds,4,0,1
772,35,55,17,Desktop,Organic,9,26,1
1212,10,78,45,Tablet,Instagram,14,13,1
1215,11,16,38,Desktop,Instagram,13,27,1
673,14,51,124,Desktop,GoogleAds,5,46,1
34,38,6,360,Tablet,Facebook,13,35,0
2000,12,4,64,Desktop,Organic,13,42,1
1213,17,97,377,Desktop,Email,11,49,1
719,16,96,253,Tablet,Facebook,3,31,0
3582,35,53,262,Mobile,Instagram,11,28,1
1889,2,60,444,Tablet,Organic,16,16,1
1194,11,15,112,Tablet,Facebook,18,27,1
2234,3,66,102,Mobile,Email,15,40,1
294,29,58,49,Desktop,Facebook,17,20,0
72,18,46,277,Tablet,Email,5,23,0
1012,20,47,227,Mobile,Instagram,8,45,1
671,14,63,23,Mobile,Organic,18,34,1
2723,34,49,332,Tablet,Instagram,11,19,1
2213,31,84,185,Tablet,Organic,10,21,1
1502,18,40,64,Mobile,Facebook,15,3,1
3130,30,71,157,Tablet,Instagram,1,15,0
976,25,21,283,Mobile,Organic,17,20,1
858,19,53,390,Tablet,Email,5,43,1
1117,8,4,149,Mobile,Organic,4,20,1
3442,28,16,327,Tablet,Instagram,8,39,1
698,8,77,363,Tablet,Instagram,12,40,1
157,31,40,169,Tablet,Facebook,6,10,0
351,3,91,464,Desktop,Email,0,36,0
2533,3,94,133,Tablet,Organic,9,43,1
1096,22,80,399,Mobile,Instagram,17,21,1
1734,17,34,405,Mobile,Organic,11,19,1
1393,36,39,314,Desktop,GoogleAds,2,1,0
2618,17,21,132,Desktop,Email,4,42,1
336,14,47,197,Desktop,Email,13,10,0
1802,9,52,135,Tablet,GoogleAds,14,20,1
1769,30,92,35,Tablet,Email,11,32,1
3222,21,9,420,Mobile,GoogleAds,3,48,0
999,12,17,377,Mobile,Organic,15,16,1
2272,37,98,399,Tablet,GoogleAds,10,35,1
2492,32,79,220,Mobile,Facebook,3,13,0
961,11,48,386,Tablet,GoogleAds,5,36,1
732,20,70,376,Desktop,Organic,15,30,1
3399,35,29,185,Tablet,Email,1,3,0
2089,11,18,5,Tablet,Facebook,12,5,1
2727,8,54,71,Tablet,GoogleAds,7,49,1
2342,4,59,342,Mobile,Organic,11,20,1
3386,27,86,241,Tablet,Facebook,5,12,1
438,38,71,351,Tablet,Facebook,2,37,0
1510,30,80,416,Tablet,Facebook,14,14,1
295,27,20,456,Desktop,GoogleAds,7,4,0
3225,21,25,297,Tablet,Organic,1,37,0
3505,20,27,426,Tablet,Organic,15,23,1
3100,4,38,331,Tablet,Organic,12,17,1
2075,11,32,193,Mobile,Instagram,0,28,0
778,13,39,495,Desktop,Email,10,31,1
2647,9,82,168,Desktop,Organic,0,6,0
1404,4,28,339,Tablet,Instagram,7,29,1
3256,12,19,236,Tablet,Instagram,1,37,0
3067,9,19,294,Mobile,Facebook,12,25,1
203,13,73,298,Tablet,Email,1,7,0
2559,26,11,248,Mobile,Facebook,3,24,0
997,38,96,165,Tablet,Email,1,29,0
1146,13,24,312,Mobile,Facebook,12,23,1
2171,39,24,71,Desktop,GoogleAds,3,29,0
3303,28,3,231,Tablet,Email,14,4,1
1711,19,3,55,Mobile,Instagram,11,3,1
956,24,8,473,Mobile,Instagram,11,41,1
840,19,14,182,Tablet,Email,4,8,1
1930,13,25,22,Mobile,Facebook,9,32,1
3345,13,78,283,Tablet,GoogleAds,1,28,0
2982,28,89,105,Tablet,GoogleAds,7,30,1
64,2,91,175,Mobile,Organic,4,43,0
809,10,70,294,Mobile,Email,7,18,1
787,22,31,368,Mobile,GoogleAds,12,44,1
1491,13,75,39,Desktop,Facebook,12,46,1
1911,9,98,399,Tablet,Facebook,14,1,1
2219,33,51,375,Tablet,Instagram,14,19,1
3461,14,31,450,Desktop,GoogleAds,10,11,1
2144,20,8,445,Desktop,GoogleAds,9,49,1
64,15,77,60,Mobile,Facebook,5,20,0
3557,32,12,392,Tablet,Instagram,4,30,1
1833,33,55,300,Desktop,GoogleAds,4,35,1
1211,17,43,299,Desktop,Facebook,7,19,1
3472,24,96,390,Tablet,Instagram,0,43,0
3430,30,95,212,Tablet,Instagram,1,19,0
3089,13,82,155,Tablet,Facebook,16,44,1
842,16,29,173,Mobile,Instagram,6,35,1
322,2,15,23,Desktop,Instagram,8,45,0
2816,17,11,240,Mobile,Organic,3,17,0
1868,32,73,488,Tablet,Instagram,6,5,1
2017,8,65,209,Tablet,GoogleAds,9,32,1
2016,3,17,122,Desktop,Instagram,15,9,1
2500,12,12,253,Mobile,GoogleAds,9,17,1
1800,20,92,141,Mobile,Facebook,6,33,1
337,16,23,452,Mobile,Instagram,1,14,0
3135,14,11,340,Tablet,Facebook,1,2,0
2818,16,59,362,Desktop,Email,7,7,1
3320,33,59,320,Mobile,Instagram,13,10,1
3310,30,92,153,Tablet,Facebook,17,45,1
2636,12,85,381,Tablet,Email,0,31,0
3132,15,99,214,Mobile,GoogleAds,16,47,1
3064,18,0,308,Desktop,GoogleAds,16,41,1
1297,28,42,48,Desktop,GoogleAds,4,16,1
3499,23,54,317,Mobile,GoogleAds,15,46,1
2153,14,39,17,Tablet,GoogleAds,6,29,1
1121,30,63,296,Tablet,Organic,14,42,1
3159,33,33,331,Mobile,Facebook,18,7,1
1321,15,33,345,Tablet,Email,1,39,0
3201,7,47,69,Tablet,Email,15,6,1
2871,15,32,85,Mobile,Instagram,8,19,1
2548,38,67,282,Tablet,Facebook,19,11,1
461,11,29,208,Mobile,Organic,17,20,0
1533,29,83,440,Mobile,Organic,9,27,1
174,31,89,40,Mobile,Facebook,19,27,0
191,25,78,469,Tablet,GoogleAds,3,15,0
2526,24,70,496,Mobile,GoogleAds,1,47,0
919,19,70,96,Tablet,Facebook,13,9,1
2792,2,28,452,Mobile,Email,0,21,0
832,22,22,486,Desktop,GoogleAds,7,6,1
953,20,33,250,Tablet,Instagram,10,3,1
2011,33,83,373,Tablet,Organic,0,23,0
2064,8,14,136,Tablet,GoogleAds,4,33,1
339,25,96,73,Desktop,Email,12,40,0
784,9,52,301,Mobile,GoogleAds,16,46,1
2208,34,16,273,Desktop,GoogleAds,9,13,1
3166,23,63,169,Mobile,Organic,6,43,1
156,5,83,333,Mobile,Instagram,12,48,0
3462,25,60,393,Mobile,Instagram,3,16,0
924,8,56,198,Mobile,Email,12,44,1
1581,16,76,347,Mobile,Facebook,0,7,0
1318,15,87,106,Desktop,Facebook,10,41,1
2757,1,36,101,Tablet,Facebook,8,12,1
91,22,6,359,Desktop,Email,12,6,0
523,3,7,235,Tablet,GoogleAds,10,2,0
1930,38,86,280,Tablet,Instagram,7,23,1
2872,14,77,329,Tablet,Instagram,6,46,1
2766,36,67,377,Desktop,GoogleAds,19,23,1
1949,18,20,106,Mobile,Instagram,14,6,1
755,18,60,395,Mobile,Instagram,14,29,1
3080,3,73,35,Tablet,Facebook,11,4,1
1419,10,85,157,Mobile,Facebook,16,39,1
716,39,93,392,Mobile,Organic,5,20,1
480,1,93,273,Desktop,Organic,12,48,0
3200,27,79,455,Mobile,Instagram,15,7,1
405,27,74,396,Mobile,Facebook,0,6,0
1565,11,85,240,Desktop,Organic,12,38,1
2318,5,28,207,Mobile,Organic,6,1,1
814,7,24,245,Tablet,Facebook,12,42,1
943,19,57,93,Desktop,Organic,6,11,1
1289,29,13,109,Mobile,GoogleAds,7,27,1
1767,15,77,306,Mobile,GoogleAds,17,43,1
914,35,65,114,Desktop,Facebook,16,18,1
3307,37,53,24,Tablet,Facebook,15,27,1
1086,12,76,293,Desktop,Organic,16,34,1
2997,30,66,462,Tablet,Instagram,7,11,1
1900,20,29,252,Desktop,Email,6,27,1
1533,37,17,267,Mobile,GoogleAds,17,25,1
3587,3,53,355,Desktop,GoogleAds,3,37,0
2911,9,99,209,Desktop,Facebook,1,5,0
1397,39,20,443,Tablet,Instagram,15,18,1
1313,26,52,55,Desktop,Facebook,17,26,1
602,2,82,27,Tablet,Organic,7,8,1
2771,23,15,492,Desktop,Instagram,13,40,1
3239,23,27,323,Mobile,Organic,17,49,1
2689,21,3,444,Desktop,GoogleAds,18,9,1
2116,16,54,2,Mobile,Facebook,3,9,0
137,9,14,68,Tablet,Facebook,13,32,0
745,13,63,402,Tablet,Email,1,17,0
2778,28,64,148,Tablet,Instagram,16,9,1
3196,27,15,469,Tablet,GoogleAds,5,6,1
3290,17,19,319,Desktop,Email,7,39,1
2583,38,63,462,Desktop,Email,15,31,1
530,36,32,328,Desktop,Facebook,0,42,0
2609,1,80,130,Mobile,Instagram,17,5,1
246,18,68,474,Desktop,Facebook,2,18,0
1314,9,68,83,Mobile,Instagram,17,40,1
3440,13,57,42,Mobile,Email,9,42,1
3282,15,38,156,Desktop,Organic,1,33,0
1791,4,76,157,Mobile,GoogleAds,18,42,1
1311,33,35,453,Tablet,Email,10,4,1
3316,24,93,107,Desktop,Facebook,18,18,1
2551,36,67,284,Desktop,GoogleAds,2,48,0
2061,10,86,188,Mobile,Email,9,49,1
2723,36,20,105,Desktop,Instagram,15,13,1
451,20,62,112,Desktop,Facebook,2,9,0
2086,11,84,474,Mobile,Email,18,48,1
3190,12,5,133,Desktop,Instagram,19,10,1
2667,18,23,271,Desktop,Instagram,6,30,1
814,30,52,110,Desktop,Instagram,16,1,1
84,37,94,73,Mobile,GoogleAds,7,9,0
2895,20,82,416,Desktop,Facebook,2,20,0
3227,25,75,436,Desktop,Instagram,6,0,1
2185,12,77,346,Desktop,Email,9,45,1
2099,21,49,293,Tablet,Instagram,18,30,1
1389,25,11,143,Desktop,Facebook,14,10,1
50,11,55,425,Mobile,GoogleAds,14,42,0
2991,9,14,260,Tablet,Instagram,4,9,1
2091,25,82,245,Mobile,Email,2,19,0
3098,35,91,437,Desktop,Facebook,2,20,0
1710,32,39,484,Desktop,Instagram,3,36,0
3234,14,40,340,Desktop,GoogleAds,14,36,1
3055,1,68,155,Tablet,Organic,15,13,1
1411,17,68,149,Desktop,Email,4,4,1
597,25,5,60,Mobile,Instagram,7,5,0
1632,8,86,86,Tablet,Instagram,9,23,1
351,5,66,192,Mobile,Organic,1,15,0
2084,5,32,327,Mobile,Facebook,13,22,1
3368,35,42,431,Mobile,Organic,4,46,1
655,19,20,182,Mobile,Facebook,6,37,1
740,23,83,287,Mobile,Instagram,10,15,1
177,9,64,273,Desktop,Organic,2,12,0
619,30,16,255,Mobile,Instagram,11,44,1
2325,16,92,434,Mobile,Organic,13,7,1
1782,33,7,7,Desktop,Instagram,0,37,0
2050,2,63,126,Tablet,Instagram,15,31,1
2878,14,89,83,Desktop,Instagram,14,21,1
464,1,27,28,Tablet,GoogleAds,0,16,0
2963,26,97,266,Mobile,Organic,12,4,1
1718,25,89,283,Desktop,GoogleAds,14,7,1
3482,16,12,397,Tablet,Instagram,16,49,1
2979,15,12,450,Tablet,Email,8,29,1
3038,26,37,470,Desktop,Facebook,4,18,1
3557,16,24,251,Desktop,Organic,11,11,1
711,14,61,468,Desktop,Organic,16,24,1
2691,29,22,188,Desktop,Facebook,10,43,1
1609,24,85,383,Desktop,GoogleAds,10,12,1
139,15,20,299,Mobile,Facebook,7,3,0
3077,19,53,69,Mobile,Email,14,9,1
1855,8,62,319,Desktop,Instagram,1,47,0
1396,34,29,326,Desktop,Facebook,9,27,1
2876,2,74,99,Mobile,Facebook,13,4,1
702,27,67,193,Tablet,Instagram,4,27,1
3373,10,96,227,Mobile,Organic,16,43,1
1404,35,75,451,Desktop,Email,17,30,1
803,23,72,182,Tablet,Facebook,18,15,1
38,8,31,420,Desktop,Facebook,6,22,0
158,28,74,327,Tablet,Organic,17,28,0
1329,23,23,93,Desktop,Email,11,46,1
2068,4,6,143,Mobile,Instagram,14,20,1
3593,14,71,203,Desktop,Instagram,13,1,1
2733,29,96,402,Mobile,GoogleAds,9,22,1
1146,1,88,492,Tablet,Email,16,15,1
196,4,0,132,Mobile,Email,0,10,0
2864,32,2,472,Tablet,Facebook,3,8,0
2801,33,27,267,Desktop,GoogleAds,8,1,1
1260,26,42,134,Mobile,Instagram,3,17,0
1343,17,96,378,Tablet,Email,18,12,1
107,39,45,179,Tablet,Email,4,44,0
64,23,0,186,Tablet,Organic,17,7,0
2680,32,37,444,Tablet,Instagram,14,9,1
2721,15,90,18,Desktop,Organic,19,26,1
767,13,34,463,Desktop,GoogleAds,7,16,1
415,2,73,323,Desktop,Email,1,23,0
2126,19,75,401,Tablet,GoogleAds,12,20,1
3393,24,73,97,Desktop,Organic,12,0,1
1322,24,53,34,Tablet,Instagram,13,15,1
1795,11,97,414,Tablet,Email,14,42,1
760,22,23,403,Tablet,Instagram,11,32,1
3229,15,27,393,Mobile,GoogleAds,4,5,1
3548,10,21,424,Desktop,Facebook,2,11,0
1772,27,15,300,Desktop,Instagram,17,31,1
3325,9,12,351,Mobile,Instagram,2,47,0
3572,28,99,187,Mobile,Instagram,13,10,1
3015,1,99,347,Mobile,Email,1,17,0
3588,17,61,111,Mobile,GoogleAds,17,1,1
374,31,42,409,Tablet,GoogleAds,12,31,0
2036,10,86,247,Desktop,Email,1,48,0
491,37,77,71,Desktop,Instagram,11,48,0
2258,29,31,309,Desktop,Instagram,1,19,0
163,18,66,432,Tablet,Facebook,7,20,0
3531,38,90,327,Desktop,Instagram,4,35,1
1534,39,82,212,Mobile,Organic,10,37,1
2130,6,85,309,Desktop,Instagram,12,26,1
2770,12,56,108,Desktop,Facebook,16,46,1
2353,14,64,177,Tablet,Organic,15,10,1
1050,10,68,427,Mobile,Facebook,18,17,1
1674,20,48,228,Mobile,Facebook,14,16,1
1250,15,32,19,Mobile,GoogleAds,17,33,1
70,31,18,322,Desktop,Email,5,44,0
948,7,35,418,Mobile,Facebook,3,25,0
1649,10,69,248,Mobile,Instagram,3,5,0
2099,10,14,209,Desktop,GoogleAds,12,42,1
34,39,99,216,Tablet,Organic,8,29,0
1072,28,96,201,Desktop,Email,9,38,1
140,30,23,438,Tablet,GoogleAds,13,49,0
3579,37,26,257,Tablet,Facebook,7,31,1
1262,3,48,106,Mobile,GoogleAds,2,16,0
117,15,74,476,Mobile,Instagram,8,12,0
181,21,22,311,Desktop,Instagram,0,45,0
1468,37,32,271,Tablet,Instagram,14,40,1
3559,12,40,383,Desktop,Email,14,12,1
111,4,55,469,Mobile,GoogleAds,6,5,0
2923,9,28,271,Tablet,GoogleAds,14,21,1
2581,39,30,121,Mobile,Facebook,6,32,1
2332,28,64,407,Mobile,Organic,12,32,1
1646,23,97,245,Mobile,Instagram,11,3,1
3125,22,17,66,Tablet,Organic,17,13,1
2874,24,81,430,Tablet,Organic,6,49,1
3014,26,5,228,Mobile,Instagram,6,47,1
1050,30,51,370,Tablet,Instagram,14,34,1
339,33,39,137,Mobile,Facebook,8,26,0
1530,16,64,194,Mobile,Email,5,5,1
21,22,41,194,Mobile,Instagram,8,0,0
1351,18,93,146,Tablet,Organic,18,42,1
225,7,67,145,Desktop,Facebook,19,27,0
348,26,31,489,Desktop,GoogleAds,15,28,0
1809,8,9,72,Tablet,Facebook,15,31,1
2718,6,68,354,Tablet,Instagram,0,27,0
3162,30,8,418,Mobile,Instagram,12,26,1
1760,39,68,453,Mobile,Email,18,9,1
1518,23,60,192,Desktop,Facebook,3,17,0
2431,32,10,44,Mobile,Instagram,18,3,1
3033,22,98,157,Desktop,Organic,9,37,1
719,9,90,446,Desktop,Organic,12,40,1
1233,31,67,476,Tablet,Facebook,0,41,0
2523,7,73,16,Tablet,Email,12,31,1
1122,9,96,78,Tablet,Facebook,9,4,1
1301,13,7,52,Desktop,Email,14,21,1
498,3,48,2,Tablet,Organic,14,47,0
1571,35,23,232,Desktop,Instagram,6,21,1
56,33,32,61,Tablet,GoogleAds,13,1,0
3369,21,18,132,Desktop,Instagram,7,40,1
787,31,1,382,Mobile,Organic,18,42,1
1049,34,54,52,Mobile,Organic,17,33,1
720,32,10,297,Desktop,Instagram,14,49,1
410,35,98,180,Desktop,Instagram,8,1,0
1827,15,16,31,Mobile,Organic,11,45,1
3038,32,41,410,Desktop,Instagram,13,35,1
3167,6,60,155,Desktop,GoogleAds,1,39,0
259,21,2,121,Mobile,GoogleAds,4,7,0
400,33,85,51,Desktop,Facebook,4,32,0
344,32,34,482,Tablet,GoogleAds,13,32,0
638,19,84,95,Mobile,Organic,3,3,0
146,33,88,176,Tablet,Organic,1,17,0
2940,28,65,11,Desktop,Facebook,0,18,0
2745,31,0,392,Desktop,Email,1,9,0
1531,21,6,12,Tablet,Facebook,12,49,1
836,34,19,355,Desktop,Email,19,41,1
736,15,42,45,Desktop,Email,16,40,1
1510,14,5,290,Tablet,Instagram,12,29,1
2651,19,54,205,Desktop,GoogleAds,16,21,1
3304,15,99,219,Mobile,Email,4,38,1
999,6,20,328,Tablet,Instagram,7,37,1
2429,9,50,431,Tablet,Facebook,11,0,1
944,37,45,256,Tablet,Facebook,8,29,1
3052,20,34,248,Tablet,Email,17,4,1
411,34,99,21,Mobile,Instagram,15,46,0
1476,38,7,41,Tablet,Organic,18,25,1
3571,26,67,459,Tablet,GoogleAds,7,45,1
624,18,15,278,Desktop,Email,6,30,1
1306,28,66,277,Tablet,Organic,8,38,1
1192,9,70,412,Desktop,GoogleAds,11,40,1
3233,32,63,195,Tablet,Organic,13,11,1
3052,6,1,71,Tablet,Instagram,9,16,1
2677,14,0,270,Mobile,Email,15,17,1
2245,28,57,335,Desktop,Organic,1,1,0
1131,24,0,73,Mobile,Organic,5,48,1
140,13,6,308,Desktop,Organic,10,23,0
2862,12,87,427,Tablet,Email,3,27,0
1204,19,68,199,Mobile,Instagram,4,38,1
2993,21,84,76,Desktop,Instagram,4,9,1
3043,27,91,275,Desktop,Organic,16,46,1
192,19,17,283,Mobile,Instagram,4,32,0
3040,24,87,146,Desktop,GoogleAds,10,23,1
373,26,31,13,Tablet,Instagram,8,10,0
48,28,44,363,Desktop,Organic,14,7,0
2554,18,32,129,Tablet,GoogleAds,2,26,0
3597,36,73,230,Desktop,Email,15,25,1
1382,29,72,85,Mobile,Facebook,8,11,1
3039,17,48,162,Tablet,Instagram,5,34,1
930,4,32,397,Desktop,GoogleAds,8,14,1
3478,29,96,365,Tablet,Facebook,18,20,1
2779,4,70,371,Mobile,Email,5,36,1
3242,10,67,489,Desktop,Facebook,10,29,1
25,25,27,51,Desktop,Email,1,4,0
502,31,86,215,Tablet,Organic,17,16,0
1459,3,52,1,Mobile,Organic,6,25,1
1141,2,95,471,Mobile,Email,3,33,0
2951,25,43,377,Desktop,Facebook,6,32,1
3531,6,79,412,Tablet,Instagram,16,17,1
320,26,54,123,Desktop,Facebook,3,24,0
748,8,9,288,Desktop,Facebook,12,40,1
3251,35,13,200,Tablet,Instagram,19,29,1
555,27,35,183,Mobile,Facebook,18,36,0
2471,25,33,410,Desktop,Facebook,3,19,0
260,18,87,398,Desktop,GoogleAds,12,44,0
768,1,17,216,Tablet,Email,0,1,0
1814,39,15,240,Tablet,Organic,1,12,0
3222,3,36,349,Desktop,Email,6,39,1
1307,4,40,68,Mobile,Facebook,16,41,1
3497,37,24,319,Tablet,Instagram,6,19,1
1641,15,7,82,Desktop,Instagram,12,5,1
1924,8,87,142,Mobile,Organic,16,10,1
3120,38,83,411,Tablet,Organic,0,45,0
823,19,93,41,Tablet,Organic,1,24,0
38,26,83,239,Desktop,Instagram,5,41,0
967,39,17,3,Tablet,Facebook,11,9,1
2042,10,67,94,Desktop,Organic,12,30,1
486,38,47,59,Tablet,Organic,19,42,0
327,14,99,228,Mobile,Instagram,19,3,0
254,19,69,407,Mobile,Facebook,8,24,0
757,30,66,18,Tablet,Organic,16,27,1
706,5,17,494,Desktop,Facebook,17,23,1
281,31,17,239,Tablet,GoogleAds,7,34,0
3521,7,55,360,Desktop,Organic,7,40,1
1781,19,22,74,Tablet,Organic,10,4,1
1272,31,34,376,Mobile,Instagram,7,32,1
2434,39,5,332,Desktop,GoogleAds,17,10,1
275,24,25,169,Mobile,GoogleAds,17,7,0
2983,34,84,264,Mobile,GoogleAds,12,20,1
930,23,60,160,Mobile,Email,0,31,0
3440,6,87,337,Tablet,Instagram,14,4,1
349,38,14,169,Desktop,Instagram,5,33,0
398,36,90,429,Mobile,Organic,5,8,0
2634,27,31,206,Desktop,Instagram,12,37,1
2060,11,11,357,Desktop,Organic,1,42,0
3510,5,4,9,Mobile,Organic,18,31,1
1175,17,63,346,Tablet,Email,16,9,1
385,7,70,304,Mobile,Instagram,0,11,0
2043,27,85,115,Mobile,Instagram,13,34,1
2381,15,26,152,Desktop,Email,15,38,1
155,13,78,87,Tablet,Email,14,17,0
1991,11,44,95,Desktop,Instagram,8,22,1
302,26,34,231,Tablet,Instagram,18,11,0
441,22,25,428,Mobile,Organic,7,30,0
714,28,22,186,Tablet,Facebook,14,10,1
3006,24,12,450,Desktop,Organic,9,33,1
2008,29,89,114,Mobile,GoogleAds,1,26,0
2642,9,2,274,Tablet,GoogleAds,17,20,1
408,4,28,464,Tablet,Facebook,19,9,0
2874,18,65,29,Desktop,Email,1,12,0
3425,16,63,203,Tablet,GoogleAds,11,44,1
973,33,27,2,Mobile,Email,9,46,1
3221,29,86,78,Tablet,Email,11,24,1
2244,39,35,324,Desktop,Organic,6,12,1
2051,10,5,231,Tablet,Email,1,40,0
1838,9,10,98,Mobile,Facebook,0,5,0
2118,31,37,117,Mobile,Organic,1,34,0
948,28,33,110,Tablet,Facebook,16,27,1
3461,3,80,167,Tablet,Email,19,19,1
719,14,66,457,Mobile,GoogleAds,7,19,1
816,25,45,488,Desktop,Email,11,40,1
1473,15,97,297,Mobile,Facebook,1,3,0
3400,2,85,455,Tablet,Instagram,8,19,1
1335,24,28,371,Tablet,Instagram,16,4,1
3425,14,59,337,Desktop,GoogleAds,16,21,1
20,7,53,378,Mobile,Facebook,9,23,0
1095,36,92,87,Mobile,GoogleAds,12,43,1
1878,24,68,493,Desktop,Organic,4,16,1
2283,27,73,459,Mobile,Email,13,4,1
3234,37,73,22,Desktop,Organic,13,25,1
2621,38,8,210,Mobile,Instagram,14,35,1
781,30,84,305,Desktop,Email,4,7,1
1604,27,76,412,Desktop,Organic,5,8,1
1617,39,9,272,Desktop,Instagram,8,16,1
1343,15,74,490,Tablet,Organic,8,7,1
894,26,67,324,Tablet,Email,3,4,0
3324,1,57,446,Tablet,Organic,0,9,0
3574,4,94,420,Mobile,Email,14,49,1
1399,29,51,278,Desktop,Organic,13,13,1
3411,1,33,139,Mobile,GoogleAds,0,26,0
3188,22,34,341,Mobile,Organic,5,26,1
235,11,32,377,Desktop,Organic,7,4,0
834,10,71,232,Tablet,GoogleAds,2,14,0
2275,17,31,233,Mobile,Instagram,16,27,1
946,36,54,80,Mobile,Email,19,4,1
2810,26,96,426,Mobile,Facebook,4,21,1
2563,21,7,55,Tablet,Instagram,17,11,1
2316,13,45,457,Desktop,Email,6,41,1
1921,9,13,291,Desktop,Organic,16,7,1
3598,11,97,441,Mobile,Instagram,14,0,1
1806,11,7,34,Desktop,Organic,19,34,1
63,6,70,329,Tablet,Instagram,15,15,0
3128,1,76,333,Desktop,Instagram,12,29,1
736,6,53,454,Mobile,Facebook,6,42,1
2746,13,20,388,Mobile,GoogleAds,14,40,1
1554,22,95,252,Desktop,Instagram,4,9,1
3180,31,74,430,Mobile,Organic,11,33,1
1053,22,13,476,Tablet,Facebook,9,10,1
1923,37,74,125,Tablet,Instagram,18,19,1
1786,27,1,11,Tablet,GoogleAds,9,42,1
1606,14,97,482,Tablet,Organic,6,6,1
1924,5,60,317,Mobile,Facebook,14,20,1
3571,36,16,122,Mobile,Email,8,10,1
2476,32,77,35,Desktop,GoogleAds,5,36,1
2747,34,88,69,Mobile,Email,10,22,1
859,7,47,313,Desktop,Email,5,43,1
2119,10,90,487,Mobile,Facebook,19,30,1
3226,17,7,139,Desktop,Facebook,14,17,1
2273,30,55,12,Desktop,Facebook,12,23,1
12,21,16,125,Tablet,Email,5,21,0
169,13,68,299,Desktop,Organic,19,36,0
790,1,11,147,Desktop,Facebook,14,46,1
3201,1,37,77,Desktop,GoogleAds,5,43,1
902,33,17,68,Desktop,Facebook,15,0,1
2040,38,25,206,Desktop,Facebook,0,49,0
3170,25,94,236,Tablet,Facebook,5,5,1
2386,26,36,59,Desktop,Email,15,37,1
589,13,69,258,Desktop,Organic,0,28,0
1943,28,40,254,Desktop,Facebook,6,42,1
1390,33,78,392,Mobile,Email,9,10,1
1300,37,41,406,Mobile,GoogleAds,7,15,1
1650,30,89,243,Tablet,Organic,4,5,1
961,8,75,461,Desktop,Email,17,0,1
3404,1,40,277,Desktop,Instagram,3,47,0
2692,12,46,469,Mobile,GoogleAds,19,34,1
997,5,13,220,Desktop,GoogleAds,15,23,1
1228,24,0,225,Tablet,Instagram,9,37,1
930,6,16,413,Desktop,Email,15,2,1
2795,25,96,101,Tablet,Email,7,39,1
1365,1,54,342,Mobile,GoogleAds,18,1,1
179,25,92,122,Tablet,Email,0,14,0
530,1,52,218,Tablet,Instagram,8,21,0
1496,32,30,75,Tablet,Email,5,45,1
49,3,61,331,Tablet,GoogleAds,12,45,0
1570,19,7,237,Tablet,Email,12,3,1
3342,29,29,482,Tablet,Organic,17,23,1
1428,2,76,339,Tablet,Instagram,13,18,1
964,9,79,240,Tablet,Instagram,1,29,0
3307,17,65,165,Tablet,Facebook,15,21,1
993,36,44,334,Mobile,Email,16,38,1
3205,17,17,157,Tablet,Instagram,15,47,1
984,12,98,211,Tablet,Email,13,39,1
47,20,44,421,Desktop,Organic,12,26,0
2385,3,18,277,Desktop,GoogleAds,15,14,1
1284,4,76,216,Desktop,GoogleAds,0,36,0
1209,17,67,218,Tablet,Facebook,16,0,1
1635,37,82,233,Mobile,Facebook,0,11,0
923,15,49,376,Mobile,Instagram,9,8,1
463,33,24,12,Desktop,Instagram,4,18,0
46,16,37,432,Desktop,Instagram,6,17,0
3397,11,94,83,Tablet,Organic,3,38,0
1721,20,35,431,Mobile,Facebook,0,10,0
3030,38,67,113,Mobile,Facebook,0,10,0
805,24,55,478,Desktop,GoogleAds,9,29,1
982,16,38,271,Mobile,Facebook,2,19,0
602,30,62,195,Desktop,Facebook,4,14,1
1147,34,6,369,Desktop,Organic,12,24,1
3121,1,57,141,Tablet,Instagram,8,48,1
1334,24,79,443,Desktop,Organic,7,2,1
2281,24,58,457,Tablet,Email,10,42,1
327,9,47,124,Mobile,GoogleAds,13,25,0
2406,22,4,141,Mobile,GoogleAds,7,44,1
2172,12,86,208,Desktop,GoogleAds,9,27,1
2755,17,35,115,Desktop,Instagram,2,5,0
1356,25,95,206,Tablet,Instagram,3,45,0
1601,28,87,456,Tablet,Instagram,11,31,1
3121,15,24,403,Mobile,GoogleAds,8,10,1
1899,30,44,441,Mobile,GoogleAds,10,12,1
2097,27,91,288,Desktop,GoogleAds,10,16,1
2006,22,18,355,Desktop,Email,15,45,1
1782,10,6,343,Tablet,Email,12,45,1
1322,31,57,149,Desktop,GoogleAds,13,35,1
1295,27,80,210,Tablet,Instagram,6,29,1
225,12,65,112,Mobile,Instagram,11,3,0
3228,31,79,142,Mobile,Email,18,13,1
2393,32,38,464,Desktop,Email,7,45,1
3249,32,17,24,Tablet,GoogleAds,3,27,0
2149,35,0,49,Desktop,GoogleAds,16,6,1
2410,21,62,288,Desktop,Instagram,1,15,0
2628,10,2,331,Tablet,Facebook,12,13,1
2873,16,20,365,Desktop,Instagram,6,36,1
1714,7,29,11,Tablet,Instagram,17,38,1
2838,4,10,188,Tablet,GoogleAds,9,48,1
372,27,21,68,Desktop,Facebook,3,26,0
2614,25,56,445,Tablet,Facebook,7,29,1
3426,31,88,90,Mobile,GoogleAds,12,14,1
1726,11,2,110,Mobile,Organic,13,38,1
1203,20,29,389,Mobile,GoogleAds,16,41,1
365,36,87,164,Mobile,Email,11,17,0
200,17,44,481,Desktop,Facebook,3,10,0
2479,11,35,448,Mobile,GoogleAds,8,21,1
709,30,86,206,Mobile,Instagram,14,45,1
2064,35,71,32,Mobile,Instagram,14,3,1
2190,38,63,327,Mobile,Instagram,17,2,1
566,22,53,74,Desktop,GoogleAds,5,23,0
835,27,67,251,Mobile,Organic,1,13,0
2818,37,49,450,Tablet,Email,8,2,1
1064,35,30,394,Tablet,Instagram,4,30,1
2592,4,28,355,Desktop,GoogleAds,11,34,1
435,16,58,21,Desktop,Organic,4,30,0
3475,16,35,296,Desktop,Facebook,11,11,1
2729,21,76,298,Mobile,Facebook,14,9,1
2420,26,72,328,Desktop,Email,1,19,0
3518,36,84,302,Mobile,GoogleAds,10,17,1
1584,19,66,338,Desktop,GoogleAds,18,43,1
2139,17,88,73,Tablet,Instagram,16,35,1
2413,26,88,374,Tablet,Organic,17,18,1
3339,22,75,41,Mobile,Email,9,16,1
598,28,92,94,Desktop,Organic,4,39,0
2022,1,10,132,Tablet,Email,16,10,1
1557,36,10,99,Mobile,GoogleAds,0,4,0
304,37,25,398,Tablet,GoogleAds,12,36,0
1995,2,52,398,Desktop,Email,1,44,0
1257,17,13,53,Mobile,Organic,16,35,1
1558,38,63,496,Tablet,Facebook,14,44,1
3127,21,79,229,Desktop,Facebook,7,47,1
1700,9,9,128,Mobile,Instagram,1,43,0
1146,13,30,212,Tablet,Instagram,7,13,1
1266,11,94,285,Tablet,Organic,4,27,1
2074,16,35,279,Mobile,GoogleAds,16,8,1
369,16,9,495,Desktop,Organic,3,37,0
3304,2,25,341,Mobile,Email,11,28,1
2923,8,19,159,Tablet,Facebook,17,24,1
709,13,43,352,Tablet,Instagram,5,7,1
457,17,61,233,Tablet,Organic,4,47,0
2913,39,72,71,Desktop,Organic,18,18,1
2422,24,78,205,Tablet,Email,4,1,1
684,3,8,189,Tablet,GoogleAds,9,5,1
1017,30,70,151,Mobile,GoogleAds,18,29,1
1359,13,89,8,Tablet,Facebook,3,1,0
2524,19,23,332,Mobile,Instagram,12,18,1
2471,7,11,100,Tablet,GoogleAds,12,12,1
3536,9,59,16,Mobile,GoogleAds,16,48,1
595,19,83,154,Mobile,GoogleAds,17,7,0
1266,22,77,157,Mobile,Organic,18,8,1
1257,18,85,93,Mobile,GoogleAds,16,22,1
1003,23,15,262,Desktop,Email,2,36,0
1445,2,28,37,Tablet,Facebook,12,7,1
581,11,31,161,Desktop,GoogleAds,12,8,0
2392,31,82,351,Tablet,Instagram,2,15,0
1255,33,34,174,Mobile,Organic,1,15,0
2094,14,42,317,Tablet,Email,14,11,1
998,16,95,425,Mobile,Facebook,2,24,0
287,11,52,18,Tablet,Organic,15,10,0
1229,33,19,486,Mobile,Email,9,17,1
2973,7,83,367,Tablet,Organic,19,12,1
1897,31,7,351,Tablet,Facebook,1,34,0
493,14,98,16,Tablet,Facebook,14,17,0
1275,28,41,360,Mobile,GoogleAds,7,42,1
3405,16,76,435,Tablet,Instagram,12,29,1
740,19,69,421,Mobile,GoogleAds,0,42,0
2249,17,15,270,Desktop,Organic,1,36,0
1050,26,68,359,Tablet,GoogleAds,8,29,1
2581,6,52,68,Mobile,Facebook,19,2,1
927,9,44,30,Mobile,Facebook,19,28,1
2458,17,50,316,Mobile,Facebook,18,24,1
895,31,97,309,Desktop,GoogleAds,11,1,1
2762,12,5,225,Mobile,Email,11,46,1
31,23,32,164,Desktop,GoogleAds,9,4,0
483,5,78,414,Desktop,GoogleAds,18,30,0
3201,36,14,320,Mobile,GoogleAds,19,4,1
2267,36,13,14,Tablet,GoogleAds,9,20,1
2363,3,38,279,Desktop,Facebook,18,47,1
3351,24,62,432,Mobile,Instagram,8,48,1
713,17,4,156,Desktop,GoogleAds,4,25,1
696,39,89,122,Mobile,GoogleAds,2,6,0
294,26,80,263,Mobile,Instagram,18,29,0
725,4,51,170,Desktop,GoogleAds,3,33,0
772,12,15,10,Mobile,Instagram,13,27,1
1260,1,98,452,Desktop,Facebook,5,13,1
957,21,37,172,Mobile,Email,12,17,1
2438,19,52,358,Tablet,GoogleAds,6,43,1
2517,21,86,13,Tablet,Email,11,16,1
1040,18,76,213,Desktop,GoogleAds,19,24,1
38,3,96,161,Desktop,Organic,13,5,0
916,32,92,232,Desktop,Organic,12,4,1
3114,10,52,476,Desktop,Facebook,10,20,1
2936,15,45,471,Tablet,Email,5,38,1
2136,5,97,160,Desktop,Email,6,49,1
3004,4,97,127,Mobile,Instagram,9,19,1
2516,28,90,48,Mobile,Instagram,14,10,1
579,4,14,261,Desktop,GoogleAds,8,4,0
2016,15,58,61,Mobile,Instagram,2,37,0
3563,17,49,122,Desktop,Instagram,4,38,1
1463,3,8,90,Mobile,Email,9,34,1
747,10,25,359,Mobile,Organic,14,34,1
3366,23,2,255,Desktop,Email,2,24,0
525,18,99,90,Desktop,Instagram,17,29,0
2010,1,46,3,Tablet,GoogleAds,2,1,0
3180,35,4,280,Desktop,Organic,6,19,1
2454,31,61,117,Tablet,Instagram,13,35,1
3570,1,83,98,Desktop,Instagram,15,36,1
48,3,83,162,Mobile,GoogleAds,18,1,0
3352,3,4,340,Tablet,GoogleAds,3,47,0
896,37,9,375,Mobile,Instagram,2,43,0
2854,19,79,478,Desktop,Instagram,2,46,0
2214,29,62,298,Desktop,Email,8,26,1
1108,25,24,404,Desktop,Facebook,3,31,0
2941,33,43,297,Desktop,GoogleAds,18,3,1
1833,36,24,82,Tablet,GoogleAds,10,26,1
3211,29,29,358,Tablet,Email,14,29,1
1720,26,13,148,Desktop,Organic,3,2,0
983,4,85,6,Mobile,Organic,7,45,1
3165,14,42,378,Tablet,Organic,1,44,0
3103,27,27,185,Mobile,GoogleAds,17,26,1
3540,33,93,426,Desktop,Facebook,2,37,0
1572,22,18,252,Tablet,Facebook,2,35,0
2906,3,41,25,Tablet,Email,18,0,1
3463,23,19,41,Tablet,Organic,11,34,1
2805,21,98,169,Mobile,Organic,13,11,1
3521,23,85,3,Desktop,Instagram,12,34,1
998,4,78,364,Desktop,Email,15,17,1
30,21,10,171,Tablet,Email,16,45,0
2360,37,53,430,Tablet,GoogleAds,17,36,1
878,31,97,57,Desktop,GoogleAds,12,22,1
93,21,23,83,Mobile,Email,12,32,0
1692,26,69,330,Tablet,Facebook,7,13,1
1986,35,16,179,Mobile,Email,6,43,1
3534,38,27,133,Mobile,Facebook,7,0,1
1420,24,49,86,Desktop,GoogleAds,16,26,1
1540,11,94,457,Desktop,Email,0,23,0
3338,29,99,353,Mobile,Facebook,2,1,0
579,3,54,271,Mobile,Instagram,3,11,0
943,1,72,344,Desktop,Instagram,18,12,1
3243,19,9,94,Tablet,Email,1,26,0
1990,22,20,382,Mobile,Organic,10,19,1
3244,14,57,356,Tablet,Email,10,46,1
1865,14,33,250,Mobile,GoogleAds,18,47,1
3066,16,94,295,Desktop,GoogleAds,1,36,0
802,33,92,198,Tablet,Instagram,4,33,1
801,13,42,79,Desktop,Facebook,18,5,1
1819,38,10,166,Mobile,Instagram,8,7,1
1304,12,32,39,Desktop,Facebook,6,20,1
2549,38,57,308,Tablet,Email,11,38,1
2265,39,45,214,Desktop,Organic,18,20,1
1617,33,60,131,Tablet,GoogleAds,17,44,1
1093,33,61,157,Desktop,Email,17,5,1
2487,29,0,477,Desktop,Instagram,8,40,1
994,5,20,382,Tablet,Email,1,43,0
1690,6,61,159,Tablet,Organic,1,29,0
3390,31,63,493,Tablet,Facebook,14,9,1
529,16,86,322,Mobile,Organic,15,10,0
600,31,72,227,Desktop,Instagram,13,0,0
1060,25,55,45,Tablet,Organic,18,9,1
1719,33,0,201,Mobile,GoogleAds,14,24,1
2045,13,20,22,Mobile,Organic,2,15,0
2256,10,21,339,Tablet,Email,5,18,1
2444,24,53,242,Tablet,Facebook,5,9,1
358,10,3,229,Tablet,GoogleAds,19,46,0
969,31,64,394,Mobile,GoogleAds,8,13,1
1973,13,50,238,Mobile,GoogleAds,10,2,1
702,3,73,149,Desktop,Instagram,3,3,0
1569,34,62,273,Mobile,Instagram,13,39,1
387,28,14,67,Tablet,Email,12,32,0
2956,19,35,7,Desktop,Facebook,14,19,1
2973,23,28,233,Desktop,Organic,16,14,1
536,32,51,357,Desktop,Email,7,6,0
3234,13,45,292,Desktop,Instagram,10,43,1
2791,33,68,256,Tablet,Email,10,2,1
2263,34,28,67,Desktop,Facebook,15,26,1
2512,33,46,250,Tablet,Email,2,36,0
3354,5,90,77,Mobile,GoogleAds,14,28,1
1269,3,24,489,Tablet,Organic,12,25,1
1885,7,79,414,Desktop,Instagram,6,26,1
1773,24,15,87,Mobile,Instagram,4,24,1
530,22,99,252,Mobile,Facebook,11,39,0
1711,23,88,455,Mobile,Facebook,2,42,0
1026,30,40,222,Desktop,Facebook,11,29,1
3013,18,64,413,Tablet,Instagram,4,43,1
2783,32,68,72,Tablet,GoogleAds,18,19,1
1023,7,19,202,Desktop,Organic,18,6,1
2558,33,68,417,Desktop,Facebook,0,28,0
126,5,35,59,Mobile,Instagram,19,45,0
2443,28,92,276,Tablet,GoogleAds,11,33,1
1377,8,97,221,Desktop,Facebook,5,25,1
593,15,57,157,Desktop,Facebook,17,26,0
404,4,47,181,Tablet,Organic,15,43,0
1097,34,81,213,Mobile,Organic,10,8,1
2778,5,1,129,Mobile,Email,9,21,1
81,33,79,243,Mobile,Facebook,2,11,0
283,5,28,418,Tablet,Email,17,5,0
2023,38,96,172,Desktop,Instagram,11,5,1
1353,34,15,480,Desktop,Organic,13,26,1
347,26,34,365,Desktop,GoogleAds,3,18,0
1399,1,61,270,Desktop,Facebook,9,5,1
3576,4,80,421,Tablet,Facebook,6,48,1
616,39,3,163,Mobile,Email,15,16,1
175,26,67,443,Mobile,Organic,8,28,0
1577,33,50,24,Mobile,Email,2,22,0
2068,33,88,497,Mobile,Facebook,1,16,0
1334,8,32,193,Desktop,Organic,5,20,1
738,20,77,366,Desktop,Facebook,9,9,1
2858,16,23,390,Tablet,Organic,3,42,0
2053,21,74,497,Mobile,Facebook,3,7,0
111,26,24,452,Desktop,GoogleAds,9,13,0
3506,23,27,294,Desktop,Email,9,30,1
1425,18,6,129,Desktop,Organic,12,17,1
788,31,35,41,Mobile,Email,5,46,1
223,12,9,31,Desktop,Organic,6,29,0
1121,1,35,36,Mobile,Organic,4,17,1
1586,9,94,457,Mobile,Organic,14,24,1
2458,3,82,361,Tablet,Facebook,7,48,1
2645,26,17,253,Tablet,Instagram,9,36,1
2946,9,5,438,Mobile,Facebook,11,24,1
3127,16,91,365,Mobile,Instagram,16,29,1
1705,24,6,215,Mobile,Facebook,15,29,1
3544,14,11,287,Desktop,Instagram,0,35,0
601,3,40,256,Desktop,Organic,3,10,0
1343,34,62,413,Desktop,Organic,7,47,1
1119,33,97,369,Tablet,Instagram,5,38,1
2149,24,24,469,Mobile,Instagram,9,26,1
2730,9,80,387,Desktop,Email,17,15,1
723,13,52,186,Desktop,Organic,12,37,1
945,2,32,474,Tablet,Facebook,4,31,1
1961,7,86,61,Tablet,Email,11,28,1
251,21,72,262,Mobile,Instagram,17,9,0
2053,19,5,276,Mobile,Facebook,7,29,1
11,25,61,111,Desktop,GoogleAds,13,10,0
2282,22,65,317,Desktop,GoogleAds,14,14,1
2858,11,8,430,Desktop,GoogleAds,4,43,1
1778,33,66,141,Desktop,Facebook,4,22,1
1959,32,15,233,Desktop,Instagram,16,47,1
2646,21,88,23,Tablet,Facebook,12,22,1
2173,39,87,79,Mobile,Email,16,49,1
927,20,92,494,Tablet,Email,10,6,1
3184,8,54,31,Mobile,GoogleAds,0,13,0
2251,37,39,4,Mobile,Instagram,12,8,1
3247,9,25,459,Mobile,Email,17,27,1
2928,25,37,118,Tablet,Organic,5,5,1
99,25,34,66,Desktop,Organic,12,42,0
1719,33,86,400,Mobile,GoogleAds,19,44,1
2179,2,67,371,Mobile,GoogleAds,10,21,1
152,19,58,287,Tablet,GoogleAds,18,17,0
3051,20,13,176,Tablet,Email,19,43,1
115,29,46,123,Desktop,Instagram,8,37,0
896,6,70,231,Desktop,GoogleAds,12,21,1
437,17,71,43,Mobile,Facebook,14,8,0
1338,25,41,492,Tablet,GoogleAds,10,17,1
1905,38,50,4,Desktop,Email,15,20,1
2004,4,18,190,Desktop,Instagram,16,14,1
326,30,65,304,Desktop,GoogleAds,4,8,0
1996,20,46,412,Tablet,Organic,13,41,1
644,3,64,250,Tablet,GoogleAds,14,1,1
1935,23,41,144,Tablet,GoogleAds,8,13,1
2066,18,37,487,Tablet,Instagram,13,20,1
2831,26,12,345,Tablet,Facebook,9,42,1
3154,36,43,382,Mobile,GoogleAds,12,44,1
3440,8,23,333,Mobile,GoogleAds,16,33,1
2280,17,95,453,Tablet,Email,0,6,0
1449,31,29,158,Mobile,Instagram,13,14,1
562,37,69,65,Tablet,Email,11,38,0
3451,33,37,325,Mobile,GoogleAds,6,11,1
725,27,96,270,Mobile,GoogleAds,2,6,0
1297,4,22,75,Desktop,Organic,0,4,0
1723,22,73,418,Tablet,Email,12,46,1
1893,26,56,440,Mobile,Instagram,1,38,0
3399,32,78,29,Mobile,GoogleAds,8,22,1
1117,24,22,466,Desktop,Organic,17,27,1
1351,35,35,335,Mobile,Organic,3,33,0
120,37,56,238,Desktop,Facebook,15,24,0
260,32,0,153,Mobile,Instagram,5,1,0
2440,7,71,94,Desktop,Organic,19,8,1
2064,33,2,237,Desktop,Instagram,2,33,0
468,31,13,322,Tablet,GoogleAds,10,45,0
1117,12,80,115,Tablet,Facebook,4,46,1
217,11,33,296,Mobile,Instagram,0,31,0
909,24,69,219,Tablet,Facebook,7,11,1
3471,8,68,246,Tablet,Instagram,18,18,1
3395,32,50,497,Tablet,Instagram,3,46,0
31,38,28,399,Mobile,Email,8,37,0
419,22,98,32,Mobile,Facebook,2,9,0
904,34,81,20,Tablet,Instagram,4,9,1
524,19,47,53,Tablet,Email,15,34,0
3208,20,93,206,Mobile,Email,7,40,1
818,14,78,219,Tablet,Facebook,5,36,1
883,33,78,195,Desktop,GoogleAds,2,31,0
23,10,15,305,Mobile,Facebook,15,6,0
980,16,56,195,Mobile,Instagram,7,9,1
3035,4,96,461,Desktop,GoogleAds,12,42,1
3071,27,9,345,Tablet,Facebook,4,37,1
3093,28,18,82,Desktop,Facebook,5,26,1
2144,16,66,1,Tablet,Facebook,2,31,0
2966,33,35,167,Tablet,Facebook,7,6,1
1570,19,3,317,Mobile,GoogleAds,3,47,0
1334,21,74,183,Mobile,Instagram,16,25,1
1276,22,32,453,Tablet,Email,7,21,1
2179,9,27,386,Desktop,Facebook,18,11,1
3228,9,95,350,Mobile,Email,13,23,1
759,9,79,273,Tablet,Email,8,49,1
3437,27,8,157,Mobile,Email,11,45,1
694,17,74,373,Mobile,Facebook,12,28,1
1937,8,5,362,Mobile,Facebook,7,31,1
2366,16,48,388,Desktop,Facebook,2,15,0
704,18,90,201,Desktop,Facebook,14,25,1
2345,33,75,192,Tablet,Organic,19,5,1
316,1,21,341,Desktop,Instagram,18,0,0
1999,12,47,299,Tablet,Organic,3,12,0
2971,6,20,76,Tablet,GoogleAds,1,37,0
671,5,32,140,Mobile,Organic,4,5,1
558,16,80,306,Mobile,Organic,1,37,0
3433,18,55,196,Desktop,Organic,6,11,1
321,18,28,61,Tablet,Instagram,10,8,0
2930,1,52,476,Tablet,Email,11,19,1
1092,19,39,457,Mobile,GoogleAds,3,38,0
2981,8,73,360,Mobile,GoogleAds,2,26,0
1747,3,17,307,Mobile,Instagram,7,2,1
764,25,46,480,Desktop,Organic,17,23,1
44,5,12,333,Tablet,Email,4,14,0
454,19,26,354,Tablet,Facebook,15,33,0
2150,18,61,83,Tablet,Instagram,11,49,1
1992,31,73,334,Mobile,Email,8,31,1
1240,33,95,5,Desktop,Instagram,7,20,1
362,18,44,219,Desktop,Instagram,4,0,0
912,39,2,412,Mobile,Facebook,19,32,1
1365,16,21,254,Desktop,Email,18,10,1
2919,16,26,474,Desktop,Organic,14,2,1
1758,38,54,394,Tablet,Email,19,21,1
168,7,66,88,Mobile,Email,10,9,0
1987,14,32,209,Mobile,Organic,19,43,1
966,25,1,180,Mobile,Facebook,12,37,1
2081,32,74,208,Mobile,Email,12,23,1
413,38,45,273,Tablet,Organic,16,6,0
2862,22,73,65,Desktop,Instagram,15,48,1
525,16,32,380,Desktop,Instagram,16,48,0
2789,29,57,21,Tablet,Organic,18,35,1
1397,16,6,438,Desktop,Instagram,13,0,1
3463,12,14,367,Mobile,Email,6,0,1
2589,17,25,177,Tablet,Organic,8,25,1
965,37,10,363,Tablet,Email,1,16,0
2209,27,37,22,Mobile,GoogleAds,18,10,1
1722,25,26,325,Mobile,Facebook,5,2,1
3004,13,6,448,Mobile,Facebook,0,9,0
617,8,0,36,Desktop,Facebook,6,1,1
2477,5,73,250,Mobile,Organic,15,31,1
1283,12,20,149,Tablet,GoogleAds,1,15,0
3198,3,78,440,Desktop,Facebook,3,47,0
2923,35,29,73,Desktop,Email,19,25,1
1545,33,93,91,Tablet,Facebook,13,39,1
2635,22,7,176,Desktop,GoogleAds,10,38,1
2392,9,87,126,Mobile,Email,8,9,1
1451,18,82,204,Mobile,Email,4,35,1
2989,29,2,402,Mobile,Organic,2,29,0
1807,39,54,246,Mobile,Organic,19,8,1
304,27,14,99,Desktop,Instagram,1,4,0
764,36,35,271,Tablet,GoogleAds,9,6,1
1404,17,5,498,Desktop,Email,9,35,1
195,34,41,44,Tablet,GoogleAds,6,0,0
1279,3,49,222,Tablet,Facebook,14,26,1
646,5,17,429,Mobile,Facebook,4,11,1
1301,14,82,97,Desktop,Instagram,7,15,1
3318,3,49,36,Mobile,Email,17,47,1
539,23,29,168,Desktop,Email,19,7,0
2078,39,76,435,Desktop,Instagram,5,24,1
2968,30,38,30,Mobile,Facebook,10,12,1
2924,23,11,282,Desktop,Email,7,40,1
803,27,97,85,Mobile,GoogleAds,3,9,0
2157,10,58,357,Tablet,Email,6,39,1
2809,25,75,491,Mobile,Facebook,1,32,0
487,13,43,121,Desktop,Email,14,34,0
1632,16,87,287,Desktop,Email,8,36,1
3379,34,3,248,Tablet,Organic,18,38,1
949,37,35,184,Tablet,Email,18,27,1
535,22,47,253,Tablet,Instagram,4,15,0
2391,17,13,445,Mobile,Instagram,18,7,1
11,23,80,273,Mobile,GoogleAds,2,32,0
384,36,48,209,Desktop,Email,11,34,0
2350,9,66,354,Tablet,GoogleAds,6,37,1
2894,2,86,382,Tablet,Facebook,4,11,1
3062,32,76,24,Mobile,Facebook,11,14,1
562,22,8,122,Desktop,Organic,3,16,0
2375,13,20,225,Tablet,Organic,19,26,1
1535,8,71,388,Mobile,Email,18,49,1
1861,1,80,393,Mobile,Email,12,20,1
390,17,15,386,Tablet,GoogleAds,14,20,0
1656,12,15,419,Tablet,GoogleAds,9,16,1
23,4,27,123,Desktop,Email,0,26,0
513,13,50,294,Tablet,Email,2,11,0
2288,31,55,173,Mobile,Organic,17,47,1
2018,7,79,143,Tablet,Organic,15,43,1
3165,23,56,491,Tablet,Organic,11,35,1
139,24,51,426,Desktop,Email,15,27,0
847,5,45,387,Mobile,GoogleAds,10,24,1
3226,5,77,415,Tablet,Instagram,10,8,1
2948,17,37,436,Mobile,Instagram,13,46,1
2050,30,83,169,Desktop,GoogleAds,16,36,1
37,9,47,57,Mobile,GoogleAds,18,22,0
2123,6,40,42,Tablet,GoogleAds,10,10,1
3244,25,97,309,Tablet,Organic,3,49,0
1262,19,58,119,Desktop,Facebook,9,0,1
270,16,92,121,Desktop,Email,18,15,0
2056,21,66,312,Desktop,Organic,3,49,0
1482,2,73,251,Mobile,Instagram,10,12,1
1457,10,83,343,Mobile,Email,6,19,1
469,16,65,332,Mobile,GoogleAds,19,15,0
310,37,26,456,Mobile,Instagram,8,15,0
2976,15,31,437,Desktop,GoogleAds,1,34,0
3384,13,55,341,Mobile,GoogleAds,0,49,0
2344,13,9,341,Mobile,GoogleAds,7,31,1
3476,32,39,416,Mobile,Email,18,22,1
3091,8,16,337,Mobile,Instagram,15,24,1
639,18,57,182,Desktop,Instagram,13,42,1
279,36,96,165,Desktop,GoogleAds,3,27,0
2649,26,5,472,Tablet,Organic,18,44,1
2003,10,38,264,Tablet,Facebook,5,1,1
1638,31,17,210,Mobile,Organic,14,2,1
1811,33,72,11,Mobile,Email,12,30,1
2901,29,71,182,Desktop,Facebook,18,32,1
871,5,88,444,Tablet,Organic,3,32,0
3442,13,94,251,Mobile,Instagram,1,46,0
1290,1,41,138,Tablet,Organic,2,34,0
2190,23,3,218,Tablet,GoogleAds,13,35,1
3357,3,19,239,Tablet,Email,3,25,0
1809,3,27,454,Desktop,Organic,15,11,1
1716,7,39,371,Mobile,Organic,10,43,1
3029,36,64,337,Mobile,Facebook,12,45,1
2570,35,43,87,Desktop,GoogleAds,0,10,0
2370,15,22,298,Desktop,Facebook,12,5,1
585,3,56,293,Desktop,Email,14,24,0
2943,29,46,92,Tablet,Email,6,45,1
2013,30,12,208,Tablet,GoogleAds,4,33,1
1317,39,15,204,Mobile,Facebook,5,34,1
3202,18,89,186,Mobile,GoogleAds,8,20,1
3188,11,54,85,Tablet,Facebook,5,17,1
1966,38,94,315,Tablet,Instagram,5,7,1
2744,1,64,152,Desktop,GoogleAds,1,33,0
2030,29,80,156,Tablet,Email,5,47,1
3285,10,15,293,Mobile,Facebook,9,13,1
2222,28,36,21,Mobile,Instagram,4,18,1
2362,31,51,161,Desktop,Email,19,19,1
3578,19,9,386,Desktop,Facebook,11,3,1
1665,3,37,485,Mobile,Instagram,5,37,1
1589,36,43,339,Tablet,Email,5,31,1
1857,15,94,156,Tablet,Email,7,25,1
2213,33,73,143,Mobile,Instagram,16,27,1
1400,26,53,257,Tablet,Email,17,11,1
1752,16,97,107,Tablet,Facebook,10,9,1
1935,36,50,284,Mobile,Facebook,0,40,0
629,33,51,50,Mobile,Email,6,34,1
1284,20,69,35,Desktop,Organic,7,32,1
966,13,91,224,Mobile,Instagram,2,13,0
1949,33,91,156,Desktop,Organic,18,39,1
2391,5,58,393,Desktop,Facebook,15,22,1
978,37,12,408,Tablet,Email,7,17,1
2568,14,40,191,Mobile,GoogleAds,5,43,1
1326,27,11,388,Tablet,GoogleAds,1,11,0
1053,23,49,184,Mobile,Organic,11,41,1
291,14,56,237,Mobile,Organic,5,35,0
2854,4,49,297,Tablet,Organic,13,24,1
3082,39,56,323,Desktop,Facebook,6,36,1
2176,19,53,304,Mobile,Facebook,8,39,1
1068,4,65,342,Desktop,Email,6,21,1
207,30,7,488,Tablet,Facebook,14,5,0
2542,19,62,58,Tablet,Email,11,15,1
1092,31,8,39,Mobile,Email,16,22,1
2894,31,59,241,Tablet,Organic,14,8,1
1194,9,62,25,Mobile,GoogleAds,14,42,1
1018,13,71,316,Mobile,Organic,13,34,1
2748,14,2,496,Mobile,Facebook,10,28,1
1239,10,72,117,Mobile,Instagram,10,13,1
1045,31,12,342,Mobile,Facebook,19,4,1
499,37,8,370,Tablet,GoogleAds,12,20,0
285,23,94,240,Mobile,Facebook,12,5,0
2750,27,88,175,Desktop,GoogleAds,7,0,1
2299,6,51,482,Mobile,Instagram,6,30,1
1249,26,61,445,Mobile,Instagram,19,44,1
1284,2,7,340,Mobile,Email,12,40,1
135,13,94,228,Tablet,Facebook,10,27,0
226,19,44,485,Desktop,Email,18,2,0
3387,1,52,487,Desktop,Organic,5,37,1
1218,32,62,253,Desktop,Organic,7,22,1
3120,22,94,411,Tablet,Organic,18,39,1
1256,29,80,380,Tablet,Organic,4,3,1
3265,2,56,111,Mobile,Organic,9,5,1
2552,38,53,241,Tablet,Facebook,0,11,0
2484,11,18,224,Desktop,Email,11,11,1
3259,17,66,298,Desktop,Email,6,6,1
928,8,45,52,Tablet,GoogleAds,7,27,1
3509,22,93,221,Tablet,Organic,17,25,1
1327,4,9,489,Desktop,Instagram,6,47,1
2208,11,92,304,Desktop,GoogleAds,13,6,1
2441,8,17,288,Desktop,GoogleAds,19,2,1
1671,9,11,152,Desktop,Facebook,17,12,1
317,26,48,387,Desktop,GoogleAds,3,40,0
1369,2,22,118,Tablet,Instagram,9,10,1
1979,16,61,411,Tablet,Email,10,38,1
2803,31,10,457,Mobile,GoogleAds,10,22,1
901,6,72,424,Mobile,Facebook,19,46,1
384,21,55,279,Mobile,Organic,18,0,0
3089,26,87,135,Tablet,Instagram,0,33,0
2043,19,88,209,Mobile,Organic,1,30,0
1374,28,54,127,Mobile,GoogleAds,8,32,1
138,8,24,293,Tablet,Email,16,46,0
1024,14,8,7,Desktop,Facebook,4,35,1
1809,24,11,222,Tablet,Instagram,1,35,0
2726,37,10,77,Tablet,Email,3,13,0
3433,26,37,338,Desktop,Instagram,6,36,1
1391,31,27,351,Mobile,Facebook,16,31,1
526,32,7,278,Tablet,Facebook,2,27,0
1528,2,73,334,Tablet,GoogleAds,8,0,1
95,25,88,338,Desktop,Instagram,0,46,0
1208,2,46,227,Tablet,GoogleAds,19,6,1
3274,1,35,401,Mobile,Instagram,15,15,1
2368,36,49,275,Desktop,Instagram,2,31,0
1152,12,8,351,Tablet,Organic,18,23,1
3299,9,59,295,Mobile,GoogleAds,15,13,1
2484,36,71,117,Mobile,Instagram,0,46,0
2003,28,66,292,Tablet,Instagram,11,14,1
3495,38,52,271,Mobile,Facebook,19,0,1
2171,33,81,447,Desktop,Organic,5,27,1
3226,22,98,157,Mobile,Facebook,2,18,0
312,25,16,60,Desktop,GoogleAds,6,6,0
2801,18,99,184,Desktop,GoogleAds,2,17,0
597,6,52,424,Desktop,Instagram,12,46,0
996,18,27,144,Tablet,Email,15,12,1
1873,16,62,161,Mobile,Facebook,13,17,1
354,15,14,89,Tablet,GoogleAds,8,3,0
823,8,18,16,Tablet,Instagram,7,49,1
1997,13,85,414,Desktop,Instagram,14,3,1
2858,7,69,249,Tablet,Facebook,18,26,1
3082,17,46,98,Mobile,Instagram,12,15,1
3228,32,70,450,Tablet,Organic,13,13,1
1320,22,47,104,Tablet,Email,10,13,1
2009,13,72,300,Desktop,Facebook,17,6,1
1687,23,19,235,Desktop,Facebook,2,44,0
3134,29,36,422,Tablet,Facebook,3,13,0
1337,22,74,307,Desktop,Instagram,2,41,0
1102,1,1,444,Tablet,Instagram,12,44,1
2418,29,63,274,Mobile,Facebook,15,5,1
3301,5,85,261,Mobile,Facebook,12,42,1
1019,35,35,239,Desktop,Organic,9,37,1
713,10,4,424,Mobile,GoogleAds,17,26,1
584,19,63,262,Mobile,Organic,7,10,0
1618,37,6,332,Tablet,Facebook,6,30,1
3242,7,69,115,Desktop,Instagram,16,48,1
1122,35,21,268,Mobile,Instagram,5,2,1
697,13,73,12,Desktop,Facebook,14,0,1
2838,10,45,73,Desktop,GoogleAds,8,15,1
2642,2,39,362,Desktop,Email,9,43,1
2646,6,60,406,Mobile,Email,7,26,1
3240,8,45,305,Desktop,Organic,6,45,1
498,36,83,178,Desktop,GoogleAds,4,49,0
3028,25,27,464,Tablet,Email,17,2,1
1357,7,86,260,Tablet,GoogleAds,15,7,1
3462,23,34,434,Tablet,Instagram,14,49,1
3183,19,0,259,Tablet,Instagram,9,15,1
503,22,28,400,Desktop,GoogleAds,0,46,0
1677,13,8,270,Tablet,Facebook,5,1,1
1647,21,8,320,Tablet,Email,14,28,1
28,1,21,120,Mobile,Email,1,15,0
3535,19,62,169,Tablet,Instagram,11,28,1
3563,33,65,486,Tablet,Organic,0,30,0
2454,4,79,68,Mobile,Email,14,41,1
1010,3,57,59,Desktop,Instagram,12,10,1
3360,27,69,130,Desktop,Instagram,0,31,0
860,35,54,375,Mobile,GoogleAds,0,23,0
1398,28,12,266,Mobile,GoogleAds,3,18,0
1364,6,96,75,Desktop,GoogleAds,13,31,1
1377,6,18,487,Tablet,Organic,16,9,1
831,23,78,90,Mobile,Email,12,48,1
464,33,32,357,Mobile,Organic,11,31,0
1634,16,73,154,Mobile,Organic,5,22,1
2782,24,64,388,Desktop,GoogleAds,18,32,1
3146,5,59,218,Desktop,Instagram,19,29,1
3157,13,11,486,Desktop,Facebook,15,29,1
720,12,42,28,Desktop,Instagram,15,6,1
2200,5,92,130,Desktop,Instagram,11,15,1
926,37,16,66,Tablet,Instagram,19,42,1
2885,31,67,144,Tablet,Instagram,19,49,1
2662,28,28,380,Desktop,Organic,12,0,1
1506,28,54,313,Desktop,GoogleAds,0,29,0
1450,30,6,407,Desktop,GoogleAds,17,33,1
314,18,43,407,Mobile,Instagram,1,33,0
745,27,76,461,Mobile,Facebook,1,37,0
3578,35,4,277,Desktop,Email,0,30,0
2348,26,59,103,Desktop,Instagram,9,7,1
1973,39,5,409,Mobile,Instagram,0,19,0
2159,18,97,314,Mobile,Facebook,13,45,1
2019,33,6,37,Mobile,Organic,7,28,1
3348,25,45,249,Mobile,Instagram,0,30,0
2924,31,56,433,Mobile,Facebook,13,20,1
3025,37,53,461,Desktop,Organic,9,25,1
3031,2,91,399,Desktop,Organic,18,30,1
2899,33,45,156,Mobile,Instagram,7,19,1
971,39,9,451,Desktop,Organic,1,21,0
2999,32,3,471,Mobile,Instagram,3,39,0
1036,18,66,132,Mobile,Instagram,11,25,1
2142,17,24,47,Mobile,GoogleAds,8,16,1
2385,34,86,434,Desktop,Email,0,24,0
2873,39,90,444,Desktop,Email,7,36,1
1483,7,77,446,Desktop,GoogleAds,16,26,1
2511,35,60,195,Desktop,Instagram,15,2,1
1957,30,37,103,Tablet,Facebook,14,23,1
2686,12,31,328,Mobile,Organic,8,24,1
3302,35,22,171,Mobile,GoogleAds,7,49,1
1187,11,36,89,Desktop,GoogleAds,19,9,1
674,4,2,246,Desktop,GoogleAds,13,35,1
21,25,98,58,Tablet,GoogleAds,11,41,0
1166,32,12,105,Mobile,Email,14,17,1
313,20,33,180,Mobile,Instagram,3,44,0
3374,31,87,460,Desktop,GoogleAds,3,16,0
3032,4,64,69,Desktop,GoogleAds,1,13,0
3381,38,75,481,Tablet,GoogleAds,3,18,0
1773,1,7,302,Mobile,Facebook,19,17,1
2840,3,82,153,Tablet,Facebook,17,22,1
52,37,8,25,Mobile,Organic,14,7,0
953,22,27,377,Desktop,Instagram,7,49,1
2400,17,77,35,Tablet,GoogleAds,9,15,1
1359,14,90,445,Desktop,Organic,1,24,0
2555,35,17,15,Mobile,Organic,8,42,1
2421,13,41,106,Mobile,Instagram,15,31,1
900,35,40,218,Tablet,Facebook,11,48,1
2484,2,69,384,Desktop,Instagram,4,49,1
1014,13,32,74,Mobile,Organic,6,18,1
30,16,88,344,Mobile,Instagram,14,17,0
416,18,76,419,Tablet,Facebook,12,31,0
2676,7,53,285,Tablet,Organic,7,45,1
1024,36,86,38,Desktop,Instagram,18,48,1
345,30,35,197,Tablet,GoogleAds,18,39,0
1848,7,96,280,Mobile,GoogleAds,4,14,1
3198,15,84,275,Desktop,Instagram,17,48,1
1157,19,97,174,Desktop,Instagram,16,20,1
2456,37,55,305,Desktop,Facebook,6,10,1
2850,2,99,44,Mobile,Organic,13,28,1
1837,13,16,457,Tablet,Instagram,14,31,1
724,31,9,154,Desktop,Organic,16,5,1
60,16,86,153,Mobile,GoogleAds,2,18,0
333,6,43,291,Tablet,Organic,12,15,0
798,28,1,498,Desktop,Email,10,11,1
150,32,98,420,Tablet,Facebook,2,14,0
479,10,13,142,Tablet,Facebook,5,10,0
796,18,40,256,Tablet,Organic,5,38,1
1835,4,1,312,Mobile,Facebook,5,9,1
1367,9,18,134,Desktop,Organic,5,36,1
1926,7,79,32,Desktop,Organic,5,48,1
973,8,88,26,Desktop,GoogleAds,13,23,1
3065,7,0,399,Mobile,Organic,10,35,1
382,3,1,255,Tablet,Facebook,15,0,0
2551,17,26,433,Mobile,Email,18,45,1
1702,2,1,223,Desktop,Instagram,6,16,1
2808,15,93,56,Tablet,Facebook,5,13,1
1189,29,50,293,Mobile,Email,10,37,1
2348,22,9,125,Mobile,Facebook,3,24,0
1681,4,18,230,Mobile,Email,0,36,0
3225,6,79,53,Mobile,Facebook,8,34,1
115,38,12,442,Tablet,Instagram,12,21,0
1453,26,47,101,Mobile,GoogleAds,7,46,1
2727,11,55,467,Tablet,GoogleAds,1,6,0
1691,26,71,334,Mobile,Instagram,15,10,1
11,17,55,292,Desktop,Facebook,18,9,0
2646,24,49,357,Mobile,Email,7,13,1
2701,28,94,267,Mobile,Organic,11,34,1
2147,35,44,283,Desktop,Facebook,10,45,1
3426,31,88,2,Tablet,Instagram,8,48,1
359,13,58,22,Mobile,GoogleAds,9,35,0
3540,35,38,66,Mobile,GoogleAds,0,5,0
1296,16,20,212,Desktop,Facebook,18,4,1
3432,15,54,236,Tablet,Email,16,41,1
3189,18,56,368,Desktop,Instagram,3,6,0
1072,37,40,17,Mobile,Instagram,11,14,1
2966,27,92,388,Tablet,Email,19,20,1
2216,35,69,14,Mobile,Email,7,17,1
3016,35,81,7,Desktop,Facebook,15,0,1
2369,28,48,335,Mobile,Facebook,0,3,0
3322,39,43,222,Desktop,GoogleAds,8,10,1
454,38,34,400,Desktop,GoogleAds,10,9,0
2355,9,90,104,Tablet,Email,11,44,1
961,12,4,450,Desktop,Organic,8,18,1
45,15,70,403,Tablet,Organic,5,41,0
1117,21,73,1,Tablet,Organic,8,29,1
1485,35,73,287,Tablet,Instagram,5,49,1
1808,33,50,384,Tablet,Facebook,5,40,1
1855,19,56,247,Tablet,Email,19,40,1
1418,23,57,388,Desktop,GoogleAds,2,19,0
1205,13,91,91,Desktop,Organic,2,26,0
1409,1,35,314,Tablet,GoogleAds,15,11,1
1718,29,9,312,Desktop,Facebook,1,13,0
1395,24,49,437,Tablet,Email,3,33,0
2616,16,98,473,Desktop,Organic,8,41,1
2948,25,98,214,Tablet,Organic,6,49,1
2198,23,36,43,Mobile,Email,2,37,0
2944,28,19,74,Mobile,GoogleAds,12,1,1
3199,16,12,242,Tablet,Facebook,13,48,1
1310,38,74,481,Desktop,Facebook,8,31,1
2783,11,18,49,Tablet,Facebook,0,17,0
1253,3,91,368,Desktop,GoogleAds,11,49,1
3107,15,55,364,Tablet,GoogleAds,0,20,0
530,1,44,316,Tablet,Organic,8,45,0
1816,7,59,222,Desktop,GoogleAds,6,10,1
19,1,67,350,Desktop,Instagram,2,29,0
993,32,56,144,Tablet,Email,3,18,0
2435,9,53,329,Mobile,GoogleAds,6,47,1
1666,29,36,209,Mobile,Facebook,14,39,1
1670,26,82,99,Mobile,GoogleAds,0,49,0
2739,23,36,188,Mobile,Organic,5,29,1
2641,29,13,114,Mobile,Email,4,34,1
2209,38,94,175,Desktop,Email,10,3,1
729,33,91,271,Mobile,Facebook,16,20,1
1082,7,99,63,Desktop,Email,2,4,0
3235,12,43,496,Mobile,Instagram,11,35,1
868,31,82,284,Desktop,Email,19,26,1
1326,32,41,404,Mobile,Facebook,9,6,1
1613,20,0,225,Mobile,Email,6,30,1
59,17,22,447,Desktop,GoogleAds,14,19,0
2721,36,63,161,Desktop,Organic,17,24,1
2588,3,27,36,Tablet,GoogleAds,18,37,1
3141,1,3,381,Mobile,Instagram,0,24,0
3248,27,40,141,Mobile,Instagram,12,16,1
3283,33,59,318,Desktop,Organic,3,45,0
2914,20,17,196,Desktop,Organic,17,36,1
155,14,62,151,Mobile,Organic,11,14,0
924,36,60,456,Mobile,Organic,3,9,0
3050,5,48,269,Desktop,Email,3,33,0
1472,23,46,344,Desktop,GoogleAds,4,43,1
2299,15,38,40,Mobile,Instagram,18,42,1
590,6,88,238,Desktop,Email,8,6,0
2744,33,81,414,Desktop,Organic,6,38,1
1594,19,5,380,Mobile,Facebook,6,24,1
492,13,82,222,Tablet,Facebook,11,38,0
3189,29,52,281,Desktop,GoogleAds,9,45,1
1259,6,75,225,Tablet,Instagram,19,43,1
682,15,24,457,Desktop,Instagram,12,27,1
640,16,98,154,Tablet,GoogleAds,5,41,1
2718,24,64,280,Desktop,Organic,8,26,1
671,23,4,353,Tablet,Organic,18,36,1
3513,10,64,39,Tablet,Instagram,15,38,1
2862,17,7,217,Desktop,Instagram,10,37,1
2476,30,38,244,Tablet,Instagram,3,27,0
997,10,42,109,Mobile,Organic,0,33,0
3536,19,81,463,Mobile,Facebook,11,28,1
3241,29,72,61,Mobile,GoogleAds,3,44,0
1556,2,4,489,Tablet,GoogleAds,4,47,1
659,36,3,496,Desktop,Email,5,7,1
978,19,92,433,Tablet,Email,13,12,1
2647,7,0,425,Desktop,Facebook,0,45,0
1110,26,93,198,Tablet,Instagram,7,36,1
2566,15,55,276,Desktop,Facebook,14,2,1
450,38,44,172,Tablet,Email,11,13,0
3335,3,64,272,Tablet,Email,18,31,1
930,38,2,405,Mobile,GoogleAds,6,22,1
779,16,21,271,Tablet,Facebook,8,22,1
1353,2,71,423,Mobile,Organic,10,12,1
1836,31,55,42,Desktop,Email,7,48,1
272,28,17,189,Desktop,GoogleAds,3,40,0
1587,7,24,260,Mobile,Instagram,9,38,1
3455,30,47,152,Tablet,Facebook,19,49,1
2694,7,83,131,Desktop,Email,9,20,1
3248,36,30,114,Tablet,Organic,7,42,1
2516,29,29,385,Tablet,Email,13,47,1
1008,24,79,222,Tablet,Organic,3,30,0
3361,39,65,397,Desktop,Facebook,19,49,1
709,4,80,54,Desktop,Organic,2,6,0
2359,29,9,338,Tablet,Organic,2,35,0
1613,5,70,296,Mobile,GoogleAds,3,18,0
1251,29,58,383,Mobile,Facebook,11,21,1
1135,30,50,395,Mobile,Email,17,23,1
2611,29,8,42,Tablet,Instagram,18,23,1
2345,26,53,93,Mobile,Facebook,10,20,1
1200,19,61,260,Desktop,Facebook,17,42,1
2678,26,80,281,Mobile,Instagram,13,12,1
1015,37,8,356,Mobile,Email,10,5,1
45,27,8,420,Tablet,GoogleAds,13,27,0
753,30,23,192,Desktop,Email,2,31,0
1774,30,38,125,Desktop,Instagram,1,12,0
362,3,74,428,Mobile,Email,8,33,0
1932,7,7,296,Tablet,Facebook,7,31,1
82,9,24,348,Tablet,GoogleAds,4,13,0
2705,13,65,429,Mobile,Organic,8,31,1
1386,15,9,392,Desktop,Email,4,44,1
1924,5,23,341,Desktop,Organic,12,4,1
1103,29,79,35,Desktop,GoogleAds,10,34,1
2482,35,82,428,Tablet,Organic,10,3,1
3056,27,58,402,Mobile,Email,19,13,1
717,27,30,47,Tablet,Instagram,11,17,1
1814,8,10,153,Desktop,Facebook,18,10,1
2618,32,5,238,Tablet,Facebook,12,18,1
2885,20,69,425,Desktop,Organic,8,1,1
965,10,31,5,Mobile,Facebook,3,33,0
2574,13,38,448,Desktop,Facebook,6,2,1
2485,29,47,446,Mobile,Instagram,4,28,1
169,35,12,125,Tablet,Organic,6,22,0
2206,8,58,367,Tablet,Instagram,7,47,1
2833,29,66,328,Tablet,Instagram,13,0,1
3311,31,55,87,Desktop,GoogleAds,9,41,1
1745,30,40,3,Mobile,Organic,5,5,1
1595,22,55,492,Tablet,Instagram,4,16,1
76,21,34,165,Tablet,Email,14,18,0
3071,12,37,223,Mobile,Facebook,15,43,1
2438,11,80,349,Desktop,Organic,1,47,0
67,2,66,297,Tablet,GoogleAds,14,1,0
3340,2,33,404,Desktop,Instagram,7,14,1
351,34,75,451,Desktop,Email,12,22,0
1163,3,87,343,Desktop,Facebook,16,18,1
2784,16,69,424,Tablet,Facebook,14,32,1
1205,4,10,341,Tablet,Email,13,5,1
2827,23,26,461,Mobile,Organic,18,49,1
2671,20,47,392,Mobile,Facebook,12,18,1
1242,25,23,389,Desktop,Facebook,6,29,1
2411,30,17,25,Tablet,Facebook,7,21,1
1504,18,26,39,Desktop,Instagram,6,2,1
1831,11,53,421,Mobile,Instagram,18,4,1
125,29,54,381,Desktop,Facebook,14,29,0
3345,17,20,105,Desktop,GoogleAds,6,2,1
671,26,58,5,Tablet,Facebook,16,38,1
1475,23,33,136,Desktop,Organic,17,38,1
2510,20,96,492,Desktop,GoogleAds,18,27,1
1878,2,57,4,Tablet,Organic,2,0,0
3558,24,47,169,Tablet,Email,6,21,1
2344,31,53,316,Mobile,Email,9,44,1
3384,27,17,310,Tablet,Instagram,6,44,1
1026,2,2,406,Desktop,Instagram,10,46,1
320,14,23,78,Mobile,Instagram,2,38,0
217,4,0,19,Mobile,Email,8,16,0
2675,13,5,205,Mobile,Organic,3,41,0
2503,36,18,355,Mobile,GoogleAds,7,27,1
2727,35,85,324,Desktop,Instagram,11,49,1
642,8,42,33,Desktop,Email,7,29,1
2112,2,7,150,Desktop,Instagram,14,39,1
2969,6,68,193,Desktop,Facebook,13,7,1
3093,31,51,139,Mobile,GoogleAds,4,26,1
666,10,72,272,Desktop,Organic,16,40,1
1433,21,46,196,Mobile,Instagram,19,44,1
1941,10,84,127,Tablet,Facebook,10,24,1
3037,23,27,349,Desktop,Facebook,14,12,1
2572,3,45,231,Tablet,GoogleAds,12,33,1
1689,32,3,44,Tablet,Email,3,38,0
246,20,87,230,Desktop,Email,12,6,0
3360,10,7,216,Mobile,Instagram,12,21,1
357,29,60,244,Tablet,Instagram,10,32,0
2684,34,16,9,Desktop,Email,4,45,1
3185,37,33,250,Tablet,Organic,13,37,1
639,20,19,200,Tablet,Organic,2,30,0
1550,8,79,334,Desktop,Facebook,17,44,1
2013,7,73,79,Tablet,GoogleAds,2,32,0
1281,6,33,245,Mobile,Organic,5,21,1
373,11,42,190,Mobile,Instagram,7,26,0
2378,18,9,86,Tablet,Organic,16,26,1
295,29,93,485,Tablet,GoogleAds,0,20,0
158,25,29,271,Desktop,Instagram,6,34,0
1117,21,24,262,Mobile,GoogleAds,17,46,1
2463,3,56,1,Tablet,Email,3,49,0
3035,18,62,20,Mobile,GoogleAds,9,9,1
465,24,70,489,Tablet,GoogleAds,4,46,0
1776,38,46,420,Desktop,GoogleAds,7,27,1
809,10,83,130,Desktop,Instagram,12,39,1
1194,27,80,326,Mobile,GoogleAds,16,36,1
1022,12,2,258,Mobile,GoogleAds,3,40,0
2841,7,45,131,Tablet,Facebook,9,32,1
2517,17,35,7,Tablet,Instagram,7,7,1
1533,1,25,340,Tablet,GoogleAds,9,36,1
2795,26,9,241,Mobile,Organic,12,49,1
2566,15,33,192,Desktop,GoogleAds,11,40,1
490,33,77,425,Desktop,Organic,12,32,0
1696,37,7,310,Mobile,Email,9,18,1
2171,31,54,297,Desktop,Email,0,29,0
2806,35,90,115,Mobile,Instagram,8,13,1
1611,1,9,389,Tablet,Instagram,2,13,0
2418,8,56,473,Mobile,Email,16,35,1
350,12,78,102,Desktop,Instagram,9,6,0
2827,19,85,338,Mobile,Organic,18,42,1
2020,25,44,319,Mobile,Organic,5,33,1
2818,32,49,1,Mobile,Facebook,6,49,1
3026,12,63,25,Mobile,Instagram,10,31,1
2506,13,94,209,Desktop,Instagram,15,41,1
1876,28,1,430,Tablet,Facebook,3,32,0
844,1,44,143,Desktop,GoogleAds,3,13,0
1213,6,94,197,Desktop,Organic,17,24,1
1735,8,61,145,Tablet,GoogleAds,17,27,1
3488,4,13,149,Desktop,Facebook,6,41,1
1699,5,73,181,Tablet,Instagram,10,49,1
3277,25,93,55,Tablet,GoogleAds,4,38,1
3547,22,99,471,Mobile,Instagram,17,29,1
320,28,14,363,Desktop,Facebook,6,30,0
271,39,13,138,Tablet,Email,1,23,0
1452,23,30,209,Desktop,Instagram,4,3,1
415,4,28,185,Desktop,GoogleAds,4,13,0
2200,4,26,65,Tablet,GoogleAds,18,8,1
351,21,84,37,Mobile,Facebook,1,35,0
1349,37,8,112,Tablet,GoogleAds,18,5,1
3182,2,19,263,Mobile,Organic,4,23,1
253,7,98,76,Tablet,Instagram,11,25,0
499,16,57,296,Tablet,Organic,12,33,0
21,17,78,178,Mobile,Facebook,19,0,0
3320,20,87,254,Mobile,Organic,6,22,1
570,23,48,1,Desktop,Organic,1,16,0
51,34,56,148,Tablet,Instagram,13,35,0
2735,11,15,364,Desktop,Instagram,4,36,1
603,34,99,159,Desktop,Email,19,49,1
1462,33,74,324,Mobile,Organic,11,44,1
1836,26,7,474,Mobile,Instagram,3,19,0
3239,2,66,268,Desktop,Organic,16,25,1
3297,23,18,150,Mobile,Organic,15,10,1
1703,22,66,129,Tablet,Facebook,9,19,1
3543,34,35,126,Mobile,Facebook,2,0,0
143,15,88,1,Mobile,Organic,0,43,0
3148,10,59,387,Tablet,Facebook,5,12,1
3088,15,35,117,Mobile,Instagram,2,35,0
957,29,10,460,Desktop,Organic,18,43,1
82,23,50,149,Desktop,Facebook,6,37,0
408,17,79,269,Desktop,Instagram,8,12,0
1438,9,54,189,Mobile,Organic,11,13,1
2635,36,53,141,Mobile,Organic,13,11,1
2916,9,16,105,Mobile,Facebook,0,33,0
139,16,61,466,Desktop,Instagram,12,26,0
2988,36,41,252,Mobile,Organic,1,11,0
3547,33,23,417,Tablet,Organic,2,37,0
3287,31,16,390,Mobile,Email,10,35,1
1821,6,47,281,Desktop,Organic,4,0,1
2011,10,83,407,Tablet,Email,1,25,0
275,16,85,344,Tablet,Email,13,39,0
1570,4,69,101,Desktop,Instagram,12,39,1
1995,22,6,282,Tablet,GoogleAds,13,20,1
802,13,13,388,Tablet,Email,2,31,0
2310,16,10,358,Tablet,Instagram,7,24,1
2879,29,11,163,Tablet,Facebook,12,11,1
1322,6,4,497,Tablet,Email,11,24,1
173,26,4,203,Mobile,GoogleAds,17,25,0
104,11,19,100,Desktop,Facebook,17,35,0
1815,24,53,281,Desktop,Email,16,15,1
2890,29,54,404,Mobile,Email,6,13,1
1143,3,57,257,Mobile,GoogleAds,12,45,1
2393,10,78,94,Desktop,Organic,12,33,1
831,1,89,324,Desktop,GoogleAds,5,48,1
247,26,96,279,Mobile,Instagram,18,23,0
2438,12,29,227,Mobile,Instagram,18,7,1
3517,14,23,362,Tablet,GoogleAds,15,26,1
2956,25,86,150,Mobile,GoogleAds,2,38,0
2540,8,72,351,Mobile,GoogleAds,13,12,1
1970,4,2,62,Tablet,GoogleAds,5,28,1
2959,28,99,129,Tablet,GoogleAds,16,30,1
1058,7,47,187,Desktop,Email,15,42,1
1686,10,70,68,Desktop,Facebook,1,18,0
3198,36,21,403,Mobile,Instagram,8,9,1
2539,2,13,30,Tablet,Instagram,12,42,1
3473,26,47,385,Tablet,Facebook,13,47,1
2974,14,28,304,Desktop,GoogleAds,19,39,1
3051,16,49,275,Desktop,Facebook,11,33,1
973,17,79,127,Mobile,GoogleAds,19,45,1
546,22,97,436,Tablet,Instagram,10,48,0
3160,4,9,213,Desktop,Organic,18,48,1
1613,19,70,406,Mobile,Instagram,9,42,1
3254,2,88,306,Mobile,Instagram,17,0,1
1989,39,26,450,Mobile,Organic,2,18,0
3093,9,78,134,Desktop,Facebook,15,0,1
137,19,95,448,Desktop,Email,17,23,0
101,16,27,405,Desktop,GoogleAds,13,24,0
552,25,8,481,Desktop,GoogleAds,16,3,0
855,18,70,403,Desktop,Instagram,4,23,1
1691,23,79,219,Tablet,Organic,16,38,1
3046,21,25,421,Tablet,Instagram,13,19,1
1861,11,98,319,Tablet,Instagram,2,32,0
2504,39,80,157,Tablet,Facebook,14,27,1
399,4,86,188,Mobile,GoogleAds,11,42,0
2729,25,7,476,Mobile,Email,16,44,1
1894,32,1,162,Tablet,Organic,16,34,1
52,30,94,129,Desktop,Email,18,23,0
263,26,56,304,Tablet,Organic,6,39,0
3211,36,51,89,Tablet,GoogleAds,4,43,1
1093,34,57,383,Mobile,Facebook,1,1,0
2720,9,95,405,Desktop,Email,15,22,1
2524,12,92,162,Mobile,Organic,12,32,1
2344,2,2,410,Desktop,Instagram,10,13,1
3068,38,7,36,Mobile,GoogleAds,6,14,1
1550,5,58,227,Tablet,Facebook,2,31,0
3548,5,1,151,Desktop,Instagram,5,22,1
1963,22,94,81,Mobile,Facebook,4,3,1
2835,5,61,47,Tablet,Organic,0,19,0
2402,4,48,490,Mobile,Instagram,0,30,0
651,9,19,204,Mobile,Facebook,17,6,1
2439,29,28,428,Mobile,GoogleAds,2,0,0
699,22,16,148,Tablet,Email,18,4,1
1286,27,73,231,Desktop,Email,9,13,1
1960,10,21,27,Mobile,Instagram,19,29,1
1089,16,5,490,Tablet,GoogleAds,10,37,1
1496,10,61,189,Mobile,GoogleAds,7,22,1
466,6,97,165,Desktop,Facebook,19,6,0
992,5,30,212,Mobile,Instagram,10,43,1
2140,6,61,308,Tablet,GoogleAds,4,38,1
1132,25,11,75,Mobile,Facebook,3,49,0
158,4,11,92,Mobile,GoogleAds,12,15,0
1362,32,62,62,Desktop,Instagram,5,8,1
1189,35,15,66,Desktop,GoogleAds,1,38,0
199,10,24,408,Desktop,GoogleAds,5,45,0
3575,34,21,80,Mobile,GoogleAds,9,33,1
892,36,90,140,Tablet,Email,3,30,0
2320,6,87,400,Mobile,Organic,15,44,1
3161,16,75,420,Mobile,Instagram,9,6,1
409,19,17,130,Mobile,Email,0,1,0
2821,34,44,473,Mobile,Organic,12,5,1
618,25,79,254,Desktop,GoogleAds,13,43,1
3341,31,67,446,Desktop,GoogleAds,11,33,1
1805,17,11,320,Desktop,Email,12,16,1
1648,30,48,29,Desktop,Facebook,0,25,0
1585,39,32,476,Tablet,Instagram,13,11,1
2842,31,85,202,Mobile,Organic,7,19,1
2158,19,62,237,Mobile,GoogleAds,13,40,1
1392,35,17,87,Mobile,Instagram,0,45,0
1413,29,53,96,Tablet,GoogleAds,16,34,1
829,1,96,287,Tablet,GoogleAds,15,34,1
3302,4,26,339,Desktop,GoogleAds,11,28,1
829,28,82,399,Mobile,Instagram,19,47,1
429,18,77,439,Mobile,Email,4,37,0
133,26,24,289,Tablet,Instagram,17,30,0
431,19,33,252,Mobile,Instagram,3,39,0
3312,6,87,465,Tablet,Facebook,19,12,1
3144,1,59,180,Desktop,Facebook,10,25,1
1518,8,53,100,Tablet,Email,7,21,1
1607,33,86,404,Mobile,Facebook,8,7,1
777,21,4,73,Tablet,Email,19,39,1
2054,24,35,422,Tablet,GoogleAds,9,6,1
2540,25,53,131,Desktop,GoogleAds,6,4,1
2576,19,87,182,Mobile,Instagram,18,0,1
2212,29,35,194,Mobile,GoogleAds,0,44,0
2149,10,68,18,Desktop,Facebook,4,39,1
3039,12,38,471,Tablet,Organic,5,10,1
1559,33,69,126,Tablet,Instagram,11,31,1
2512,7,99,211,Mobile,Email,11,6,1
1774,17,3,7,Tablet,GoogleAds,13,28,1
2054,10,73,419,Desktop,Instagram,6,29,1
2655,31,64,380,Mobile,Instagram,19,20,1
519,6,84,114,Tablet,Instagram,19,38,0
1216,17,39,340,Desktop,GoogleAds,13,47,1
395,37,36,84,Desktop,Email,15,43,0
1607,18,66,339,Mobile,Instagram,8,42,1
2462,26,30,361,Mobile,Instagram,1,40,0
2303,16,90,464,Tablet,Instagram,16,38,1
751,8,80,102,Tablet,GoogleAds,3,19,0
2718,24,86,469,Tablet,Facebook,13,21,1
2707,13,76,93,Desktop,Email,13,28,1
3552,29,46,492,Desktop,Instagram,14,45,1
1921,32,26,316,Tablet,Instagram,11,3,1
1456,24,50,102,Mobile,Instagram,12,2,1
910,16,19,493,Desktop,GoogleAds,9,8,1
2122,11,12,251,Desktop,Facebook,15,4,1
3094,32,62,24,Tablet,Instagram,14,2,1
2270,6,43,485,Mobile,Instagram,7,24,1
2019,35,23,477,Desktop,GoogleAds,3,31,0
251,33,2,479,Mobile,Email,0,32,0
2550,18,9,365,Desktop,Email,13,17,1
3294,37,64,167,Mobile,Facebook,8,44,1
2395,13,48,140,Mobile,Email,18,35,1
2030,10,57,94,Desktop,Instagram,5,49,1
182,37,76,181,Mobile,GoogleAds,15,40,0
681,26,77,64,Desktop,Instagram,10,28,1
173,17,96,4,Desktop,Instagram,10,38,0
474,1,1,94,Mobile,Facebook,13,46,0
3052,25,65,389,Desktop,Email,10,44,1
506,34,30,272,Mobile,Email,13,1,0
709,39,67,283,Desktop,Email,0,10,0
2452,10,97,132,Mobile,Instagram,10,30,1
712,20,82,72,Desktop,GoogleAds,17,3,1
1950,7,36,304,Desktop,GoogleAds,16,28,1
2365,16,72,392,Tablet,Instagram,3,49,0
1801,37,23,81,Desktop,Organic,13,2,1
192,29,76,174,Desktop,Instagram,7,1,0
638,12,43,300,Mobile,Email,14,43,1
2567,17,93,451,Mobile,Instagram,15,35,1
1741,20,82,475,Mobile,Organic,0,13,0
555,26,40,52,Mobile,Instagram,0,47,0
1597,19,73,290,Tablet,Email,9,3,1
633,12,50,446,Tablet,Facebook,1,43,0
603,21,41,237,Mobile,GoogleAds,11,29,1
753,34,77,277,Mobile,Organic,3,18,0
3308,7,39,491,Mobile,Facebook,18,18,1
1778,35,47,280,Mobile,GoogleAds,0,43,0
1469,15,83,44,Desktop,Facebook,0,30,0
1958,1,3,370,Mobile,Instagram,8,14,1
3503,26,59,254,Desktop,Instagram,19,28,1
2611,35,38,425,Mobile,GoogleAds,12,2,1
2078,25,4,413,Tablet,GoogleAds,10,18,1
2611,15,95,359,Tablet,Instagram,18,21,1
2454,22,5,134,Mobile,Instagram,16,46,1
2682,6,13,56,Tablet,GoogleAds,2,19,0
114,15,69,14,Tablet,GoogleAds,19,6,0
2249,24,77,178,Tablet,GoogleAds,12,3,1
26,21,11,462,Tablet,Email,18,0,0
3201,7,61,101,Desktop,Email,19,40,1
402,29,26,180,Desktop,Instagram,8,6,0
434,32,53,472,Desktop,Email,18,21,0
2186,32,89,461,Desktop,Organic,18,36,1
3211,5,11,257,Mobile,Instagram,0,29,0
581,4,7,268,Tablet,Organic,16,8,0
2086,22,73,371,Tablet,Facebook,13,26,1
1130,18,15,362,Mobile,Organic,11,37,1
3091,35,51,408,Mobile,Facebook,1,22,0
251,17,25,37,Desktop,Organic,2,11,0
2289,24,7,468,Desktop,Facebook,4,12,1
798,2,44,454,Tablet,Facebook,2,32,0
3365,13,92,204,Mobile,Instagram,13,14,1
724,15,83,469,Tablet,GoogleAds,17,15,1
768,5,80,259,Mobile,GoogleAds,4,33,1
2859,3,18,155,Desktop,Instagram,2,8,0
785,37,16,238,Tablet,Facebook,1,41,0
2783,37,64,309,Tablet,GoogleAds,8,26,1
2257,37,28,100,Mobile,GoogleAds,17,47,1
3002,3,13,273,Tablet,Organic,1,14,0
88,35,16,113,Desktop,Email,18,34,0
3013,23,12,110,Tablet,Instagram,2,33,0
865,28,92,143,Mobile,Email,17,39,1
3254,30,97,167,Tablet,Facebook,13,29,1
2524,18,90,260,Desktop,Organic,12,47,1
2638,36,62,145,Mobile,GoogleAds,15,22,1
1449,33,32,230,Mobile,Organic,10,8,1
2997,26,28,395,Desktop,Instagram,11,31,1
2506,17,36,268,Mobile,Facebook,2,34,0
2144,7,82,495,Mobile,Organic,5,48,1
2158,8,45,32,Tablet,Organic,15,31,1
1041,31,23,411,Mobile,Organic,11,44,1
854,12,13,428,Tablet,GoogleAds,19,15,1
3281,31,4,299,Desktop,Facebook,5,31,1
3586,19,52,219,Desktop,GoogleAds,19,24,1
96,10,87,177,Desktop,Organic,13,29,0
2100,39,97,104,Desktop,GoogleAds,8,36,1
3466,12,94,236,Mobile,GoogleAds,16,36,1
3516,20,29,93,Mobile,Instagram,11,34,1
417,37,59,201,Tablet,Email,0,44,0
3564,7,72,299,Tablet,Email,19,7,1
2721,14,90,387,Tablet,Instagram,7,39,1
3098,11,27,231,Mobile,Instagram,11,48,1
1678,7,25,413,Tablet,GoogleAds,15,46,1
157,29,17,255,Mobile,GoogleAds,0,35,0
2334,10,35,85,Desktop,Facebook,2,24,0
241,29,7,35,Mobile,Email,11,17,0
1960,9,17,117,Desktop,GoogleAds,3,38,0
375,36,83,176,Tablet,Facebook,9,9,0
3309,10,57,458,Mobile,Email,1,0,0
1684,19,31,471,Tablet,Facebook,8,3,1
445,31,92,423,Tablet,Facebook,2,25,0
408,17,48,473,Desktop,Instagram,19,10,0
1244,9,47,408,Tablet,Organic,19,14,1
1424,33,81,276,Mobile,Organic,0,31,0
2556,34,70,399,Tablet,Organic,4,14,1
2597,24,64,85,Desktop,Facebook,4,27,1
572,9,91,117,Desktop,GoogleAds,1,22,0
3572,7,32,362,Tablet,Organic,14,2,1
2499,16,49,204,Desktop,GoogleAds,0,31,0
1294,19,3,146,Tablet,Email,4,19,1
782,39,83,444,Desktop,Organic,6,13,1
2407,6,35,215,Tablet,Facebook,10,34,1
2047,11,94,105,Tablet,Instagram,9,39,1
3433,12,27,349,Mobile,Facebook,1,41,0
2577,13,2,297,Mobile,GoogleAds,13,8,1
1353,12,5,356,Tablet,Email,4,46,1
2195,21,44,69,Mobile,Facebook,15,23,1
1583,10,22,487,Mobile,Instagram,1,40,0
1001,20,6,474,Desktop,Instagram,9,3,1
2425,36,60,255,Mobile,Email,17,11,1
3301,28,99,231,Desktop,Organic,4,23,1
3418,24,64,203,Mobile,Facebook,16,0,1
1256,5,5,362,Mobile,Facebook,10,13,1
369,37,23,395,Tablet,Instagram,4,30,0
930,12,36,248,Mobile,GoogleAds,5,9,1
2386,35,44,440,Tablet,Facebook,15,32,1
3019,2,50,402,Tablet,Instagram,4,35,1
2520,39,99,396,Tablet,GoogleAds,15,41,1
3003,9,87,249,Tablet,Organic,16,34,1
972,22,44,144,Mobile,Organic,8,47,1
1837,5,62,283,Tablet,Instagram,1,17,0
3463,12,28,356,Mobile,Instagram,18,24,1
2893,1,95,401,Mobile,Organic,16,11,1
1623,22,24,241,Desktop,Instagram,4,27,1
1650,38,9,341,Desktop,Email,1,8,0
2226,19,34,375,Desktop,Facebook,10,23,1
226,16,54,229,Tablet,Email,0,19,0
387,31,24,31,Mobile,GoogleAds,8,25,0
128,3,90,109,Mobile,Instagram,5,4,0
199,23,44,419,Tablet,Instagram,10,26,0
2824,18,95,27,Desktop,GoogleAds,7,27,1
379,26,11,343,Desktop,Facebook,12,36,0
1811,13,3,160,Mobile,Organic,11,39,1
2206,18,89,17,Mobile,Email,8,6,1
661,3,66,267,Mobile,Facebook,14,18,1
1892,23,16,129,Desktop,Organic,4,21,1
1521,3,72,220,Mobile,Organic,14,17,1
779,25,92,82,Desktop,Instagram,1,14,0
2431,27,64,49,Desktop,GoogleAds,14,32,1
790,27,81,41,Desktop,Instagram,19,38,1
1726,39,52,20,Tablet,GoogleAds,2,4,0
2217,25,83,327,Tablet,Instagram,9,39,1
2408,24,56,37,Mobile,Email,6,36,1
1321,8,97,382,Desktop,Instagram,9,4,1
3369,9,27,400,Mobile,Email,9,36,1
2949,37,98,39,Desktop,Facebook,7,42,1
1259,30,15,109,Mobile,Facebook,12,6,1
532,19,20,429,Mobile,Instagram,1,1,0
531,16,76,64,Tablet,Facebook,11,29,0
792,24,98,175,Tablet,Organic,8,48,1
2330,21,41,279,Tablet,Email,0,10,0
945,36,53,32,Tablet,GoogleAds,11,36,1
3483,39,31,433,Desktop,Email,11,38,1
2240,6,37,209,Mobile,Instagram,2,32,0
1698,5,69,379,Mobile,Facebook,7,8,1
497,14,37,19,Desktop,Facebook,12,10,0
1860,4,53,106,Desktop,Organic,16,11,1
855,8,59,482,Mobile,Facebook,19,9,1
2181,24,76,206,Tablet,Instagram,9,10,1
3042,11,76,247,Tablet,Instagram,14,32,1
2847,17,46,323,Tablet,GoogleAds,8,19,1
2471,21,11,167,Desktop,Email,17,4,1
2013,26,52,89,Mobile,Email,7,46,1
1758,27,32,316,Desktop,Email,13,23,1
3253,16,27,11,Mobile,GoogleAds,10,31,1
3369,26,2,49,Tablet,GoogleAds,12,30,1
3516,33,81,399,Tablet,GoogleAds,15,41,1
695,31,25,384,Tablet,Organic,13,43,1
2170,6,53,467,Mobile,GoogleAds,8,13,1
2945,8,39,61,Tablet,Facebook,8,18,1
2179,7,65,171,Mobile,Organic,18,41,1
1577,34,67,143,Desktop,Facebook,4,23,1
1255,14,91,207,Tablet,Email,14,31,1
48,16,91,486,Desktop,Instagram,10,11,0
2554,9,88,463,Desktop,Email,18,49,1
789,10,89,201,Mobile,GoogleAds,5,20,1
1266,17,46,5,Desktop,Instagram,9,35,1
3000,12,1,211,Mobile,Email,15,24,1
2206,6,41,472,Mobile,Organic,4,13,1
3478,19,33,29,Desktop,GoogleAds,17,7,1
3079,29,93,190,Mobile,Email,18,28,1
2718,6,20,188,Mobile,Instagram,9,24,1
1937,25,43,325,Mobile,Facebook,9,22,1
311,24,86,255,Desktop,Email,11,35,0
3441,25,96,150,Mobile,Organic,2,47,0
2295,16,1,13,Tablet,Instagram,3,11,0
656,16,90,434,Desktop,Email,11,49,1
672,6,58,372,Desktop,Facebook,6,11,1
2293,37,85,497,Mobile,GoogleAds,11,17,1
1769,21,97,431,Desktop,GoogleAds,2,35,0
2260,4,15,366,Tablet,GoogleAds,17,47,1
265,34,19,157,Desktop,Instagram,18,49,0
607,28,25,80,Desktop,Facebook,4,18,1
671,38,15,356,Desktop,Facebook,13,47,1
244,28,69,273,Mobile,Email,7,34,0
1378,17,22,148,Tablet,GoogleAds,14,48,1
2591,14,41,206,Tablet,Instagram,15,26,1
2917,7,36,114,Tablet,GoogleAds,17,2,1
3547,22,71,6,Desktop,GoogleAds,10,12,1
779,1,5,278,Tablet,Email,1,37,0
2598,29,36,232,Mobile,Email,9,40,1
222,31,21,137,Desktop,Email,10,18,0
472,30,5,160,Mobile,Organic,4,42,0
2493,15,31,344,Desktop,Organic,16,34,1
292,18,16,289,Mobile,Instagram,0,14,0
1496,35,37,205,Desktop,Instagram,13,15,1
1440,30,16,483,Mobile,Email,14,34,1
97,34,36,326,Tablet,Facebook,6,4,0
1077,11,22,305,Desktop,Instagram,7,6,1
470,27,48,360,Desktop,Organic,15,20,0
2335,24,60,158,Mobile,Organic,12,40,1
2478,35,48,358,Mobile,GoogleAds,4,0,1
1734,39,60,400,Mobile,Email,2,24,0
1386,8,76,449,Desktop,Facebook,12,29,1
2753,18,31,106,Mobile,Email,18,18,1
524,13,85,82,Tablet,Organic,11,23,0
712,24,62,342,Mobile,Facebook,18,45,1
1663,23,6,474,Mobile,Instagram,16,14,1
2076,12,21,270,Mobile,GoogleAds,10,34,1
32,30,84,440,Tablet,Organic,2,23,0
2470,31,5,421,Mobile,GoogleAds,1,35,0
1063,28,60,49,Mobile,Email,13,48,1
1840,22,13,206,Desktop,Facebook,16,13,1
2165,28,15,218,Desktop,Email,1,21,0
3448,13,2,306,Mobile,GoogleAds,17,38,1
1314,25,8,164,Desktop,Organic,14,7,1
3209,7,46,436,Mobile,GoogleAds,11,47,1
3310,6,84,279,Mobile,Organic,15,15,1
1144,24,93,322,Tablet,GoogleAds,15,45,1
2193,19,93,231,Mobile,Email,6,16,1
371,19,41,199,Desktop,GoogleAds,5,4,0
3267,36,41,487,Desktop,Instagram,13,40,1
2186,9,95,429,Desktop,Email,7,34,1
1909,36,22,371,Desktop,GoogleAds,19,36,1
1294,38,2,214,Mobile,GoogleAds,18,17,1
524,29,0,284,Tablet,Facebook,18,20,0
458,24,66,486,Tablet,Email,11,41,0
1933,5,70,276,Mobile,Facebook,8,0,1
3185,26,2,433,Desktop,Email,8,16,1
1516,14,99,185,Tablet,Organic,4,7,1
1257,39,48,210,Tablet,Email,13,28,1
1865,29,66,121,Mobile,Email,0,19,0
883,6,54,216,Desktop,GoogleAds,2,48,0
3572,7,3,97,Tablet,Instagram,10,49,1
2530,37,30,443,Mobile,Email,3,36,0
3091,18,65,119,Tablet,Facebook,19,38,1
1438,23,77,365,Tablet,Instagram,0,4,0
2359,38,63,282,Desktop,Email,5,9,1
2288,1,30,403,Desktop,Instagram,9,5,1
1764,4,62,496,Tablet,Organic,3,6,0
932,35,65,106,Desktop,Instagram,16,34,1
3147,23,30,397,Tablet,Organic,4,26,1
2994,27,46,458,Tablet,Instagram,1,41,0
2169,26,21,318,Tablet,Instagram,0,20,0
1046,8,73,382,Mobile,Facebook,15,23,1
1426,16,93,142,Desktop,Facebook,6,28,1
2557,3,96,457,Desktop,GoogleAds,2,26,0
2989,32,82,395,Tablet,Instagram,13,37,1
2655,5,45,323,Desktop,Organic,18,1,1
2291,20,88,488,Tablet,Instagram,15,24,1
2659,14,57,268,Desktop,Email,5,1,1
323,32,60,291,Desktop,Organic,0,37,0
2623,26,45,487,Tablet,Email,6,17,1
3093,6,0,366,Desktop,GoogleAds,10,41,1
2266,36,95,167,Tablet,Email,17,6,1
2007,5,24,160,Mobile,GoogleAds,8,48,1
1047,13,60,231,Tablet,GoogleAds,2,3,0
1666,32,80,14,Desktop,GoogleAds,7,43,1
3499,16,13,492,Mobile,Email,7,39,1
3518,1,44,193,Mobile,GoogleAds,0,40,0
3458,13,76,155,Tablet,GoogleAds,9,9,1
3101,11,38,101,Mobile,Facebook,14,40,1
2644,8,65,60,Tablet,Instagram,9,27,1
1788,25,31,43,Desktop,GoogleAds,7,29,1
1024,32,95,193,Tablet,Organic,1,23,0
1103,24,57,311,Mobile,Organic,17,35,1
3292,28,55,109,Tablet,Facebook,1,15,0
1134,14,5,93,Tablet,Email,18,32,1
707,3,88,216,Desktop,Email,8,9,1
2189,36,66,465,Tablet,Email,9,47,1
1414,27,81,163,Desktop,GoogleAds,3,20,0
1165,20,49,351,Mobile,Email,0,26,0
1053,15,37,234,Mobile,Email,10,20,1
1939,27,2,416,Tablet,Instagram,1,26,0
2593,28,4,403,Tablet,GoogleAds,3,31,0
1023,25,23,351,Mobile,GoogleAds,14,4,1
236,33,53,167,Mobile,Organic,19,34,0
3235,14,33,148,Mobile,Organic,12,21,1
1838,8,38,28,Tablet,Instagram,0,35,0
1502,14,87,259,Mobile,Facebook,1,9,0
831,1,99,416,Tablet,GoogleAds,5,33,1
2033,16,91,86,Mobile,Organic,6,5,1
880,18,47,108,Mobile,Email,18,13,1
2462,7,48,442,Tablet,GoogleAds,3,36,0
2259,15,33,438,Desktop,GoogleAds,17,18,1
2095,24,79,426,Tablet,GoogleAds,8,31,1
2999,13,99,117,Desktop,Organic,10,19,1
1805,9,6,364,Tablet,Instagram,4,20,1
197,15,17,15,Desktop,Organic,0,14,0
1090,35,69,486,Desktop,Email,1,16,0
950,24,91,211,Desktop,Email,2,43,0
3101,33,33,318,Tablet,Facebook,16,44,1
2330,16,50,31,Tablet,Organic,1,23,0
3200,8,92,445,Tablet,Organic,0,20,0
2640,29,67,282,Desktop,Facebook,1,47,0
2573,23,13,453,Desktop,Facebook,7,14,1
3302,31,68,185,Tablet,GoogleAds,12,10,1
535,14,88,404,Tablet,GoogleAds,13,36,0
3596,30,7,66,Mobile,Email,11,29,1
345,39,14,405,Mobile,Instagram,8,17,0
2755,27,82,371,Mobile,Email,18,27,1
1088,16,58,316,Mobile,Organic,19,12,1
2557,6,10,63,Mobile,Instagram,6,42,1
2957,33,19,435,Tablet,GoogleAds,9,9,1
2823,18,54,228,Desktop,Facebook,2,46,0
2593,16,35,476,Desktop,Facebook,18,38,1
171,12,81,468,Tablet,Email,16,11,0
603,20,13,101,Tablet,Organic,7,49,1
1948,29,57,423,Tablet,Organic,17,37,1
2216,30,37,356,Mobile,Facebook,6,40,1
3269,26,88,139,Mobile,Email,6,47,1
69,22,79,119,Mobile,Email,19,39,0
2972,33,81,57,Tablet,GoogleAds,15,25,1
3400,39,0,131,Tablet,GoogleAds,14,43,1
1911,29,64,37,Desktop,GoogleAds,13,18,1
2268,22,0,468,Tablet,Instagram,15,22,1
415,13,84,480,Mobile,Email,8,47,0
673,9,59,111,Desktop,Email,9,35,1
1142,24,24,153,Tablet,GoogleAds,14,26,1
1109,15,90,405,Desktop,Facebook,9,15,1
551,36,9,250,Desktop,GoogleAds,1,6,0
1347,13,49,242,Tablet,Instagram,4,12,1
1007,27,11,208,Mobile,Facebook,7,11,1
1150,37,91,368,Mobile,Email,5,26,1
2984,7,31,170,Desktop,Instagram,5,32,1
877,8,32,257,Tablet,Instagram,0,30,0
2076,37,71,279,Tablet,Facebook,15,10,1
441,14,25,363,Mobile,GoogleAds,17,16,0
749,12,41,113,Tablet,GoogleAds,2,37,0
1383,36,49,408,Tablet,Organic,6,1,1
192,17,60,175,Desktop,Facebook,11,2,0
2170,29,40,89,Tablet,GoogleAds,9,33,1
1216,27,56,135,Tablet,Instagram,9,49,1
2538,1,1,294,Tablet,GoogleAds,8,31,1
1179,34,98,495,Mobile,GoogleAds,10,23,1
840,4,97,303,Mobile,Instagram,18,23,1
1661,24,69,359,Desktop,Facebook,7,12,1
1146,21,30,419,Mobile,Organic,17,21,1
2820,33,22,206,Mobile,GoogleAds,3,18,0
485,7,75,318,Mobile,GoogleAds,1,29,0
2820,1,53,73,Mobile,GoogleAds,12,38,1
1336,3,27,259,Desktop,Facebook,13,20,1
980,15,78,358,Tablet,Instagram,19,47,1
1029,31,18,148,Tablet,Instagram,14,22,1
1151,16,75,489,Tablet,Instagram,12,15,1
1846,10,47,225,Desktop,Instagram,5,41,1
170,29,1,105,Mobile,Instagram,19,6,0
2458,6,10,44,Desktop,Instagram,5,19,1
207,29,43,416,Desktop,GoogleAds,0,47,0
1293,17,58,356,Desktop,GoogleAds,14,41,1
669,22,58,26,Tablet,Instagram,5,13,1
1785,24,37,304,Mobile,Instagram,14,25,1
1080,17,24,261,Tablet,Facebook,14,21,1
2020,21,20,59,Desktop,Facebook,13,40,1
408,11,41,61,Desktop,Email,9,35,0
1743,7,35,305,Tablet,GoogleAds,7,25,1
1592,39,8,414,Tablet,Instagram,3,11,0
2135,5,11,401,Tablet,GoogleAds,5,48,1
2181,21,9,70,Mobile,Email,19,30,1
84,18,58,442,Tablet,Facebook,16,39,0
2194,35,4,447,Mobile,Email,6,3,1
611,20,32,445,Mobile,Organic,11,39,1
3481,15,68,447,Tablet,Facebook,3,26,0
846,5,79,271,Desktop,GoogleAds,13,8,1
1538,13,62,257,Desktop,Facebook,3,11,0
509,12,28,397,Mobile,Email,15,28,0
1606,21,17,432,Mobile,Instagram,0,27,0
147,37,92,384,Mobile,Email,17,15,0
2107,6,5,418,Desktop,Email,18,7,1
1804,7,52,125,Mobile,Instagram,9,46,1
982,26,81,414,Mobile,GoogleAds,4,48,1
1652,8,31,19,Desktop,GoogleAds,12,12,1
1895,9,41,119,Tablet,Facebook,5,13,1
2311,27,46,320,Desktop,Email,3,14,0
2038,4,30,66,Tablet,Facebook,15,8,1
2767,21,61,245,Tablet,Instagram,7,43,1
1910,31,55,57,Mobile,Organic,15,31,1
2620,21,10,44,Mobile,GoogleAds,10,21,1
2814,25,25,12,Tablet,Instagram,0,24,0
1459,39,91,378,Mobile,GoogleAds,17,40,1
556,15,26,424,Tablet,Facebook,3,25,0
3383,35,82,236,Mobile,Organic,10,44,1
931,37,56,24,Desktop,Email,19,28,1
590,28,26,395,Tablet,GoogleAds,9,17,0
1382,14,58,450,Tablet,Email,15,35,1
1966,4,61,257,Mobile,Facebook,9,19,1
2013,20,19,442,Desktop,GoogleAds,4,32,1
2106,34,2,284,Mobile,Facebook,17,19,1
2974,12,15,324,Desktop,Email,10,2,1
3155,33,43,361,Mobile,Facebook,2,42,0
713,24,92,251,Tablet,Facebook,8,33,1
2318,20,78,94,Desktop,Facebook,14,5,1
2413,5,29,380,Desktop,Instagram,18,30,1
1635,38,39,443,Mobile,Instagram,18,34,1
3341,30,64,455,Desktop,GoogleAds,4,31,1
647,24,28,380,Mobile,Facebook,5,41,1
2800,7,29,22,Desktop,Facebook,3,8,0
3376,36,31,474,Mobile,Facebook,11,45,1
1019,38,9,157,Mobile,Instagram,4,47,1
2988,16,90,89,Mobile,Email,2,26,0
650,15,50,202,Tablet,Facebook,9,23,1
2849,23,7,468,Desktop,Organic,12,49,1
3394,12,50,462,Tablet,GoogleAds,3,21,0
2669,29,35,481,Tablet,Instagram,7,29,1
1871,15,54,197,Tablet,Email,0,35,0
2866,29,34,45,Tablet,Organic,19,25,1
1215,21,35,454,Desktop,Facebook,1,49,0
695,15,55,470,Desktop,Instagram,3,1,0
1861,14,35,380,Tablet,Facebook,0,41,0
3445,16,88,401,Desktop,GoogleAds,6,43,1
197,15,83,79,Desktop,Instagram,4,6,0
1629,4,60,39,Mobile,Organic,12,26,1
1697,27,61,424,Desktop,Email,12,15,1
994,23,80,284,Tablet,Email,7,48,1
557,29,86,386,Desktop,GoogleAds,16,45,0
2782,9,24,466,Tablet,Email,9,28,1
2983,7,63,155,Desktop,Email,9,20,1
1441,4,59,149,Tablet,GoogleAds,1,25,0
885,5,56,343,Desktop,Organic,5,17,1
627,5,94,391,Desktop,Instagram,0,0,0
2471,11,69,445,Desktop,Instagram,17,1,1
1375,28,98,52,Tablet,GoogleAds,2,13,0
1253,16,51,251,Mobile,Facebook,6,37,1
912,30,55,432,Tablet,GoogleAds,15,14,1
172,4,62,382,Desktop,GoogleAds,2,35,0
1984,2,67,147,Tablet,GoogleAds,5,23,1
3301,3,19,329,Desktop,GoogleAds,3,24,0
279,21,53,396,Desktop,Email,15,8,0
641,6,0,494,Mobile,Email,2,14,0
915,18,89,350,Desktop,Organic,3,36,0
3481,5,97,455,Desktop,GoogleAds,10,5,1
3263,9,9,258,Desktop,Instagram,16,42,1
2024,20,22,273,Mobile,Facebook,18,44,1
1651,28,50,459,Tablet,Email,7,11,1
214,26,23,498,Mobile,Instagram,13,26,0
591,18,12,125,Tablet,Email,15,6,0
1589,19,28,204,Desktop,Organic,18,27,1
850,3,57,256,Tablet,Facebook,15,11,1
1846,9,90,131,Tablet,Email,9,41,1
1261,36,94,21,Tablet,Facebook,14,34,1
1729,31,42,78,Tablet,Facebook,3,1,0
1652,17,9,335,Desktop,Instagram,3,25,0
2653,23,30,51,Mobile,Email,12,19,1
2307,34,73,362,Tablet,Facebook,11,24,1
884,5,87,361,Desktop,GoogleAds,14,20,1
1474,15,96,266,Desktop,Facebook,12,0,1
2253,3,13,116,Desktop,Facebook,5,27,1
699,19,98,55,Desktop,Email,13,37,1
2020,28,33,292,Tablet,GoogleAds,2,12,0
3151,3,16,51,Mobile,Facebook,7,29,1
2696,38,20,330,Desktop,Email,11,9,1
1432,4,95,273,Mobile,Email,13,44,1
2011,24,66,254,Mobile,Facebook,4,21,1
681,31,57,492,Mobile,Organic,1,28,0
3284,11,78,473,Desktop,Organic,9,4,1
1181,37,7,61,Desktop,Instagram,2,7,0
1505,1,95,347,Desktop,Organic,9,10,1
953,9,37,481,Mobile,Organic,8,25,1
2256,17,25,459,Desktop,Email,16,18,1
1459,1,63,397,Desktop,Email,5,18,1
2549,3,29,449,Mobile,Facebook,8,29,1
905,26,8,351,Desktop,Facebook,2,35,0
2199,31,31,225,Tablet,Email,6,41,1
1346,26,10,469,Tablet,Facebook,11,8,1
174,23,85,336,Tablet,Email,17,6,0
2371,30,33,103,Tablet,Organic,9,17,1
2078,10,17,471,Mobile,Facebook,1,8,0
1115,8,18,458,Desktop,Organic,16,5,1
3212,25,53,48,Tablet,Instagram,2,5,0
1763,22,81,225,Tablet,Facebook,0,44,0
3041,15,36,342,Desktop,Email,7,21,1
2362,10,81,233,Mobile,Email,12,16,1
1948,20,11,70,Tablet,Instagram,10,14,1
380,23,3,47,Desktop,Email,7,8,0
1890,1,42,228,Desktop,Organic,19,5,1
862,2,26,495,Tablet,Email,0,22,0
393,19,50,10,Tablet,Instagram,1,16,0
1941,14,4,185,Desktop,GoogleAds,17,31,1
2502,8,5,80,Desktop,GoogleAds,17,31,1
434,38,76,13,Tablet,Organic,8,36,0
2218,12,86,499,Tablet,GoogleAds,6,2,1
3259,26,55,445,Tablet,Email,8,15,1
638,27,88,314,Tablet,Instagram,9,1,1
904,29,67,340,Mobile,Organic,1,2,0
2547,15,95,324,Desktop,GoogleAds,4,40,1
3074,1,43,84,Tablet,Email,16,13,1
2384,28,14,86,Desktop,Email,1,13,0
607,3,89,157,Tablet,Facebook,19,29,1
3072,18,41,144,Mobile,Facebook,9,48,1
2346,34,10,491,Desktop,Instagram,0,39,0
602,32,72,63,Mobile,Organic,11,48,1
1697,29,10,431,Desktop,GoogleAds,14,26,1
582,25,65,43,Mobile,GoogleAds,5,16,0
3435,26,26,407,Tablet,Email,13,38,1
2085,39,57,158,Tablet,GoogleAds,13,8,1
3011,8,89,185,Mobile,Instagram,14,35,1
2100,19,71,286,Tablet,Facebook,0,9,0
1714,22,20,491,Mobile,Email,16,28,1
2480,29,20,323,Mobile,Organic,10,3,1
186,33,71,440,Desktop,Email,14,20,0
538,38,0,24,Mobile,GoogleAds,19,36,0
1643,35,57,497,Desktop,Instagram,15,1,1
975,3,12,357,Mobile,Organic,8,14,1
1527,19,72,205,Desktop,Email,11,27,1
207,10,91,362,Desktop,GoogleAds,1,24,0
2667,27,5,224,Tablet,Email,14,25,1
2899,15,86,101,Desktop,Organic,8,8,1
862,11,99,204,Desktop,GoogleAds,15,29,1
3598,26,57,8,Mobile,Facebook,16,8,1
1547,24,16,472,Desktop,Organic,19,0,1
2079,13,72,172,Tablet,Facebook,3,11,0
3193,32,11,208,Mobile,Facebook,7,44,1
1090,37,85,96,Desktop,GoogleAds,6,12,1
3147,4,51,162,Mobile,Email,5,13,1
2899,13,75,291,Mobile,Email,4,9,1
107,9,69,96,Mobile,Instagram,9,16,0
3225,34,72,306,Mobile,Organic,2,16,0
1913,37,51,145,Mobile,Organic,19,30,1
444,7,36,258,Desktop,GoogleAds,16,45,0
646,1,2,474,Mobile,GoogleAds,15,48,1
3167,12,97,438,Mobile,Instagram,10,25,1
597,21,7,300,Tablet,Instagram,12,34,0
353,11,9,465,Tablet,Facebook,17,35,0
1327,14,46,102,Mobile,Instagram,13,10,1
1989,34,40,177,Desktop,Email,1,15,0
580,34,63,386,Tablet,Facebook,11,28,0
620,25,41,328,Tablet,Instagram,9,44,1
1737,4,42,110,Mobile,Email,6,17,1
2300,26,8,198,Desktop,Email,1,10,0
1864,16,13,393,Desktop,Facebook,17,10,1
2618,10,90,129,Tablet,Facebook,16,8,1
969,2,95,453,Tablet,Email,15,24,1
2089,35,3,359,Tablet,GoogleAds,1,31,0
2448,19,1,137,Tablet,Facebook,10,33,1
2334,6,96,398,Tablet,Organic,18,2,1
541,19,84,27,Mobile,GoogleAds,6,13,0
1187,8,0,137,Mobile,Organic,16,47,1
2440,14,74,164,Mobile,Instagram,14,39,1
1101,10,64,349,Tablet,Facebook,8,24,1
1911,3,45,468,Mobile,Facebook,11,15,1
893,38,58,463,Tablet,Email,7,35,1
2271,29,74,356,Desktop,Facebook,1,8,0
1688,15,6,131,Desktop,Organic,16,3,1
2433,23,65,373,Mobile,GoogleAds,15,44,1
2801,23,14,151,Desktop,Instagram,15,1,1
2270,18,71,378,Desktop,GoogleAds,2,24,0
2136,19,46,246,Desktop,Organic,18,49,1
1759,28,89,110,Mobile,Instagram,15,21,1
2685,26,39,73,Desktop,Email,10,4,1
2661,10,41,286,Mobile,Facebook,8,48,1
791,4,50,275,Tablet,Facebook,13,20,1
3462,2,34,358,Tablet,Email,1,9,0
3058,3,40,67,Mobile,Organic,12,22,1
2737,7,84,50,Mobile,Email,4,26,1
2115,16,56,304,Desktop,Organic,19,29,1
3107,31,37,3,Tablet,Instagram,13,3,1
890,10,71,226,Desktop,GoogleAds,0,5,0
456,19,95,66,Tablet,GoogleAds,5,25,0
2123,28,7,155,Desktop,Email,10,9,1
1793,17,73,471,Desktop,Facebook,16,48,1
1287,28,62,362,Tablet,Email,13,4,1
2001,19,86,480,Desktop,Facebook,13,38,1
1077,37,3,111,Tablet,Email,19,36,1
3178,23,47,483,Mobile,Email,6,39,1
1587,20,51,296,Desktop,GoogleAds,18,0,1
1021,13,37,381,Tablet,Facebook,5,33,1
2284,13,93,256,Tablet,GoogleAds,12,47,1
783,11,86,274,Desktop,Facebook,9,7,1
2736,15,4,155,Tablet,Instagram,18,20,1
3517,17,84,139,Desktop,Instagram,9,30,1
1824,28,69,167,Desktop,Instagram,4,46,1
2658,19,80,19,Mobile,Organic,12,22,1
2436,4,88,345,Mobile,GoogleAds,16,10,1
1211,22,23,391,Mobile,GoogleAds,4,15,1
1460,22,85,223,Desktop,Instagram,6,26,1
2766,37,76,57,Desktop,Email,19,6,1
316,39,16,386,Tablet,GoogleAds,6,48,0
788,34,77,294,Mobile,Facebook,14,23,1
2561,33,97,133,Mobile,GoogleAds,14,31,1
2325,33,89,462,Tablet,GoogleAds,0,34,0
17,12,82,338,Mobile,Facebook,11,30,0
2565,2,25,292,Mobile,Instagram,1,46,0
485,28,2,452,Mobile,Instagram,17,28,0
1330,10,1,344,Tablet,Facebook,14,3,1
2221,22,91,205,Mobile,GoogleAds,6,34,1
494,17,1,119,Desktop,GoogleAds,8,10,0
3153,26,21,253,Mobile,Instagram,2,33,0
2624,3,70,85,Desktop,Organic,9,38,1
914,7,3,185,Mobile,Instagram,1,14,0
568,8,37,225,Desktop,Facebook,11,13,0
1977,20,83,148,Mobile,Organic,6,20,1
2295,12,69,389,Desktop,Organic,4,6,1
1137,35,72,280,Desktop,Facebook,3,16,0
1243,17,51,227,Mobile,Email,0,41,0
2611,28,30,286,Tablet,Instagram,14,17,1
2885,10,25,284,Mobile,GoogleAds,8,13,1
477,22,35,181,Tablet,Instagram,5,37,0
3535,38,25,435,Tablet,Facebook,13,28,1
3349,33,27,109,Tablet,GoogleAds,1,9,0
2443,22,4,135,Tablet,Email,11,16,1
2832,37,73,426,Tablet,Facebook,5,31,1
857,13,17,291,Tablet,Instagram,12,19,1
2444,27,14,375,Mobile,Organic,3,16,0
2934,15,56,478,Desktop,Facebook,15,45,1
268,22,96,290,Desktop,Facebook,10,6,0
292,30,4,103,Mobile,Instagram,5,38,0
1659,37,36,201,Mobile,Email,4,43,1
1908,34,85,117,Mobile,Instagram,0,29,0
49,34,85,332,Tablet,Instagram,18,37,0
2543,35,21,310,Tablet,Email,6,39,1
2986,19,51,29,Desktop,Email,17,40,1
2277,8,14,394,Mobile,Facebook,9,49,1
3210,39,16,27,Desktop,Organic,9,9,1
1024,33,50,467,Desktop,Instagram,16,31,1
3081,28,44,13,Tablet,Organic,6,25,1
622,37,62,42,Tablet,Email,0,47,0
2985,25,27,421,Desktop,Email,11,16,1
1925,36,58,445,Tablet,Instagram,16,0,1
697,17,85,224,Tablet,Facebook,15,38,1
622,24,20,463,Tablet,Instagram,19,25,1
2317,21,41,21,Desktop,Facebook,14,29,1
3047,2,80,387,Desktop,GoogleAds,18,8,1
3023,31,68,136,Desktop,Facebook,19,43,1
2423,33,81,326,Mobile,Instagram,16,32,1
1791,30,16,221,Desktop,Instagram,3,25,0
1820,12,67,467,Tablet,Facebook,3,41,0
2601,12,6,145,Desktop,Organic,2,9,0
2706,24,88,10,Mobile,Facebook,7,41,1
1557,24,39,225,Tablet,GoogleAds,8,31,1
1940,11,39,141,Desktop,GoogleAds,1,38,0
2871,13,42,475,Desktop,Organic,18,46,1
3097,27,72,106,Tablet,GoogleAds,17,41,1
1162,8,82,268,Desktop,Instagram,15,47,1
584,10,50,194,Mobile,Organic,17,47,0
3190,8,72,458,Tablet,Organic,17,32,1
1920,20,22,128,Desktop,Organic,11,26,1
1022,8,94,213,Tablet,Facebook,1,42,0
679,9,31,151,Desktop,Facebook,0,28,0
278,7,30,449,Desktop,Organic,15,18,0
3243,14,16,481,Tablet,GoogleAds,16,17,1
1293,28,57,384,Desktop,Instagram,0,34,0
933,2,85,180,Desktop,Instagram,2,46,0
1135,8,34,317,Tablet,Facebook,19,27,1
1539,13,29,26,Desktop,Email,15,37,1
1768,21,63,15,Desktop,Organic,13,9,1
1604,28,52,22,Tablet,Email,15,2,1
256,35,50,345,Mobile,Instagram,8,41,0
1570,23,36,65,Mobile,Facebook,1,28,0
2188,15,89,251,Mobile,Facebook,12,15,1
2410,2,5,410,Mobile,Facebook,4,35,1
2253,12,33,21,Mobile,Facebook,19,0,1
1949,36,55,233,Mobile,Facebook,16,17,1
939,3,95,408,Tablet,Organic,5,3,1
3463,5,24,487,Tablet,Email,16,4,1
3079,3,12,16,Tablet,Instagram,1,20,0
2702,19,62,416,Desktop,Instagram,6,3,1
236,2,65,272,Mobile,Facebook,16,19,0
2758,37,4,205,Mobile,Facebook,7,18,1
3557,17,74,298,Tablet,Facebook,0,34,0
3558,14,10,160,Desktop,GoogleAds,18,44,1
274,28,87,434,Desktop,Instagram,4,23,0
1405,27,77,41,Tablet,Facebook,4,19,1
3567,10,93,108,Mobile,Email,0,49,0
1467,3,43,125,Desktop,GoogleAds,9,27,1
655,36,98,152,Mobile,Organic,9,37,1
2268,38,84,13,Desktop,GoogleAds,2,23,0
3458,25,68,203,Mobile,GoogleAds,11,19,1
1428,22,1,79,Desktop,GoogleAds,11,23,1
1483,39,39,394,Mobile,Email,6,5,1
3000,30,36,42,Mobile,Instagram,15,37,1
1397,21,48,169,Mobile,Facebook,19,24,1
1909,30,97,249,Tablet,Email,2,31,0
2514,28,74,121,Mobile,Email,6,16,1
2782,31,35,387,Mobile,Facebook,13,16,1
1259,26,74,439,Desktop,GoogleAds,3,4,0
991,22,72,272,Desktop,Organic,9,16,1
1164,21,69,300,Tablet,GoogleAds,1,8,0
597,1,33,209,Desktop,GoogleAds,15,19,0
485,37,57,473,Mobile,Instagram,2,1,0
1831,13,36,158,Tablet,GoogleAds,14,18,1
995,21,95,495,Tablet,Organic,7,8,1
3358,9,59,121,Tablet,Email,15,39,1
2213,17,11,227,Mobile,GoogleAds,10,18,1
1251,21,31,421,Mobile,Email,10,44,1
199,31,80,444,Desktop,Instagram,10,3,0
1450,39,3,461,Desktop,Organic,0,5,0
990,22,32,24,Desktop,Facebook,1,35,0
1708,12,42,230,Tablet,Facebook,19,10,1
1725,6,8,26,Mobile,Instagram,0,20,0
2603,16,97,58,Desktop,Organic,18,41,1
50,26,50,265,Mobile,Email,19,47,0
2364,5,93,126,Tablet,Instagram,9,24,1
952,9,19,445,Mobile,GoogleAds,18,29,1
347,14,38,275,Mobile,Email,10,17,0
1347,30,22,28,Tablet,GoogleAds,11,24,1
1108,26,40,391,Desktop,GoogleAds,9,20,1
3010,29,43,301,Mobile,Email,6,22,1
2336,19,34,470,Mobile,GoogleAds,7,29,1
3257,8,22,128,Tablet,Facebook,10,43,1
905,23,57,94,Mobile,Email,17,45,1
2330,35,47,191,Mobile,Instagram,15,17,1
2894,31,86,421,Mobile,Facebook,0,32,0
2677,35,57,272,Tablet,Instagram,5,44,1
1684,32,56,484,Mobile,Organic,16,34,1
2919,5,86,5,Tablet,Instagram,12,45,1
940,16,38,157,Desktop,Email,9,21,1
298,17,27,52,Mobile,Instagram,9,49,0
733,32,63,243,Tablet,Organic,0,23,0
2950,38,61,151,Tablet,GoogleAds,6,22,1
2329,32,82,262,Mobile,Email,19,0,1
1963,20,61,420,Tablet,Facebook,8,14,1
1099,2,93,441,Desktop,Facebook,10,47,1
492,20,84,417,Desktop,Instagram,19,27,0
945,18,87,305,Desktop,Facebook,1,41,0
2305,1,84,425,Desktop,Organic,0,19,0
165,29,25,80,Tablet,Facebook,11,35,0
1080,29,50,183,Tablet,Instagram,6,42,1
1968,19,49,354,Desktop,Facebook,18,15,1
2511,6,35,107,Desktop,GoogleAds,4,4,1
2258,39,25,154,Desktop,GoogleAds,11,42,1
1693,8,32,293,Desktop,Facebook,13,49,1
133,24,99,205,Desktop,Email,6,14,0
2058,20,67,116,Tablet,Facebook,7,1,1
977,14,72,17,Desktop,GoogleAds,13,23,1
864,5,7,480,Desktop,GoogleAds,11,12,1
649,34,65,288,Mobile,Organic,8,22,1
2248,16,92,156,Tablet,Instagram,9,11,1
1612,7,22,477,Desktop,Organic,9,45,1
2573,16,69,25,Tablet,Email,0,32,0
451,7,54,431,Mobile,Instagram,5,43,0
1954,27,42,278,Mobile,Facebook,13,44,1
1848,14,99,475,Desktop,Facebook,8,24,1
1839,14,20,317,Desktop,Email,11,34,1
2200,33,21,126,Desktop,GoogleAds,18,34,1
3272,33,8,300,Desktop,Facebook,19,0,1
542,20,33,358,Mobile,Organic,11,42,0
2284,36,58,276,Tablet,GoogleAds,12,3,1
1346,7,25,365,Desktop,Facebook,2,30,0
958,32,0,178,Tablet,GoogleAds,10,27,1
3383,3,99,344,Desktop,Instagram,1,10,0
2029,39,4,431,Desktop,Facebook,17,31,1
469,29,40,47,Mobile,Facebook,17,1,0
3482,24,62,200,Desktop,GoogleAds,8,43,1
560,22,21,51,Desktop,Instagram,0,12,0
402,6,67,439,Desktop,Organic,15,16,0
1797,24,47,462,Mobile,Instagram,0,3,0
854,23,65,295,Tablet,Organic,19,30,1
3288,38,15,270,Mobile,Email,4,37,1
2267,10,79,197,Desktop,Instagram,16,2,1
1148,16,52,431,Desktop,Organic,7,42,1
655,11,85,21,Desktop,GoogleAds,5,11,1
3332,32,64,143,Tablet,Organic,0,43,0
2276,6,78,248,Tablet,Email,12,17,1
2464,24,63,356,Desktop,Organic,17,29,1
1476,33,87,353,Desktop,Instagram,3,45,0
1387,12,67,465,Tablet,Organic,14,10,1
2945,27,62,468,Mobile,Instagram,13,23,1
2615,38,61,1,Mobile,Email,15,20,1
2607,18,81,464,Tablet,Organic,4,48,1
151,39,80,365,Tablet,Organic,0,47,0
2669,13,70,338,Desktop,Email,3,34,0
510,30,44,394,Tablet,Organic,16,3,0
849,13,51,407,Tablet,Instagram,5,25,1
2759,34,73,274,Desktop,Facebook,3,7,0
1692,36,64,241,Tablet,Facebook,6,23,1
1575,30,1,58,Desktop,Instagram,0,42,0
2056,25,48,126,Mobile,Organic,9,44,1
1540,2,21,329,Mobile,Instagram,12,11,1
605,36,95,366,Mobile,Email,8,4,1
1914,18,28,478,Desktop,Instagram,13,15,1
290,5,34,461,Mobile,Facebook,0,31,0
433,19,80,52,Mobile,GoogleAds,8,28,0
2913,18,75,223,Desktop,Email,5,32,1
279,32,23,302,Desktop,Organic,9,40,0
163,21,93,363,Mobile,Instagram,10,13,0
2671,10,29,269,Mobile,Email,6,24,1
1760,37,83,96,Mobile,Facebook,19,7,1
671,22,41,273,Tablet,Organic,11,26,1
1977,13,70,323,Desktop,Instagram,11,34,1
92,17,49,61,Desktop,Instagram,13,21,0
3004,9,70,321,Desktop,Organic,9,6,1
2956,24,59,181,Desktop,GoogleAds,15,35,1
1459,14,29,133,Mobile,GoogleAds,3,46,0
1308,8,11,416,Desktop,Email,13,11,1
2341,37,48,89,Tablet,Instagram,1,8,0
989,19,94,173,Tablet,Email,1,49,0
2230,28,81,312,Mobile,Organic,10,44,1
3408,30,45,5,Mobile,Email,10,34,1
3144,7,42,357,Desktop,Instagram,5,38,1
3154,26,1,343,Mobile,GoogleAds,2,18,0
2820,11,96,204,Mobile,GoogleAds,8,27,1
1669,14,74,162,Mobile,Organic,2,28,0
1408,21,97,61,Tablet,Facebook,0,7,0
642,8,79,471,Desktop,Email,1,42,0
1541,3,53,464,Mobile,Organic,14,26,1
796,28,34,497,Desktop,GoogleAds,10,4,1
3000,29,51,190,Desktop,Instagram,7,47,1
3069,23,32,325,Desktop,Instagram,15,28,1
407,18,84,63,Tablet,Facebook,16,34,0
1153,35,83,44,Desktop,Facebook,2,32,0
943,13,71,239,Desktop,GoogleAds,7,31,1
1470,12,50,28,Mobile,Facebook,6,20,1
1862,5,25,198,Mobile,Facebook,2,9,0
2733,39,96,269,Tablet,Instagram,6,41,1
2993,11,61,171,Desktop,Email,4,15,1
2522,11,60,30,Tablet,Instagram,0,10,0
295,31,25,154,Desktop,Instagram,4,18,0
274,31,36,209,Tablet,GoogleAds,2,12,0
2377,13,29,63,Desktop,GoogleAds,17,14,1
2730,14,94,329,Mobile,Email,18,41,1
3457,25,96,57,Tablet,Organic,9,35,1
2877,33,10,320,Mobile,Facebook,3,31,0
2146,33,52,208,Desktop,Facebook,12,18,1
1687,15,40,433,Tablet,Instagram,0,14,0
1236,16,4,308,Mobile,Instagram,3,37,0
830,38,65,63,Mobile,Email,8,21,1
1772,6,12,248,Mobile,Facebook,16,48,1
3058,25,62,466,Desktop,Instagram,10,12,1
2391,15,81,141,Tablet,Instagram,6,19,1
2279,4,89,93,Mobile,GoogleAds,6,48,1
50,4,24,107,Desktop,Organic,12,14,0
1741,30,43,365,Desktop,Email,18,6,1
77,34,13,88,Desktop,Organic,16,21,0
997,27,68,301,Tablet,Organic,17,42,1
1809,31,58,108,Desktop,Email,12,49,1
2571,32,55,46,Desktop,Facebook,16,19,1
1631,39,51,77,Tablet,Instagram,17,18,1
1665,9,65,217,Tablet,Email,19,26,1
3208,8,67,169,Desktop,Instagram,1,7,0
1288,14,11,302,Desktop,GoogleAds,18,17,1
704,33,74,129,Mobile,Organic,14,9,1
3097,23,67,201,Tablet,GoogleAds,8,49,1
2534,21,42,196,Tablet,Organic,13,48,1
1095,12,72,348,Mobile,Facebook,18,40,1
2938,2,73,268,Desktop,Email,7,34,1
2489,13,90,88,Desktop,Facebook,11,14,1
1703,4,5,253,Desktop,Organic,16,22,1
2325,20,14,238,Desktop,GoogleAds,11,11,1
1068,14,41,73,Mobile,Organic,14,48,1
788,30,30,419,Tablet,Facebook,4,26,1
503,29,85,358,Tablet,Facebook,1,5,0
1595,8,52,355,Desktop,GoogleAds,19,23,1
1502,12,5,161,Mobile,GoogleAds,17,21,1
1800,38,32,58,Desktop,Facebook,2,8,0
670,26,28,384,Desktop,Organic,4,9,1
1358,2,20,373,Mobile,Organic,1,2,0
1337,14,53,291,Mobile,Email,8,5,1
1309,6,55,430,Tablet,Facebook,4,25,1
1996,31,93,340,Tablet,Email,16,44,1
3070,17,20,66,Desktop,Facebook,19,13,1
2054,25,99,428,Desktop,Email,14,35,1
3282,32,54,26,Tablet,Instagram,12,41,1
3526,12,57,298,Mobile,Organic,8,18,1
1938,13,63,77,Desktop,Organic,1,47,0
1357,19,85,286,Desktop,Instagram,1,38,0
1068,25,45,372,Mobile,GoogleAds,10,22,1
986,31,83,416,Desktop,Instagram,2,4,0
491,37,21,36,Mobile,Organic,2,43,0
737,25,59,19,Tablet,Facebook,9,14,1
2537,16,10,278,Tablet,Email,1,29,0
3146,38,46,321,Tablet,Organic,0,32,0
1041,23,30,313,Tablet,Instagram,5,37,1
3382,14,76,267,Tablet,Facebook,5,18,1
352,6,17,282,Desktop,Organic,10,4,0
3512,25,21,432,Tablet,Instagram,15,8,1
1457,23,55,19,Desktop,Organic,0,6,0
2389,12,16,339,Desktop,Instagram,4,23,1
2495,13,37,140,Mobile,Instagram,9,40,1
2231,36,24,67,Desktop,Organic,5,15,1
2616,39,31,312,Desktop,Facebook,10,36,1
536,34,14,18,Tablet,Organic,15,9,0
1906,6,12,369,Tablet,Organic,19,20,1
668,38,57,261,Mobile,Facebook,12,20,1
2083,8,89,112,Mobile,Organic,11,46,1
829,8,49,408,Desktop,Email,17,14,1
2662,33,10,462,Mobile,Email,12,12,1
415,34,12,115,Tablet,Email,4,49,0
2289,15,96,166,Tablet,Instagram,12,6,1
2590,36,49,67,Tablet,GoogleAds,12,39,1
1583,35,37,255,Desktop,Organic,18,7,1
1821,22,0,70,Desktop,GoogleAds,18,42,1
514,23,38,460,Mobile,Email,12,40,0
188,22,26,308,Tablet,Facebook,10,37,0
141,5,35,203,Desktop,Email,15,1,0
1856,31,31,127,Desktop,Organic,13,36,1
1488,13,40,423,Mobile,GoogleAds,9,21,1
2405,28,14,443,Tablet,GoogleAds,1,3,0
2597,20,30,410,Tablet,Instagram,7,46,1
781,33,5,321,Mobile,Facebook,7,6,1
1439,16,88,80,Mobile,Email,19,0,1
2133,29,51,176,Mobile,Facebook,13,18,1
588,23,81,113,Mobile,Organic,13,29,0
2911,24,21,111,Tablet,Instagram,17,49,1
1525,34,30,309,Tablet,Email,14,1,1
203,7,99,137,Mobile,Organic,15,12,0
2017,38,72,133,Desktop,Facebook,13,27,1
1195,37,45,372,Desktop,Instagram,9,13,1
2404,4,66,328,Tablet,Email,1,2,0
3008,34,96,189,Tablet,Facebook,4,15,1
1394,22,90,277,Mobile,Email,2,24,0
1802,5,42,225,Desktop,Instagram,6,45,1
1120,23,0,103,Tablet,Instagram,11,46,1
3343,15,43,107,Desktop,Facebook,9,2,1
2271,31,56,63,Mobile,Email,10,33,1
1946,9,8,404,Tablet,GoogleAds,16,2,1
2630,25,4,442,Tablet,Organic,3,40,0
789,25,78,245,Desktop,Instagram,5,28,1
271,21,8,173,Desktop,Email,6,39,0
739,9,44,406,Tablet,Facebook,4,18,1
292,38,91,333,Desktop,Facebook,5,19,0
1500,22,76,487,Desktop,Instagram,16,20,1
3461,23,23,331,Mobile,Instagram,13,19,1
371,4,73,210,Desktop,GoogleAds,10,27,0
3530,29,41,191,Tablet,Facebook,4,46,1
450,15,21,158,Mobile,Email,1,26,0
2150,1,59,319,Tablet,Organic,13,43,1
1654,30,85,225,Mobile,Organic,15,45,1
2810,29,36,172,Mobile,GoogleAds,1,49,0
876,20,38,323,Desktop,Email,16,24,1
1457,33,83,442,Desktop,Organic,15,1,1
151,36,73,449,Tablet,Organic,8,42,0
1324,22,73,36,Desktop,Email,19,23,1
1465,13,89,134,Mobile,Email,19,32,1
2806,7,88,37,Desktop,Instagram,8,18,1
1885,8,52,93,Tablet,Organic,4,25,1
1857,28,27,75,Mobile,Organic,3,45,0
1722,9,76,244,Tablet,GoogleAds,6,40,1
2710,25,14,183,Desktop,Instagram,4,2,1
710,16,59,205,Mobile,Instagram,2,26,0
1007,10,59,459,Tablet,Organic,7,13,1
2106,11,5,187,Desktop,Facebook,15,19,1
1335,31,51,166,Desktop,Facebook,5,34,1
890,12,11,115,Tablet,Email,8,22,1
1223,31,18,409,Mobile,Instagram,19,24,1
1169,14,95,207,Tablet,Organic,17,3,1
564,32,74,245,Desktop,Organic,10,1,0
413,17,96,333,Tablet,Organic,18,1,0
901,35,1,490,Desktop,GoogleAds,6,24,1
2922,1,54,161,Mobile,Facebook,9,46,1
611,29,14,13,Tablet,GoogleAds,4,22,1
1840,4,63,294,Mobile,Organic,6,20,1
350,23,99,442,Tablet,Organic,5,44,0
1978,28,68,472,Desktop,Instagram,17,24,1
713,16,14,404,Mobile,Instagram,14,26,1
327,12,42,236,Desktop,Facebook,9,10,0
2675,21,73,273,Tablet,Email,5,13,1
1396,17,16,379,Desktop,Organic,0,16,0
2439,13,97,114,Tablet,Instagram,9,14,1
2290,32,23,152,Mobile,Facebook,14,45,1
1810,37,73,26,Desktop,GoogleAds,13,30,1
1377,15,29,168,Desktop,Organic,15,33,1
1582,12,66,32,Tablet,Email,4,35,1
826,15,50,221,Tablet,Facebook,13,39,1
562,34,59,206,Tablet,Email,15,43,0
865,6,2,421,Mobile,Organic,13,12,1
1822,17,4,342,Desktop,Facebook,6,17,1
2876,20,27,98,Tablet,Instagram,18,16,1
192,9,77,91,Tablet,Email,3,44,0
3122,5,10,476,Desktop,GoogleAds,17,43,1
1584,23,71,377,Mobile,GoogleAds,14,38,1
406,33,71,214,Desktop,Email,16,27,0
1737,38,75,188,Tablet,Organic,0,25,0
2836,14,14,57,Desktop,Organic,14,47,1
1527,17,82,107,Tablet,Organic,15,13,1
916,19,47,442,Tablet,GoogleAds,10,36,1
1366,33,45,195,Desktop,GoogleAds,8,10,1
2184,1,27,22,Desktop,Instagram,16,31,1
10,13,6,186,Mobile,Organic,14,23,0
3249,27,70,368,Tablet,GoogleAds,7,30,1
28,6,93,85,Tablet,GoogleAds,17,39,0
3413,6,81,80,Tablet,Organic,7,40,1
593,33,87,329,Tablet,Organic,2,49,0
465,30,5,77,Tablet,GoogleAds,18,7,0
3014,35,57,330,Desktop,Email,13,38,1
2046,23,67,383,Tablet,GoogleAds,1,7,0
1142,10,54,433,Desktop,Instagram,0,46,0
3349,19,66,377,Mobile,Facebook,4,30,1
2502,28,48,341,Tablet,Organic,16,18,1
3321,23,50,177,Mobile,Instagram,0,35,0
1962,4,58,426,Desktop,Email,15,38,1
3382,20,5,424,Desktop,Facebook,2,31,0
2659,19,89,455,Mobile,GoogleAds,9,20,1
2160,27,50,174,Tablet,Organic,18,22,1
997,34,37,406,Desktop,GoogleAds,10,35,1
3331,4,10,82,Desktop,Instagram,2,14,0
3534,38,51,21,Desktop,Organic,1,1,0
529,7,92,179,Desktop,GoogleAds,2,11,0
3234,7,19,498,Desktop,Organic,14,37,1
868,26,9,398,Desktop,Instagram,19,5,1
183,26,25,330,Mobile,GoogleAds,8,45,0
1376,19,47,225,Tablet,Facebook,14,37,1
3062,9,90,265,Tablet,Email,1,0,0
2488,20,13,402,Tablet,GoogleAds,5,37,1
736,16,99,269,Tablet,Organic,4,49,1
1720,17,58,251,Mobile,GoogleAds,5,25,1
1885,22,11,273,Mobile,Organic,4,47,1
2907,13,22,382,Tablet,Instagram,11,22,1
1691,12,84,343,Desktop,Email,3,0,0
1357,10,71,409,Tablet,Organic,13,20,1
999,1,38,438,Desktop,GoogleAds,13,18,1
2696,32,8,272,Desktop,Instagram,10,28,1
429,30,87,280,Mobile,Facebook,0,49,0
603,8,94,223,Desktop,GoogleAds,4,25,1
2542,21,24,75,Mobile,Email,4,33,1
1784,22,16,151,Tablet,Instagram,11,16,1
2469,18,41,425,Mobile,GoogleAds,4,17,1
945,2,28,359,Desktop,Organic,12,31,1
1117,9,59,342,Desktop,Organic,10,3,1
1146,3,66,417,Desktop,Organic,0,29,0
341,26,84,105,Tablet,GoogleAds,11,30,0
3459,21,56,42,Mobile,Email,5,17,1
2712,30,71,176,Tablet,Organic,10,4,1
2098,28,13,245,Mobile,GoogleAds,11,31,1
1803,36,38,253,Tablet,GoogleAds,5,28,1
968,26,15,274,Tablet,Email,4,11,1
114,34,17,447,Desktop,Instagram,17,14,0
211,8,94,334,Tablet,Instagram,15,14,0
2507,10,74,92,Tablet,GoogleAds,12,34,1
1852,14,19,11,Mobile,Instagram,6,34,1
1876,15,45,152,Tablet,Facebook,13,42,1
2006,17,44,189,Desktop,Email,0,13,0
1299,18,3,448,Tablet,GoogleAds,11,38,1
919,32,83,164,Mobile,Instagram,2,17,0
219,38,94,126,Mobile,Instagram,17,37,0
572,23,19,211,Tablet,Email,10,21,0
3199,23,10,461,Tablet,Organic,19,37,1
2770,35,64,97,Mobile,Instagram,6,10,1
3458,39,17,309,Desktop,Email,9,2,1
1573,15,38,339,Tablet,Organic,18,13,1
780,24,43,47,Desktop,GoogleAds,12,43,1
3165,28,96,308,Desktop,Organic,13,24,1
2511,16,99,224,Tablet,Instagram,14,13,1
2724,16,17,463,Desktop,GoogleAds,5,46,1
638,39,46,57,Mobile,GoogleAds,6,30,1
3595,6,30,75,Desktop,Organic,12,24,1
1638,2,98,254,Mobile,GoogleAds,15,40,1
1711,13,38,151,Tablet,Organic,14,18,1
396,9,37,59,Desktop,Organic,17,11,0
1945,34,78,325,Mobile,Organic,2,6,0
3431,17,46,440,Mobile,Email,15,48,1
2353,27,69,86,Tablet,Instagram,0,13,0
2315,29,7,170,Desktop,GoogleAds,0,28,0
1114,37,85,146,Mobile,Facebook,18,46,1
277,22,64,327,Mobile,Instagram,5,13,0
2476,24,12,33,Tablet,Facebook,10,22,1
2292,7,54,3,Desktop,Organic,6,13,1
1866,34,87,284,Desktop,GoogleAds,2,22,0
3392,12,84,257,Mobile,Instagram,5,7,1
2008,23,42,126,Desktop,Facebook,0,12,0
3043,15,3,447,Desktop,Facebook,7,35,1
1390,33,70,113,Desktop,Facebook,13,43,1
1246,13,59,303,Desktop,Instagram,3,0,0
583,23,11,293,Desktop,Email,3,36,0
58,38,58,342,Desktop,Organic,15,25,0
1160,32,76,48,Desktop,GoogleAds,10,3,1
232,35,53,364,Mobile,Facebook,6,15,0
2978,1,43,275,Mobile,Instagram,0,24,0
3360,5,15,398,Desktop,Facebook,8,18,1
1441,13,5,195,Desktop,Instagram,5,19,1
1538,5,13,339,Tablet,Email,12,25,1
3375,32,57,225,Mobile,Facebook,11,31,1
1829,21,30,213,Tablet,Facebook,18,2,1
2334,24,99,321,Mobile,GoogleAds,16,47,1
1471,18,40,282,Tablet,Instagram,0,6,0
1140,21,34,138,Tablet,Instagram,8,31,1
1691,10,9,355,Tablet,Email,7,4,1
2477,24,80,333,Mobile,Facebook,1,20,0
2668,21,29,70,Mobile,GoogleAds,17,29,1
3510,25,43,299,Desktop,Organic,3,19,0
384,23,54,70,Mobile,GoogleAds,0,28,0
2130,22,70,483,Mobile,GoogleAds,11,23,1
2031,4,17,208,Mobile,GoogleAds,15,0,1
1063,34,82,489,Mobile,GoogleAds,17,42,1
3269,6,78,200,Desktop,Facebook,4,24,1
3445,28,85,59,Desktop,GoogleAds,15,26,1
1899,31,38,259,Mobile,Instagram,8,24,1
1833,35,41,389,Tablet,Instagram,8,20,1
1484,39,53,341,Tablet,GoogleAds,1,16,0
2252,23,29,351,Mobile,Instagram,13,27,1
1189,6,19,334,Desktop,Facebook,10,31,1
3253,16,95,357,Tablet,Organic,1,43,0
2904,2,41,339,Desktop,GoogleAds,15,49,1
1074,24,88,165,Desktop,Instagram,18,33,1
3144,17,86,245,Tablet,Instagram,12,21,1
2080,1,4,84,Mobile,Facebook,16,41,1
369,6,49,436,Desktop,Facebook,0,18,0
3156,5,40,450,Tablet,Organic,18,47,1
2617,29,93,377,Desktop,Email,15,7,1
2729,12,38,447,Tablet,Email,12,1,1
2051,39,56,391,Mobile,Email,18,4,1
1151,3,90,481,Mobile,Organic,2,27,0
1645,1,56,309,Mobile,GoogleAds,2,3,0
1413,27,36,114,Desktop,Email,0,35,0
1953,24,6,234,Mobile,Email,2,0,0
688,19,4,262,Mobile,Instagram,15,14,1
3371,8,78,391,Mobile,Instagram,7,12,1
2497,2,50,172,Mobile,GoogleAds,15,30,1
2990,30,7,18,Tablet,Facebook,12,16,1
16,30,55,235,Tablet,Organic,12,5,0
3277,39,72,310,Desktop,Email,10,23,1
2478,32,10,383,Tablet,Organic,3,12,0
1601,1,21,157,Tablet,Instagram,3,20,0
842,38,97,211,Tablet,Organic,14,23,1
3274,13,98,281,Tablet,Instagram,3,21,0
2616,11,76,319,Tablet,Organic,7,28,1
3229,10,10,196,Mobile,Instagram,1,23,0
1820,26,59,115,Desktop,Organic,14,43,1
3283,20,95,397,Tablet,Email,13,11,1
3525,17,14,160,Tablet,Email,1,19,0
923,17,37,155,Desktop,GoogleAds,2,41,0
2021,4,0,51,Tablet,Organic,10,33,1
1452,5,45,418,Tablet,Facebook,6,14,1
1460,23,87,284,Desktop,GoogleAds,15,3,1
3064,10,42,73,Mobile,Organic,6,13,1
1512,28,21,328,Mobile,Facebook,10,0,1
3556,33,2,341,Desktop,Email,1,32,0
135,26,13,110,Mobile,Email,7,49,0
2452,29,1,286,Mobile,Email,6,46,1
826,27,60,221,Mobile,Facebook,5,42,1
2938,18,31,9,Mobile,Instagram,15,49,1
1839,10,37,397,Tablet,Organic,10,28,1
585,5,96,82,Desktop,GoogleAds,2,9,0
2382,10,45,320,Mobile,GoogleAds,17,35,1
1425,21,41,294,Mobile,Email,8,13,1
939,24,5,375,Desktop,Instagram,16,21,1
1473,38,40,22,Tablet,Organic,1,49,0
3285,3,24,415,Mobile,Organic,9,32,1
3567,31,97,99,Mobile,GoogleAds,9,27,1
842,37,10,170,Tablet,GoogleAds,16,6,1
1064,2,40,190,Desktop,GoogleAds,7,35,1
3469,2,70,106,Mobile,Organic,19,35,1
1658,39,56,320,Mobile,GoogleAds,5,49,1
1910,34,45,458,Desktop,Organic,10,40,1
1467,20,85,265,Tablet,Email,4,33,1
2894,33,47,382,Desktop,Instagram,9,36,1
2983,4,62,351,Mobile,GoogleAds,0,5,0
1409,11,38,428,Tablet,Organic,7,34,1
3425,5,9,447,Tablet,Email,3,26,0
452,25,84,168,Tablet,Facebook,6,29,0
2132,37,69,344,Desktop,Email,18,31,1
566,34,64,425,Desktop,Instagram,14,18,0
1188,9,97,113,Desktop,Email,1,21,0
3511,6,58,328,Mobile,GoogleAds,16,20,1
2047,18,77,306,Desktop,GoogleAds,15,4,1
372,14,35,148,Tablet,Facebook,13,20,0
2505,19,26,337,Mobile,Organic,2,40,0
1267,14,72,220,Mobile,Email,18,19,1
1851,17,54,454,Mobile,Facebook,7,37,1
2319,35,69,426,Tablet,GoogleAds,16,30,1
1860,29,94,33,Desktop,Organic,17,36,1
2182,17,80,220,Tablet,Organic,0,5,0
920,8,52,319,Desktop,Instagram,6,30,1
254,1,59,185,Mobile,GoogleAds,3,46,0
551,36,60,193,Mobile,Organic,2,42,0
2542,7,35,361,Tablet,Instagram,18,23,1
2179,5,84,180,Desktop,Instagram,9,17,1
2182,24,26,355,Mobile,GoogleAds,2,28,0
1582,28,40,472,Tablet,Organic,1,11,0
2227,17,27,6,Tablet,Organic,4,11,1
133,37,15,391,Desktop,Email,16,28,0
3116,20,34,9,Desktop,Organic,4,6,1
3168,3,35,357,Desktop,Instagram,13,15,1
2703,37,55,61,Mobile,Facebook,15,11,1
1741,26,98,464,Tablet,GoogleAds,13,20,1
795,15,18,418,Desktop,Facebook,18,3,1
2053,8,56,163,Tablet,Organic,12,41,1
2258,13,84,99,Mobile,Instagram,11,16,1
2426,3,32,148,Mobile,Facebook,15,27,1
806,1,22,58,Desktop,GoogleAds,16,30,1
86,9,62,215,Mobile,Email,19,46,0
68,31,69,316,Tablet,Facebook,5,7,0
2488,26,95,490,Tablet,Email,13,45,1
2695,17,21,182,Mobile,Organic,15,49,1
1533,34,66,35,Mobile,Organic,2,25,0
1946,9,98,303,Mobile,GoogleAds,18,39,1
2166,13,79,46,Tablet,Email,6,45,1
3065,5,58,87,Mobile,Email,4,47,1
1311,13,24,4,Desktop,GoogleAds,19,30,1
77,1,16,266,Desktop,Facebook,9,18,0
3150,25,38,107,Tablet,GoogleAds,8,6,1
3246,4,76,75,Mobile,Organic,2,48,0
3570,36,91,40,Mobile,Email,9,4,1
2362,10,74,127,Mobile,Instagram,15,12,1
1942,28,73,183,Desktop,Instagram,8,17,1
2731,6,38,119,Desktop,Organic,1,17,0
374,27,23,73,Desktop,Email,5,49,0
830,12,37,40,Desktop,Email,4,19,1
1412,3,87,204,Desktop,GoogleAds,2,48,0
2400,33,96,465,Tablet,Facebook,6,22,1
956,10,80,96,Tablet,GoogleAds,14,35,1
2956,31,56,279,Mobile,Instagram,5,48,1
1587,15,43,143,Mobile,Email,3,39,0
1387,7,35,115,Desktop,Facebook,12,32,1
1449,36,98,476,Mobile,GoogleAds,4,6,1
3190,14,69,372,Tablet,Facebook,14,39,1
771,14,79,486,Tablet,Instagram,6,4,1
3578,3,44,133,Mobile,Facebook,6,31,1
350,3,91,168,Desktop,Email,9,8,0
2999,22,95,402,Tablet,Facebook,12,29,1
392,19,25,245,Mobile,Facebook,10,31,0
1013,35,10,277,Desktop,GoogleAds,0,38,0
1566,12,51,463,Mobile,Facebook,19,3,1
309,5,24,259,Desktop,Facebook,10,24,0
148,10,30,46,Desktop,Instagram,0,21,0
368,33,84,346,Tablet,Facebook,2,7,0
845,13,44,335,Tablet,GoogleAds,7,1,1
1532,35,66,383,Mobile,GoogleAds,12,36,1
3466,32,75,237,Mobile,Email,6,34,1
1637,11,39,53,Desktop,Instagram,2,36,0
1992,38,45,148,Tablet,Organic,19,21,1
1313,24,53,187,Desktop,Email,1,0,0
2540,35,40,21,Desktop,Facebook,17,38,1
918,19,88,90,Desktop,Instagram,4,41,1
1144,6,80,233,Desktop,Email,17,47,1
2923,35,37,215,Desktop,GoogleAds,15,32,1
2196,4,99,369,Desktop,Instagram,6,48,1
1005,33,35,51,Mobile,Instagram,0,3,0
2492,13,82,153,Tablet,Facebook,8,47,1
2566,36,43,324,Tablet,Instagram,14,8,1
2330,19,56,116,Desktop,Instagram,0,7,0
3180,12,65,394,Desktop,Organic,16,21,1
2161,11,80,214,Desktop,Facebook,8,48,1
1247,6,29,451,Tablet,Instagram,14,41,1
1794,12,9,339,Tablet,Instagram,9,48,1
2819,27,98,351,Desktop,Organic,19,20,1
2844,25,60,137,Tablet,Organic,2,47,0
174,3,62,285,Desktop,GoogleAds,4,40,0
1008,3,35,421,Desktop,Facebook,1,27,0
2577,20,53,366,Desktop,Organic,5,36,1
1317,28,96,71,Mobile,Instagram,15,1,1
2574,23,64,245,Tablet,Organic,11,45,1
666,3,81,38,Tablet,Email,16,16,1
2670,24,3,216,Tablet,GoogleAds,11,30,1
2221,6,54,127,Desktop,GoogleAds,16,44,1
1919,20,53,72,Mobile,Facebook,6,12,1
2056,11,90,226,Desktop,GoogleAds,15,44,1
2121,32,88,315,Desktop,Facebook,17,17,1
3172,27,63,441,Desktop,Email,7,23,1
1150,21,91,474,Mobile,Instagram,17,30,1
1899,13,21,444,Desktop,Email,1,32,0
276,22,24,284,Desktop,Facebook,8,30,0
1855,35,80,412,Mobile,Facebook,15,26,1
1718,22,58,302,Desktop,Facebook,16,35,1
3221,28,56,246,Desktop,Instagram,9,20,1
2303,21,53,71,Tablet,Facebook,0,4,0
2452,18,43,195,Mobile,Email,17,10,1
1520,31,51,470,Tablet,Instagram,14,33,1
485,37,75,439,Desktop,Email,8,33,0
3598,21,15,38,Mobile,Instagram,2,47,0
986,14,15,117,Mobile,Facebook,15,2,1
1217,25,80,238,Desktop,Instagram,14,5,1
1053,27,54,364,Tablet,Organic,1,19,0
1970,23,60,402,Desktop,Email,9,3,1
567,31,94,204,Mobile,Organic,3,36,0
1027,29,78,351,Mobile,Organic,18,38,1
1615,30,76,319,Desktop,Facebook,16,6,1
892,26,39,359,Desktop,Facebook,9,16,1
2204,20,90,5,Desktop,Organic,5,37,1
675,38,20,428,Desktop,Instagram,0,35,0
3385,19,65,489,Tablet,Facebook,10,33,1
2677,27,7,157,Tablet,Email,15,5,1
1781,25,70,107,Tablet,Organic,19,38,1
2877,38,9,228,Tablet,Email,6,1,1
873,23,56,142,Mobile,Email,2,17,0
591,29,3,314,Mobile,Email,13,41,0
3080,15,42,172,Tablet,Organic,3,26,0
704,3,99,146,Desktop,GoogleAds,8,38,1
1261,10,98,7,Mobile,Facebook,14,40,1
3183,15,62,343,Desktop,Email,11,18,1
1620,16,42,353,Tablet,Organic,15,31,1
3498,17,66,446,Mobile,GoogleAds,18,23,1
1249,19,81,301,Mobile,Organic,13,33,1
2464,11,50,16,Mobile,Facebook,3,24,0
408,5,55,320,Mobile,Organic,5,23,0
1956,5,42,37,Tablet,Instagram,10,24,1
724,14,23,499,Mobile,Instagram,3,11,0
713,26,95,153,Tablet,Email,7,29,1
2818,8,33,265,Mobile,Organic,8,5,1
2556,5,58,183,Tablet,Organic,1,29,0
3546,7,1,156,Tablet,Email,19,32,1
1724,16,1,137,Desktop,Email,2,14,0
1982,14,9,396,Tablet,GoogleAds,5,28,1
3031,37,22,402,Desktop,Organic,1,13,0
91,4,14,475,Mobile,Facebook,7,24,0
613,36,75,90,Desktop,Facebook,19,44,1
1980,17,16,440,Tablet,Facebook,7,4,1
1720,36,81,218,Desktop,Email,2,1,0
2056,6,13,330,Mobile,Email,16,46,1
2829,16,80,186,Desktop,Email,10,15,1
912,29,78,381,Tablet,Facebook,2,38,0
374,36,75,209,Tablet,GoogleAds,11,37,0
172,38,15,51,Mobile,Instagram,13,16,0
3129,37,31,288,Mobile,Organic,0,30,0
2568,10,22,88,Desktop,Instagram,11,0,1
3410,36,33,491,Mobile,Organic,17,5,1
1873,29,97,432,Tablet,Email,3,30,0
125,14,15,136,Desktop,Facebook,2,5,0
2998,4,33,158,Desktop,Instagram,16,35,1
2394,36,70,282,Desktop,Email,12,7,1
890,13,32,408,Desktop,Organic,16,28,1
2794,18,67,155,Mobile,Instagram,16,8,1
849,33,42,463,Desktop,Instagram,18,21,1
2204,21,63,220,Desktop,Instagram,4,9,1
1356,16,70,459,Desktop,Instagram,7,23,1
2500,15,17,167,Tablet,Instagram,1,39,0
2894,5,67,322,Tablet,Email,8,1,1
1046,6,60,179,Mobile,Organic,6,19,1
952,38,74,329,Tablet,Organic,15,16,1
3575,3,19,50,Tablet,GoogleAds,11,32,1
1734,12,10,301,Mobile,Facebook,4,13,1
2344,36,78,87,Mobile,Instagram,5,31,1
2777,33,45,33,Desktop,Organic,16,36,1
1147,36,63,275,Desktop,Facebook,14,23,1
2537,33,80,141,Mobile,Facebook,9,40,1
31,31,97,206,Desktop,Email,2,19,0
3430,21,75,224,Desktop,Instagram,6,48,1
1759,27,27,113,Desktop,GoogleAds,1,5,0
692,27,47,278,Mobile,Facebook,12,32,1
2963,8,34,404,Tablet,Email,13,49,1
1843,37,7,353,Tablet,Instagram,3,27,0
2377,32,90,5,Mobile,Organic,7,10,1
135,26,21,382,Mobile,GoogleAds,4,35,0
286,2,23,212,Desktop,Instagram,11,19,0
2009,12,65,256,Mobile,Email,11,5,1
1237,22,94,334,Mobile,Email,10,7,1
2251,17,85,475,Mobile,Email,1,18,0
705,7,63,474,Mobile,Email,4,14,1
1319,4,64,416,Desktop,Email,12,21,1
66,37,13,30,Desktop,GoogleAds,17,1,0
3384,38,24,347,Mobile,Facebook,16,27,1
3244,32,99,410,Mobile,Facebook,5,35,1
28,11,99,82,Tablet,Organic,18,35,0
3451,1,2,493,Tablet,Facebook,16,43,1
2321,25,4,471,Mobile,Email,16,17,1
2851,24,64,236,Tablet,Facebook,17,11,1
122,17,53,495,Tablet,Facebook,14,18,0
3569,8,18,344,Desktop,Email,19,25,1
3408,27,96,388,Desktop,GoogleAds,3,24,0
551,18,53,361,Desktop,Email,3,27,0
2704,27,93,323,Tablet,Facebook,4,14,1
588,22,75,253,Mobile,Facebook,14,9,0
1098,16,9,118,Desktop,Organic,1,38,0
3373,2,97,427,Tablet,Email,10,33,1
34,5,15,30,Mobile,Organic,2,12,0
1582,18,45,111,Desktop,Organic,10,15,1
2058,3,28,400,Tablet,Instagram,2,39,0
2968,27,14,254,Desktop,Organic,10,30,1
1582,17,47,199,Tablet,Facebook,1,0,0
150,16,10,295,Desktop,Facebook,19,48,0
1777,6,33,342,Tablet,Instagram,19,46,1
657,7,35,297,Mobile,Instagram,14,22,1
2245,14,29,287,Desktop,Email,7,13,1
3209,38,98,433,Desktop,Instagram,1,38,0
210,15,72,397,Tablet,GoogleAds,17,29,0
3208,33,81,489,Mobile,Facebook,7,41,1
266,27,18,425,Mobile,Facebook,11,19,0
556,29,67,244,Desktop,Instagram,5,24,0
2251,37,69,221,Tablet,Instagram,1,10,0
2760,5,32,156,Desktop,Facebook,11,25,1
3185,29,95,383,Tablet,Instagram,11,20,1
3346,32,79,236,Mobile,Email,12,4,1
811,6,74,320,Desktop,Instagram,8,6,1
951,2,21,373,Tablet,Instagram,14,11,1
3465,6,35,19,Mobile,Email,10,1,1
3341,4,22,215,Tablet,Email,8,38,1
423,29,62,367,Desktop,Email,7,20,0
2024,25,25,114,Tablet,Facebook,19,31,1
1391,9,59,200,Desktop,Instagram,17,4,1
1108,3,94,25,Mobile,Email,10,26,1
3436,26,92,422,Tablet,Email,4,30,1
919,27,4,121,Mobile,Facebook,3,11,0
197,36,53,230,Mobile,GoogleAds,4,35,0
2025,32,37,99,Desktop,Instagram,6,20,1
1323,1,61,346,Desktop,GoogleAds,16,18,1
2102,16,24,3,Mobile,GoogleAds,17,2,1
2140,11,97,386,Desktop,Email,0,16,0
1156,26,11,261,Mobile,Facebook,15,29,1
367,1,21,445,Desktop,Instagram,8,35,0
1561,26,8,254,Desktop,Instagram,11,8,1
1099,28,83,20,Tablet,Instagram,18,33,1
2993,9,28,204,Tablet,GoogleAds,10,28,1
1690,22,43,294,Desktop,Organic,5,9,1
2432,8,92,464,Mobile,Facebook,3,8,0
171,27,26,357,Mobile,Organic,15,39,0
3461,39,54,128,Mobile,GoogleAds,2,49,0
3439,19,80,358,Desktop,Email,7,10,1
3269,25,4,292,Desktop,Organic,15,18,1
2379,38,51,174,Mobile,Organic,1,21,0
459,21,12,221,Tablet,Facebook,12,49,0
1507,24,41,355,Tablet,GoogleAds,18,48,1
1046,24,14,369,Mobile,Facebook,15,21,1
2241,19,78,37,Desktop,Email,18,48,1
2168,2,17,310,Desktop,Instagram,7,46,1
1960,14,49,149,Mobile,GoogleAds,1,15,0
2565,32,1,405,Tablet,Email,0,16,0
1323,32,86,92,Mobile,Email,16,39,1
2352,28,12,70,Mobile,Organic,17,6,1
3532,39,67,84,Mobile,Facebook,6,30,1
2961,13,46,444,Tablet,Organic,8,3,1
1248,12,88,420,Mobile,Organic,2,28,0
983,8,74,205,Tablet,Instagram,10,6,1
641,15,49,488,Desktop,Facebook,15,42,1
1600,26,11,267,Tablet,Instagram,8,29,1
1060,12,12,88,Tablet,Email,11,2,1
2790,27,8,252,Mobile,Instagram,13,24,1
3312,18,58,211,Desktop,Email,3,33,0
1598,36,44,343,Mobile,Organic,3,32,0
2378,27,69,31,Tablet,Instagram,10,30,1
2970,9,42,357,Tablet,Facebook,1,23,0
3314,39,73,421,Mobile,Instagram,17,37,1
1703,1,22,316,Desktop,Email,2,45,0
446,7,78,61,Tablet,GoogleAds,1,3,0
2838,26,44,67,Tablet,Facebook,0,47,0
1566,7,22,226,Tablet,Email,4,9,1
3484,7,33,413,Desktop,GoogleAds,6,24,1
1086,8,15,451,Mobile,Facebook,19,36,1
3394,16,62,335,Desktop,GoogleAds,3,42,0
1314,3,50,327,Desktop,Organic,2,0,0
2783,10,31,67,Tablet,Organic,5,16,1
2088,7,37,128,Desktop,Instagram,11,45,1
2394,21,55,111,Tablet,Instagram,15,6,1
192,37,68,491,Desktop,Instagram,7,13,0
3104,31,16,272,Desktop,Instagram,10,0,1
2601,23,85,301,Mobile,GoogleAds,12,5,1
1479,27,38,34,Desktop,Facebook,13,38,1
3155,22,40,212,Mobile,Facebook,17,42,1
3091,39,47,300,Tablet,Instagram,7,9,1
3565,27,81,373,Tablet,Organic,0,20,0
1489,4,27,125,Mobile,Email,3,2,0
1599,24,76,103,Tablet,Instagram,16,18,1
1597,23,49,481,Tablet,Instagram,19,27,1
669,19,0,206,Desktop,Organic,5,1,1
169,3,49,120,Mobile,Email,4,26,0
3095,27,18,170,Tablet,GoogleAds,13,43,1
3259,3,97,35,Mobile,GoogleAds,18,31,1
2469,28,58,382,Desktop,Email,13,11,1
1021,17,67,331,Tablet,Email,1,0,0
62,31,66,246,Tablet,GoogleAds,8,45,0
2465,10,40,340,Mobile,Instagram,6,42,1
2904,22,9,414,Tablet,Instagram,17,39,1
1055,30,27,309,Mobile,Organic,19,28,1
1063,21,33,58,Tablet,Email,10,8,1
2760,36,38,412,Desktop,Instagram,7,17,1
2317,23,82,399,Desktop,Instagram,9,44,1
1238,38,55,422,Mobile,Organic,17,35,1
3140,12,51,306,Tablet,Email,16,15,1
1504,25,99,141,Tablet,Organic,16,34,1
2833,20,2,111,Mobile,Organic,0,35,0
1499,7,22,163,Desktop,GoogleAds,3,3,0
1045,29,16,111,Desktop,Organic,10,39,1
1960,29,70,152,Desktop,Email,8,42,1
3371,13,25,376,Mobile,Instagram,8,34,1
859,3,17,65,Desktop,Instagram,2,18,0
363,2,45,106,Mobile,GoogleAds,5,5,0
1108,16,69,216,Desktop,Email,5,30,1
2930,30,30,91,Desktop,Instagram,9,26,1
1749,38,92,402,Mobile,Organic,9,2,1
1474,6,8,442,Tablet,Facebook,16,35,1
1000,7,34,26,Tablet,Facebook,14,35,1
1274,5,80,157,Tablet,Facebook,3,1,0
3075,7,59,72,Desktop,Facebook,9,47,1
1894,34,75,44,Desktop,Organic,7,36,1
3235,32,62,90,Tablet,Instagram,0,14,0
1819,13,99,133,Desktop,GoogleAds,16,36,1
3177,30,51,161,Desktop,Organic,11,22,1
2351,25,47,232,Tablet,Instagram,11,43,1
2266,21,60,380,Mobile,Email,12,46,1
3424,21,23,261,Tablet,Instagram,13,5,1
1121,28,73,383,Tablet,Instagram,7,32,1
827,20,57,369,Mobile,Instagram,13,4,1
1809,34,63,111,Desktop,Organic,6,20,1
1970,5,29,164,Tablet,Instagram,16,27,1
2447,18,28,77,Tablet,Instagram,10,20,1
2382,39,9,209,Desktop,Email,0,23,0
2997,11,38,13,Desktop,Email,7,27,1
898,17,54,409,Mobile,Facebook,12,10,1
1865,22,27,58,Desktop,Organic,16,21,1
1190,37,17,386,Tablet,Instagram,11,45,1
677,20,40,344,Desktop,Facebook,15,45,1
642,6,80,36,Desktop,Facebook,9,33,1
2634,34,74,25,Mobile,Organic,15,36,1
1652,14,64,34,Mobile,Facebook,2,40,0
146,23,80,140,Tablet,Facebook,0,16,0
1956,20,99,275,Tablet,Organic,18,14,1
1707,13,99,370,Desktop,GoogleAds,7,28,1
437,32,45,362,Tablet,Facebook,15,33,0
1485,26,59,222,Tablet,Email,14,40,1
2669,14,8,37,Desktop,Facebook,6,42,1
2968,36,44,363,Desktop,Organic,1,21,0
828,8,59,129,Desktop,Organic,12,26,1
2198,22,27,316,Mobile,GoogleAds,4,37,1
1116,22,96,323,Mobile,GoogleAds,9,14,1
2234,16,2,433,Desktop,Email,7,20,1
207,27,50,218,Mobile,Email,12,3,0
2681,10,7,335,Mobile,Facebook,18,46,1
2005,25,69,430,Mobile,GoogleAds,5,17,1
2748,31,58,248,Tablet,Email,17,6,1
3502,21,60,111,Desktop,Facebook,7,15,1
2458,27,57,304,Desktop,Instagram,8,34,1
480,17,69,220,Tablet,Facebook,16,11,0
2275,33,92,196,Mobile,Email,3,6,0
1958,31,11,147,Desktop,Facebook,17,40,1
938,26,8,344,Mobile,Instagram,5,9,1
2020,21,48,40,Tablet,Email,10,0,1
2689,36,82,134,Mobile,Facebook,9,11,1
3008,1,16,464,Tablet,Email,10,26,1
915,4,53,352,Tablet,Facebook,7,27,1
2232,4,43,478,Mobile,Organic,2,17,0
32,26,31,191,Mobile,Email,1,0,0
244,4,34,163,Desktop,Email,17,49,0
3094,9,77,456,Tablet,Email,1,22,0
1134,30,48,61,Mobile,Email,11,38,1
938,4,53,5,Mobile,Facebook,4,16,1
532,5,15,37,Desktop,GoogleAds,3,44,0
1818,23,84,460,Desktop,Facebook,15,41,1
3533,16,11,217,Desktop,Instagram,13,45,1
440,22,87,225,Tablet,Organic,1,0,0
802,37,97,487,Desktop,Facebook,6,37,1
1639,8,7,216,Tablet,Facebook,10,3,1
1746,33,20,139,Desktop,Email,11,14,1
542,38,47,106,Tablet,Instagram,4,20,0
3036,16,7,99,Desktop,Email,15,20,1
1756,5,27,168,Tablet,Email,6,21,1
1685,16,79,449,Desktop,GoogleAds,7,43,1
1326,7,9,264,Desktop,Organic,3,13,0
2867,1,51,87,Mobile,GoogleAds,3,34,0
922,9,14,84,Tablet,Email,5,3,1
1134,18,3,224,Mobile,Organic,1,34,0
1535,3,89,11,Tablet,Facebook,8,31,1
1337,24,78,327,Mobile,Instagram,7,27,1
2928,28,99,186,Desktop,GoogleAds,17,11,1
2597,10,95,350,Mobile,Instagram,11,29,1
1033,9,61,379,Desktop,Email,15,8,1
1586,13,3,432,Tablet,Organic,0,18,0
1388,35,40,231,Desktop,Facebook,19,15,1
3384,23,72,141,Mobile,Organic,3,29,0
1529,17,98,106,Tablet,Instagram,13,0,1
1691,7,54,253,Mobile,Instagram,17,45,1
2007,16,27,444,Desktop,Facebook,4,44,1
236,36,46,49,Desktop,Facebook,2,22,0
1269,20,8,451,Mobile,Organic,18,11,1
882,24,1,263,Tablet,GoogleAds,11,4,1
901,5,66,491,Mobile,Organic,18,19,1
1488,6,47,205,Desktop,Instagram,19,2,1
1046,28,68,357,Tablet,Organic,10,1,1
2267,5,73,409,Mobile,Email,19,42,1
2798,39,27,407,Desktop,Organic,8,19,1
406,38,78,51,Tablet,Organic,19,1,0
1133,2,13,175,Mobile,Email,4,47,1
2088,39,45,225,Tablet,Instagram,9,39,1
2955,21,86,261,Desktop,Facebook,8,34,1
658,37,12,480,Mobile,Organic,12,3,1
338,18,15,222,Mobile,GoogleAds,7,35,0
3247,12,93,223,Desktop,Facebook,12,39,1
1492,17,39,269,Desktop,GoogleAds,17,5,1
961,37,71,298,Desktop,Organic,8,13,1
2015,38,80,381,Mobile,GoogleAds,8,14,1
2026,15,29,389,Desktop,Facebook,1,48,0
3181,7,80,407,Mobile,GoogleAds,6,36,1
2678,14,98,318,Mobile,GoogleAds,4,32,1
1888,1,64,385,Tablet,Facebook,5,43,1
1206,38,57,74,Desktop,Facebook,12,18,1
1782,3,87,114,Desktop,Facebook,17,11,1
171,37,47,219,Tablet,Facebook,2,42,0
1761,31,48,54,Mobile,Email,9,8,1
785,13,88,200,Mobile,Organic,2,18,0
3344,18,1,372,Mobile,Facebook,0,31,0
1837,17,88,131,Desktop,Instagram,5,27,1
2331,17,13,339,Mobile,GoogleAds,15,27,1
3084,11,96,192,Tablet,Facebook,16,30,1
1061,20,16,179,Mobile,Facebook,15,35,1
2383,10,30,386,Desktop,Organic,9,12,1
949,29,9,305,Desktop,Facebook,6,41,1
3230,34,69,287,Mobile,Email,7,32,1
549,17,88,240,Mobile,Instagram,2,41,0
2545,13,36,245,Desktop,Instagram,4,17,1
831,39,63,330,Mobile,Facebook,18,28,1
1471,27,29,117,Tablet,Organic,6,44,1
1098,26,33,208,Desktop,Facebook,17,38,1
365,28,17,485,Mobile,GoogleAds,17,7,0
3333,13,87,212,Mobile,Instagram,5,48,1
244,12,62,259,Mobile,GoogleAds,4,21,0
2284,28,48,380,Tablet,Email,5,0,1
1558,2,55,163,Desktop,Instagram,5,47,1
3394,37,90,226,Tablet,Instagram,10,30,1
2106,34,57,341,Mobile,Email,16,19,1
127,23,26,420,Tablet,GoogleAds,8,35,0
2111,29,54,64,Mobile,Facebook,15,22,1
1683,35,84,416,Mobile,Organic,9,16,1
2622,11,18,246,Desktop,GoogleAds,14,44,1
1077,33,22,18,Desktop,Email,7,9,1
2110,11,46,34,Mobile,Email,13,8,1
567,9,78,312,Mobile,Email,15,45,0
3183,14,65,486,Mobile,Instagram,18,16,1
1825,9,98,323,Desktop,Facebook,2,2,0
2015,39,50,181,Desktop,Instagram,12,32,1
2925,3,83,451,Mobile,Instagram,8,0,1
407,29,27,347,Desktop,Instagram,11,19,0
3219,19,56,194,Mobile,Email,4,1,1
684,36,57,192,Tablet,GoogleAds,18,15,1
396,32,14,67,Desktop,Organic,6,8,0
2168,7,15,209,Mobile,Organic,6,13,1
2671,28,96,366,Tablet,Facebook,18,0,1
2074,18,46,167,Mobile,Facebook,7,34,1
3263,5,62,246,Tablet,Email,5,17,1
893,23,11,245,Desktop,Organic,2,0,0
550,22,42,166,Desktop,GoogleAds,0,42,0
180,26,83,296,Mobile,Email,5,4,0
2466,12,28,403,Desktop,Facebook,19,10,1
749,19,48,211,Desktop,Email,19,37,1
1411,1,2,492,Tablet,Facebook,18,23,1
3269,3,68,133,Desktop,Organic,12,38,1
2915,27,59,197,Tablet,Email,16,44,1
2287,18,65,398,Tablet,Instagram,17,31,1
128,30,86,347,Tablet,Facebook,19,15,0
3237,2,89,49,Desktop,Instagram,5,2,1
2841,5,25,64,Mobile,Facebook,10,46,1
2522,29,70,112,Mobile,Instagram,5,7,1
2161,33,73,356,Desktop,Organic,6,31,1
2755,20,68,185,Tablet,Organic,0,21,0
2005,30,46,104,Desktop,GoogleAds,7,47,1
3583,5,75,419,Mobile,GoogleAds,13,16,1
1715,21,95,213,Tablet,GoogleAds,19,26,1
1732,15,41,5,Desktop,Email,0,44,0
2232,20,30,119,Tablet,Facebook,4,2,1
2802,8,21,344,Tablet,Email,4,25,1
1707,31,16,249,Mobile,GoogleAds,13,34,1
1454,12,83,167,Tablet,Facebook,6,12,1
3215,21,19,383,Desktop,Email,16,16,1
3472,30,7,242,Tablet,Organic,10,29,1
1769,27,97,280,Tablet,Facebook,6,28,1
1534,26,48,424,Desktop,GoogleAds,0,13,0
674,33,86,363,Mobile,Organic,14,29,1
42,26,37,238,Mobile,Facebook,18,36,0
2112,26,52,306,Desktop,Email,9,43,1
2576,36,27,205,Tablet,GoogleAds,8,47,1
2813,1,76,486,Desktop,Email,12,37,1
2069,15,28,493,Desktop,Organic,12,8,1
1561,1,71,314,Desktop,Organic,5,47,1
729,11,10,1,Mobile,Organic,7,31,1
2612,2,46,171,Tablet,Facebook,11,3,1
2430,1,44,167,Desktop,GoogleAds,1,5,0
493,31,17,394,Mobile,Organic,15,0,0
982,16,49,258,Mobile,Email,11,24,1
3309,22,88,63,Tablet,GoogleAds,17,39,1
2680,18,48,272,Desktop,Email,2,37,0
316,17,21,37,Tablet,Email,17,2,0
466,30,44,16,Desktop,Organic,10,20,0
2217,10,60,254,Mobile,GoogleAds,4,13,1
340,35,98,343,Mobile,Instagram,12,29,0
2833,21,92,346,Tablet,Facebook,9,1,1
234,16,20,336,Desktop,Instagram,14,47,0
3040,6,70,27,Tablet,Facebook,5,21,1
2786,3,60,447,Desktop,GoogleAds,15,12,1
3585,21,75,111,Tablet,Organic,7,24,1
1489,13,35,233,Mobile,GoogleAds,19,47,1
3126,18,23,478,Tablet,Instagram,2,42,0
3295,24,31,64,Desktop,Email,4,10,1
1092,27,90,97,Tablet,Facebook,14,47,1
653,4,95,416,Desktop,Facebook,2,9,0
625,22,58,393,Tablet,Instagram,14,48,1
204,24,95,267,Desktop,Organic,1,43,0
498,10,95,485,Desktop,GoogleAds,11,36,0
2214,2,89,326,Desktop,Instagram,4,24,1
2667,6,74,414,Tablet,GoogleAds,8,43,1
1259,18,81,232,Tablet,Organic,3,34,0
2469,17,4,399,Mobile,Email,6,18,1
3286,38,15,443,Desktop,GoogleAds,15,27,1
1112,23,10,48,Mobile,Organic,12,41,1
1157,30,34,350,Mobile,Instagram,1,47,0
2528,21,74,210,Desktop,Email,1,42,0
1251,10,41,76,Mobile,Email,8,47,1
525,13,86,247,Tablet,Email,14,9,0
1635,12,97,316,Mobile,Facebook,3,14,0
1137,9,80,68,Tablet,Organic,16,31,1
402,4,9,313,Desktop,GoogleAds,8,2,0
640,39,81,64,Desktop,Instagram,14,23,1
1857,24,7,182,Desktop,Email,0,9,0
2665,34,25,80,Mobile,Email,1,43,0
989,39,2,343,Desktop,Email,8,29,1
443,5,58,203,Desktop,Organic,10,40,0
3412,15,87,182,Tablet,Instagram,18,32,1
3224,4,2,443,Mobile,Organic,0,44,0
2597,39,37,472,Mobile,Instagram,18,24,1
287,8,1,214,Desktop,GoogleAds,8,38,0
242,24,98,423,Mobile,Facebook,1,38,0
1562,28,16,120,Desktop,Instagram,4,24,1
1604,27,72,399,Tablet,Organic,16,37,1
1123,1,35,241,Mobile,Organic,0,11,0
3573,34,85,335,Mobile,Organic,13,3,1
3280,17,94,202,Tablet,Facebook,11,27,1
2419,37,97,412,Mobile,Instagram,9,19,1
3522,38,87,292,Desktop,Instagram,18,9,1
35,26,72,54,Mobile,Instagram,14,30,0
3106,24,1,145,Mobile,Instagram,0,18,0
1427,39,84,356,Tablet,Email,0,1,0
2564,21,33,86,Tablet,Email,10,3,1
3382,30,26,471,Desktop,Organic,10,14,1
3420,13,36,477,Mobile,Email,4,37,1
2324,37,70,22,Mobile,Instagram,2,32,0
470,3,21,331,Tablet,Instagram,10,17,0
2513,32,67,292,Desktop,Email,3,39,0
3441,35,13,236,Mobile,GoogleAds,5,31,1
1101,19,97,29,Desktop,Organic,17,31,1
1016,14,22,183,Mobile,Facebook,6,12,1
2920,22,43,426,Tablet,Organic,3,15,0
3493,17,88,160,Tablet,Organic,13,32,1
2004,4,64,398,Tablet,Organic,7,33,1
500,19,78,18,Tablet,Email,19,13,0
1082,37,95,38,Tablet,Organic,10,46,1
2621,2,77,101,Tablet,Instagram,13,1,1
3183,15,60,290,Desktop,Organic,2,12,0
225,2,84,377,Tablet,Instagram,10,28,0
3519,11,54,173,Desktop,Email,3,42,0
1733,23,70,343,Tablet,Email,8,41,1
1602,10,99,416,Mobile,Organic,4,33,1
2616,3,84,366,Mobile,Instagram,12,16,1
168,5,49,67,Mobile,Instagram,19,2,0
2546,3,11,191,Desktop,Instagram,3,29,0
695,38,78,439,Tablet,Instagram,6,3,1
3323,13,14,43,Desktop,Facebook,1,30,0
2851,19,16,123,Tablet,Email,19,4,1
1786,35,33,278,Mobile,Instagram,18,1,1
2062,24,34,343,Desktop,Facebook,6,3,1
1853,24,38,196,Tablet,Facebook,19,43,1
2418,17,77,333,Desktop,Email,8,37,1
2516,10,54,125,Desktop,GoogleAds,18,26,1
2305,2,58,96,Mobile,Organic,19,26,1
1599,23,4,378,Mobile,Email,1,14,0
1706,6,29,157,Mobile,GoogleAds,15,38,1
3003,2,3,40,Mobile,Organic,5,37,1
2479,21,14,360,Mobile,Organic,18,13,1
1956,35,34,173,Tablet,Organic,17,17,1
2072,29,73,375,Tablet,Facebook,16,28,1
2793,7,54,394,Mobile,Instagram,10,6,1
1155,29,65,461,Mobile,Organic,3,37,0
2334,37,59,173,Mobile,Instagram,7,23,1
1591,23,23,120,Desktop,Organic,17,37,1
2510,33,91,273,Mobile,Facebook,12,5,1
3471,8,21,358,Tablet,Organic,7,19,1
3375,12,43,386,Tablet,Email,9,41,1
2655,10,31,401,Desktop,GoogleAds,17,35,1
2503,15,94,364,Tablet,Organic,17,9,1
2267,24,82,346,Mobile,GoogleAds,16,21,1
2771,26,50,375,Desktop,GoogleAds,15,32,1
2359,39,84,422,Desktop,Facebook,5,22,1
1942,3,2,421,Tablet,GoogleAds,13,45,1
3304,2,69,319,Mobile,Facebook,4,49,1
1767,6,31,261,Mobile,Organic,14,40,1
2060,21,1,281,Mobile,Instagram,12,41,1
999,9,87,329,Desktop,Facebook,15,3,1
1551,10,58,124,Tablet,GoogleAds,15,20,1
1126,36,90,476,Tablet,GoogleAds,16,12,1
2577,3,72,278,Tablet,Organic,4,41,1
3509,24,76,93,Mobile,Facebook,10,12,1
502,22,13,447,Desktop,Organic,14,11,0
3316,14,50,35,Desktop,Facebook,2,23,0
629,27,10,311,Tablet,Instagram,7,34,1
3242,33,77,128,Tablet,Email,2,18,0
2388,22,79,20,Desktop,Organic,3,8,0
2390,29,9,261,Tablet,GoogleAds,13,12,1
2107,19,83,167,Desktop,Organic,19,21,1
1556,19,79,319,Desktop,Facebook,5,39,1
872,6,57,236,Tablet,Organic,3,35,0
1701,19,33,32,Desktop,Instagram,11,27,1
3573,13,79,231,Desktop,Facebook,1,40,0
1615,26,77,191,Tablet,GoogleAds,17,6,1
2329,22,52,330,Tablet,GoogleAds,13,29,1
589,21,27,424,Tablet,Facebook,7,30,0
1900,36,17,145,Desktop,Instagram,7,10,1
1285,2,25,101,Tablet,Organic,11,29,1
2617,30,6,79,Tablet,Email,0,14,0
2753,27,44,457,Desktop,GoogleAds,0,12,0
1865,7,97,160,Desktop,Instagram,3,34,0
3171,20,44,255,Tablet,Instagram,16,34,1
2503,31,70,279,Tablet,Instagram,9,19,1
3074,23,96,459,Desktop,Organic,0,42,0
1365,13,34,188,Desktop,Instagram,10,22,1
1172,17,51,461,Mobile,Instagram,16,36,1
366,4,20,210,Desktop,Facebook,9,19,0
1634,14,27,241,Desktop,Facebook,5,18,1
2331,20,95,56,Mobile,Instagram,3,43,0
3100,13,43,137,Tablet,Instagram,12,17,1
2016,3,79,106,Mobile,Facebook,10,3,1
2368,26,55,69,Desktop,Organic,4,7,1
879,26,9,190,Mobile,Facebook,13,45,1
895,18,22,192,Mobile,Facebook,1,29,0
2011,32,47,491,Mobile,Facebook,2,47,0
2211,14,51,278,Mobile,Facebook,2,19,0
1423,3,14,32,Mobile,Email,10,7,1
1293,1,54,175,Mobile,GoogleAds,8,4,1
629,26,42,258,Tablet,Organic,18,40,1
892,24,49,123,Mobile,Organic,9,33,1
806,35,5,85,Mobile,Instagram,5,39,1
2182,14,32,476,Mobile,Email,5,6,1
3435,3,61,436,Mobile,Instagram,0,49,0
1306,13,54,216,Desktop,Organic,0,21,0
628,14,38,216,Mobile,Organic,18,8,1
1844,21,11,14,Mobile,Instagram,2,10,0
254,26,99,37,Mobile,GoogleAds,5,11,0
2905,3,30,27,Tablet,Instagram,1,7,0
2507,4,73,152,Mobile,GoogleAds,14,31,1
939,36,52,64,Desktop,GoogleAds,11,16,1
1280,1,33,70,Tablet,Facebook,9,25,1
529,33,40,154,Desktop,Organic,18,32,0
3222,7,9,438,Tablet,Facebook,12,25,1
2419,11,51,253,Tablet,Organic,2,21,0
17,27,74,271,Mobile,Facebook,17,2,0
2535,14,56,29,Mobile,GoogleAds,19,30,1
3433,22,77,484,Tablet,Facebook,4,13,1
2029,16,2,74,Mobile,Email,12,17,1
504,12,56,284,Mobile,Facebook,13,33,0
1639,10,32,59,Tablet,Facebook,14,39,1
2890,24,6,243,Tablet,Facebook,17,16,1
3508,18,3,329,Desktop,Email,13,40,1
1072,22,38,149,Tablet,Organic,18,11,1
2650,9,47,10,Desktop,Facebook,2,38,0
196,17,73,132,Desktop,Organic,0,32,0
2811,38,78,62,Mobile,Instagram,6,31,1
1887,13,15,388,Mobile,GoogleAds,19,20,1
2150,37,37,383,Tablet,Instagram,6,13,1
95,6,3,262,Tablet,Email,16,1,0
3125,21,3,218,Desktop,Email,14,48,1
146,36,99,232,Desktop,Organic,12,6,0
2478,7,26,336,Mobile,Organic,14,14,1
2131,36,85,72,Tablet,Facebook,2,30,0
1646,25,85,476,Tablet,Instagram,16,27,1
3593,11,16,16,Tablet,Organic,15,40,1
3237,14,97,38,Tablet,Organic,0,7,0
3336,29,95,177,Mobile,Organic,13,6,1
2228,10,69,445,Mobile,GoogleAds,2,35,0
1761,5,53,321,Desktop,Organic,19,9,1
2227,8,96,382,Mobile,GoogleAds,3,38,0
1797,5,7,83,Desktop,Email,8,46,1
881,24,52,434,Mobile,Facebook,0,29,0
2379,26,99,17,Mobile,Instagram,13,44,1
2513,6,4,369,Tablet,Organic,12,39,1
953,16,68,156,Desktop,GoogleAds,14,40,1
1636,36,46,172,Desktop,Organic,17,40,1
2847,12,73,396,Desktop,Organic,15,4,1
2670,11,39,70,Mobile,GoogleAds,5,20,1
3236,3,6,71,Tablet,Organic,15,5,1
2946,37,11,255,Mobile,Instagram,10,15,1
358,6,93,456,Tablet,Email,6,15,0
3532,19,24,131,Mobile,Facebook,8,23,1
1686,18,27,49,Desktop,Organic,0,45,0
1206,16,42,21,Mobile,GoogleAds,9,18,1
19,23,76,392,Desktop,Instagram,7,18,0
2797,37,46,320,Tablet,Organic,10,47,1
3346,9,48,220,Desktop,Email,4,36,1
1471,3,85,187,Desktop,Email,5,32,1
3328,8,53,414,Desktop,GoogleAds,11,4,1
676,38,17,32,Desktop,Organic,10,8,1
2603,4,26,203,Tablet,Organic,6,20,1
1532,12,71,276,Mobile,Organic,6,6,1
2186,31,5,242,Mobile,Email,11,41,1
610,25,74,16,Mobile,Organic,11,24,1
2662,16,92,409,Mobile,Organic,0,46,0
336,14,68,316,Desktop,Organic,18,20,0
989,13,70,173,Tablet,Organic,3,43,0
2461,7,21,137,Tablet,GoogleAds,18,12,1
638,12,58,179,Mobile,Email,18,49,1
1639,37,46,359,Mobile,Facebook,10,20,1
3440,4,67,61,Tablet,GoogleAds,8,9,1
2775,2,31,497,Tablet,Organic,12,23,1
3098,35,82,424,Desktop,Facebook,18,26,1
283,3,96,104,Tablet,Instagram,4,32,0
694,4,0,317,Tablet,Facebook,10,25,1
125,38,53,195,Desktop,GoogleAds,2,35,0
870,12,45,256,Desktop,Email,4,16,1
2013,19,40,464,Desktop,GoogleAds,12,20,1
702,10,40,76,Tablet,Email,13,44,1
3172,1,7,271,Tablet,Email,12,1,1
1115,17,31,181,Tablet,Email,1,14,0
2381,16,29,132,Desktop,Instagram,1,43,0
3018,9,45,151,Tablet,Facebook,17,1,1
2171,9,91,155,Tablet,GoogleAds,5,6,1
1802,9,51,359,Desktop,GoogleAds,18,35,1
3139,12,95,235,Mobile,Email,9,45,1
163,15,88,248,Mobile,Instagram,7,49,0
1910,2,97,165,Tablet,Instagram,4,42,1
1437,11,60,205,Desktop,Organic,1,31,0
1299,11,96,427,Desktop,Instagram,5,2,1
324,8,12,165,Tablet,Email,17,2,0
1074,32,88,488,Tablet,Email,7,49,1
114,6,39,213,Mobile,Facebook,1,32,0
1934,20,60,413,Desktop,Email,19,44,1
1923,39,43,254,Tablet,Facebook,3,24,0
1226,35,61,157,Desktop,Instagram,14,36,1
1434,8,43,177,Tablet,Organic,19,35,1
3359,34,47,75,Mobile,GoogleAds,8,34,1
2411,19,73,435,Tablet,Email,19,18,1
3073,7,58,178,Mobile,Instagram,5,44,1
1782,31,56,284,Mobile,Email,8,47,1
1970,18,94,330,Tablet,Facebook,12,18,1
2790,14,10,133,Tablet,Instagram,4,32,1
1613,39,24,125,Mobile,GoogleAds,13,17,1
718,36,60,312,Desktop,Facebook,13,26,1
3337,17,45,320,Desktop,Instagram,17,29,1
660,37,53,127,Mobile,GoogleAds,6,30,1
2881,9,33,377,Mobile,Facebook,5,38,1
956,20,83,345,Tablet,GoogleAds,11,2,1
670,28,6,225,Tablet,Instagram,13,21,1
2156,20,96,17,Mobile,Facebook,18,9,1
2645,36,61,497,Mobile,Organic,15,7,1
2339,27,56,481,Desktop,Email,18,33,1
2460,8,98,473,Desktop,Organic,9,41,1
1142,32,92,353,Desktop,GoogleAds,10,17,1
709,1,75,311,Mobile,Instagram,3,11,0
2256,17,4,246,Mobile,Email,19,45,1
3384,9,75,137,Desktop,Instagram,1,31,0
2048,20,92,475,Desktop,GoogleAds,8,1,1
2384,32,34,217,Tablet,Instagram,9,16,1
2211,2,83,196,Tablet,Facebook,7,11,1
561,32,36,201,Mobile,Facebook,3,6,0
414,9,59,366,Tablet,GoogleAds,12,14,0
471,30,64,207,Mobile,Instagram,5,1,0
2189,20,15,16,Mobile,GoogleAds,5,26,1
2848,38,29,400,Mobile,Email,1,25,0
883,1,72,13,Desktop,Instagram,8,24,1
93,5,41,78,Tablet,Facebook,5,11,0
1432,35,60,214,Tablet,Organic,4,16,1
2811,36,73,341,Tablet,Facebook,1,0,0
2685,1,76,329,Tablet,Instagram,13,30,1
3190,14,47,447,Desktop,Instagram,9,39,1
230,9,61,119,Tablet,Instagram,14,4,0
2610,30,83,425,Tablet,Instagram,16,27,1
1401,24,92,181,Desktop,Email,6,27,1
3228,4,63,324,Tablet,Organic,19,7,1
121,14,56,330,Tablet,Facebook,10,13,0
624,25,67,355,Desktop,Email,12,5,1
1591,4,45,373,Desktop,GoogleAds,16,17,1
2981,25,27,137,Desktop,Instagram,4,36,1
3575,10,76,179,Desktop,Facebook,11,9,1
3586,35,2,432,Mobile,GoogleAds,3,46,0
484,7,36,208,Desktop,Organic,0,34,0
2893,13,47,433,Tablet,Facebook,9,34,1
1923,4,18,402,Tablet,Email,1,16,0
280,36,91,394,Tablet,GoogleAds,12,45,0
2478,14,82,469,Tablet,Facebook,12,26,1
1930,18,16,371,Mobile,Email,11,23,1
2764,8,81,54,Mobile,Instagram,0,9,0
1400,32,81,79,Mobile,Facebook,9,47,1
3361,27,86,271,Tablet,Instagram,19,16,1
3364,37,39,395,Tablet,GoogleAds,4,44,1
49,23,49,424,Desktop,GoogleAds,9,32,0
1992,7,72,118,Desktop,GoogleAds,6,32,1
2246,12,28,368,Tablet,Instagram,14,16,1
3245,25,50,106,Desktop,Instagram,17,17,1
1003,3,41,105,Desktop,Email,19,48,1
2022,26,28,303,Tablet,Facebook,3,43,0
2593,4,65,118,Mobile,Email,0,37,0
3085,36,16,382,Tablet,Instagram,7,6,1
299,15,30,229,Tablet,Facebook,10,48,0
2490,32,91,148,Desktop,GoogleAds,2,25,0
2528,29,51,354,Desktop,Email,11,47,1
3262,10,38,150,Tablet,Email,12,0,1
3329,21,59,304,Mobile,Email,19,10,1
2685,16,93,256,Tablet,Instagram,17,9,1
288,19,98,82,Mobile,Facebook,11,30,0
2934,29,50,16,Mobile,GoogleAds,9,24,1
590,18,83,389,Tablet,Instagram,14,0,0
872,16,15,193,Tablet,GoogleAds,2,42,0
263,1,97,211,Tablet,Organic,14,2,0
190,2,13,74,Mobile,Organic,16,47,0
690,15,89,277,Desktop,GoogleAds,15,0,1
834,39,83,61,Mobile,Organic,1,6,0
3590,28,41,461,Mobile,Facebook,0,42,0
709,1,50,439,Mobile,Facebook,3,48,0
2623,5,23,24,Desktop,Instagram,16,13,1
1359,22,81,23,Mobile,GoogleAds,6,22,1
1390,36,42,343,Mobile,Instagram,4,47,1
1683,13,72,395,Mobile,Facebook,3,16,0
2737,1,18,431,Desktop,Facebook,19,13,1
2448,16,83,258,Mobile,Facebook,19,8,1
1648,22,60,198,Desktop,Email,4,20,1
1967,32,93,53,Desktop,Organic,7,44,1
3166,16,62,139,Tablet,Instagram,19,1,1
3398,15,25,271,Tablet,Instagram,8,31,1
221,12,94,201,Tablet,Facebook,5,7,0
1548,1,34,396,Desktop,Email,3,35,0
393,17,66,378,Tablet,Instagram,4,25,0
1724,28,55,379,Tablet,Instagram,7,36,1
351,7,39,164,Tablet,Email,19,14,0
1848,9,28,92,Desktop,Facebook,12,33,1
1997,22,5,23,Mobile,Email,3,20,0
853,26,51,411,Tablet,Organic,6,22,1
3119,12,0,88,Tablet,Instagram,0,8,0
1544,7,51,398,Tablet,Organic,8,39,1
429,15,23,182,Tablet,Instagram,4,25,0
2808,38,33,355,Desktop,Organic,9,42,1
3250,21,6,283,Mobile,Instagram,10,21,1
1998,14,74,21,Mobile,Facebook,17,12,1
1942,2,10,49,Tablet,GoogleAds,4,24,1
3424,8,35,190,Mobile,Email,3,6,0
1859,6,19,205,Tablet,Instagram,18,26,1
315,37,62,456,Tablet,Email,15,14,0
2759,37,79,44,Mobile,Instagram,1,11,0
878,33,62,492,Mobile,GoogleAds,14,44,1
2594,6,68,300,Desktop,Facebook,8,32,1
1145,26,87,128,Tablet,Facebook,16,20,1
1444,39,29,482,Mobile,Email,1,24,0
215,37,29,189,Desktop,GoogleAds,5,39,0
3266,14,96,170,Mobile,Email,0,46,0
3463,37,83,279,Mobile,Facebook,7,21,1
505,8,21,201,Tablet,Organic,10,13,0
3460,39,60,385,Desktop,Email,19,7,1
3128,13,20,125,Tablet,Instagram,14,23,1
1919,13,36,292,Mobile,Facebook,8,2,1
2561,28,26,311,Desktop,Instagram,1,11,0
1055,18,34,366,Tablet,GoogleAds,6,46,1
222,19,37,16,Desktop,Facebook,16,21,0
319,38,59,345,Mobile,Facebook,2,15,0
2718,32,69,274,Desktop,Email,3,6,0
2001,22,31,482,Mobile,Email,2,17,0
2810,2,79,294,Tablet,Instagram,7,44,1
281,13,91,451,Mobile,Email,10,22,0
1832,23,79,20,Mobile,Organic,15,25,1
2995,25,26,19,Desktop,Facebook,13,37,1
3283,28,2,13,Desktop,GoogleAds,18,1,1
2089,11,48,17,Tablet,Facebook,1,1,0
452,33,84,206,Desktop,Instagram,11,21,0
2219,24,29,30,Tablet,Email,10,37,1
2824,2,21,470,Mobile,Facebook,15,41,1
263,30,18,299,Mobile,Email,10,27,0
530,17,30,304,Desktop,Instagram,2,16,0
986,34,19,43,Mobile,Email,9,47,1
3561,38,18,93,Mobile,GoogleAds,4,17,1
19,22,1,370,Tablet,Instagram,12,1,0
2783,5,39,66,Desktop,Facebook,5,34,1
2562,16,38,119,Tablet,Facebook,19,14,1
2842,13,90,309,Mobile,GoogleAds,2,14,0
1593,26,71,72,Mobile,Organic,8,43,1
2493,31,53,334,Mobile,Email,6,44,1
1144,39,26,162,Desktop,Facebook,6,33,1
162,23,78,461,Mobile,GoogleAds,1,49,0
1668,12,11,330,Mobile,Email,7,14,1
2974,14,77,328,Tablet,Instagram,17,17,1
2926,18,70,455,Desktop,GoogleAds,0,12,0
3183,27,16,269,Mobile,Instagram,9,37,1
2810,28,89,218,Tablet,Instagram,5,7,1
1866,18,83,254,Mobile,Instagram,17,15,1
1224,16,9,440,Tablet,Email,12,19,1
1762,16,18,59,Mobile,Organic,0,25,0
2620,13,81,32,Desktop,Instagram,0,34,0
1114,29,29,339,Desktop,Facebook,11,16,1
2546,9,29,120,Tablet,Email,7,25,1
904,26,24,463,Mobile,Email,4,17,1
1121,28,87,310,Desktop,Instagram,2,43,0
3275,13,73,2,Mobile,Facebook,17,6,1
113,36,65,118,Desktop,GoogleAds,5,43,0
3177,9,95,37,Tablet,Email,3,34,0
3504,14,34,467,Desktop,Instagram,14,11,1
1924,12,50,97,Mobile,Instagram,3,46,0
3279,32,70,359,Mobile,Organic,5,48,1
3082,38,70,370,Mobile,Organic,17,43,1
1016,3,26,417,Tablet,GoogleAds,17,40,1
416,16,9,257,Tablet,GoogleAds,9,0,0
1411,20,96,128,Mobile,GoogleAds,12,24,1
176,32,42,359,Mobile,GoogleAds,19,15,0
518,23,54,156,Desktop,Instagram,17,14,0
1671,17,70,145,Desktop,Instagram,6,10,1
2370,16,5,57,Desktop,Instagram,7,36,1
3499,38,5,70,Mobile,Facebook,5,38,1
772,8,76,436,Desktop,GoogleAds,1,2,0
690,19,47,44,Mobile,Facebook,7,44,1
2534,30,76,212,Tablet,Email,9,44,1
2130,34,1,175,Desktop,Email,16,41,1
1174,14,82,141,Mobile,Instagram,11,38,1
591,22,50,76,Mobile,Email,10,19,0
271,17,60,158,Tablet,Instagram,16,22,0
1373,15,18,85,Tablet,GoogleAds,15,14,1
1341,32,1,322,Tablet,Facebook,9,17,1
2302,13,50,309,Tablet,Instagram,19,38,1
1548,21,25,18,Desktop,Organic,2,34,0
3418,33,69,284,Tablet,Organic,18,28,1
570,27,19,388,Mobile,GoogleAds,3,19,0
1109,35,22,42,Mobile,Facebook,18,41,1
1913,16,53,491,Mobile,Instagram,8,14,1
184,28,14,382,Mobile,GoogleAds,19,31,0
2166,34,5,373,Mobile,Facebook,16,11,1
2240,1,91,134,Tablet,Organic,3,47,0
201,31,34,102,Mobile,Instagram,16,11,0
74,36,74,137,Tablet,Facebook,2,24,0
3020,33,7,404,Tablet,Email,19,33,1
1507,33,56,493,Tablet,Instagram,3,7,0
3181,39,49,222,Tablet,Email,8,23,1
1577,18,48,229,Desktop,GoogleAds,5,44,1
2921,23,87,294,Desktop,Facebook,18,0,1
1161,23,20,452,Desktop,Facebook,6,24,1
3533,15,35,486,Desktop,Facebook,15,33,1
1947,26,70,306,Desktop,Facebook,14,13,1
378,30,68,316,Mobile,Instagram,15,35,0
860,25,57,397,Desktop,Email,13,5,1
52,16,62,119,Mobile,Email,3,44,0
1917,39,92,99,Mobile,GoogleAds,1,8,0
3500,14,15,350,Tablet,GoogleAds,6,47,1
2545,17,5,426,Tablet,Facebook,6,0,1
87,12,77,324,Tablet,Organic,5,8,0
2883,29,51,409,Desktop,Organic,19,23,1
1834,32,1,159,Mobile,Facebook,8,38,1
1303,24,88,239,Desktop,Email,16,17,1
683,13,94,396,Tablet,GoogleAds,10,47,1
710,20,76,320,Tablet,Instagram,15,38,1
768,15,17,335,Mobile,Organic,0,17,0
1933,4,80,189,Mobile,GoogleAds,15,40,1
2785,34,91,309,Tablet,Organic,16,27,1
3396,28,75,249,Desktop,Email,5,1,1
2982,2,34,26,Desktop,Email,10,36,1
911,30,85,189,Mobile,Facebook,6,40,1
2946,26,38,394,Tablet,Facebook,15,35,1
1002,26,0,140,Desktop,Organic,1,47,0
1201,20,36,406,Mobile,Organic,19,23,1
2396,28,20,488,Mobile,GoogleAds,12,34,1
2250,20,0,181,Mobile,Facebook,12,5,1
1486,11,3,21,Desktop,Email,14,16,1
2340,10,95,163,Mobile,GoogleAds,14,29,1
3417,23,57,71,Desktop,GoogleAds,8,7,1
399,37,0,82,Mobile,Instagram,17,41,0
1009,19,12,155,Desktop,Email,13,9,1
534,18,45,316,Tablet,GoogleAds,13,15,0
3321,27,46,355,Desktop,Instagram,3,37,0
1865,6,80,47,Tablet,Facebook,13,25,1
1516,10,75,194,Mobile,Email,9,30,1
668,2,6,224,Desktop,Facebook,10,7,1
2773,24,50,399,Mobile,Instagram,0,34,0
900,38,2,237,Tablet,Email,13,33,1
1491,28,49,280,Mobile,Organic,7,9,1
3170,28,25,468,Mobile,Organic,5,39,1
3176,39,30,10,Mobile,Organic,10,43,1
461,2,99,376,Tablet,GoogleAds,13,11,0
2485,5,61,472,Tablet,Organic,6,40,1
3232,11,25,152,Desktop,GoogleAds,6,26,1
1547,10,66,344,Desktop,GoogleAds,18,18,1
3457,2,54,104,Desktop,Instagram,9,25,1
3103,15,27,496,Desktop,Organic,8,14,1
892,39,43,124,Mobile,Email,17,30,1
322,37,80,185,Tablet,GoogleAds,16,45,0
849,7,37,496,Tablet,Instagram,12,36,1
2576,20,29,290,Mobile,GoogleAds,3,17,0
3287,34,65,41,Desktop,Email,6,28,1
384,35,7,424,Tablet,Email,7,43,0
460,34,13,11,Mobile,Organic,15,26,0
3072,22,98,218,Mobile,GoogleAds,11,37,1
604,31,61,1,Desktop,Email,0,19,0
3260,23,74,414,Desktop,Facebook,5,20,1
1243,19,62,171,Tablet,Email,0,28,0
509,4,78,338,Tablet,Email,7,42,0
473,24,65,282,Desktop,GoogleAds,11,14,0
3205,20,95,53,Tablet,Email,15,21,1
122,39,39,125,Desktop,Instagram,0,22,0
1045,28,12,175,Mobile,Email,3,3,0
3207,39,16,265,Mobile,Facebook,18,23,1
2388,17,14,265,Mobile,Email,17,13,1
1934,19,32,385,Tablet,Organic,7,36,1
3364,35,15,199,Desktop,GoogleAds,5,20,1
149,32,12,256,Mobile,Facebook,12,42,0
1434,39,85,172,Mobile,Instagram,19,38,1
2959,35,22,59,Tablet,Email,2,12,0
3178,30,35,440,Tablet,Email,14,18,1
526,17,42,106,Mobile,Instagram,5,25,0
2626,29,49,435,Tablet,Email,5,35,1
1957,6,73,125,Tablet,Organic,4,43,1
2903,17,80,16,Tablet,Facebook,18,45,1
3150,17,93,38,Tablet,Email,9,32,1
2175,14,12,395,Desktop,Instagram,8,39,1
897,24,29,243,Tablet,Instagram,13,15,1
3140,37,56,409,Tablet,Facebook,4,18,1
3114,39,29,477,Desktop,Organic,6,36,1
1351,32,70,467,Tablet,Facebook,16,13,1
59,36,9,210,Tablet,Email,16,43,0
3570,37,98,495,Mobile,Organic,8,43,1
28,14,65,315,Mobile,Organic,6,29,0
735,27,93,285,Mobile,Instagram,0,30,0
2254,19,82,464,Desktop,Organic,1,19,0
1483,31,38,494,Tablet,Email,9,43,1
2616,9,36,168,Desktop,Email,18,42,1
461,38,2,264,Desktop,Email,7,46,0
2346,17,88,98,Tablet,GoogleAds,8,6,1
1174,19,33,134,Tablet,Organic,14,41,1
1117,4,85,429,Mobile,Organic,10,36,1
2448,11,37,365,Tablet,Email,11,46,1
224,22,13,181,Desktop,Instagram,17,1,0
1559,4,63,222,Mobile,Organic,1,21,0
2272,17,38,364,Desktop,GoogleAds,14,12,1
3484,8,53,482,Tablet,Organic,9,45,1
137,34,1,149,Mobile,Facebook,6,37,0
1855,11,95,244,Tablet,GoogleAds,8,30,1
3558,31,42,313,Mobile,Instagram,16,0,1
769,11,52,76,Mobile,GoogleAds,13,46,1
2461,38,2,369,Mobile,GoogleAds,8,42,1
3110,21,40,262,Tablet,Organic,6,12,1
1825,30,7,231,Mobile,GoogleAds,14,16,1
2395,10,89,191,Mobile,Email,2,3,0
2888,26,95,380,Tablet,GoogleAds,1,42,0
2771,27,74,134,Desktop,Organic,2,30,0
370,8,62,309,Tablet,Email,1,32,0
578,39,64,252,Tablet,Instagram,12,13,0
1425,8,78,388,Mobile,Facebook,12,20,1
2275,8,3,245,Tablet,GoogleAds,1,21,0
1607,34,67,265,Tablet,Email,19,4,1
1702,16,91,325,Tablet,Email,18,36,1
211,13,9,330,Mobile,Instagram,8,31,0
2074,23,74,367,Tablet,Instagram,4,2,1
2379,12,49,456,Mobile,Facebook,6,40,1
527,27,22,343,Tablet,Facebook,12,12,0
1358,22,60,4,Mobile,Organic,0,10,0
1445,32,46,442,Mobile,Facebook,8,49,1
1351,27,2,37,Tablet,Facebook,1,41,0
690,2,16,71,Desktop,Email,2,37,0
1998,33,21,262,Tablet,GoogleAds,11,23,1
3163,26,90,237,Desktop,GoogleAds,4,8,1
3555,28,15,307,Mobile,Facebook,11,12,1
1501,19,79,490,Desktop,Organic,3,21,0
434,5,2,463,Desktop,Organic,11,17,0
1978,33,51,355,Mobile,GoogleAds,4,9,1
1722,20,32,178,Desktop,Instagram,13,46,1
3285,30,41,96,Tablet,Email,13,11,1
3076,8,1,398,Desktop,Facebook,9,29,1
2444,38,38,227,Mobile,Email,9,46,1
787,17,45,11,Desktop,Facebook,4,45,1
2155,1,47,266,Mobile,Facebook,17,18,1
3426,3,26,189,Mobile,GoogleAds,16,18,1
1836,26,14,209,Tablet,Email,9,9,1
217,31,6,13,Mobile,Email,10,0,0
1547,8,56,377,Desktop,Instagram,14,6,1
1669,8,41,162,Tablet,Instagram,18,10,1
2643,35,8,60,Tablet,Email,11,3,1
2223,39,5,493,Desktop,Instagram,15,35,1
31,28,56,435,Desktop,Instagram,11,20,0
163,4,75,5,Tablet,Facebook,18,21,0
1972,16,29,496,Mobile,GoogleAds,2,9,0
3520,13,54,202,Tablet,Facebook,12,22,1
3376,20,83,416,Tablet,Instagram,14,4,1
228,5,83,12,Tablet,Facebook,16,47,0
678,37,53,436,Mobile,Facebook,10,11,1
1528,20,26,397,Desktop,Organic,11,29,1
2287,24,83,341,Desktop,Facebook,16,32,1
2077,36,58,240,Desktop,Facebook,4,36,1
2610,34,6,438,Mobile,GoogleAds,4,17,1
959,34,39,373,Mobile,Email,6,3,1
2205,19,93,378,Desktop,Organic,2,26,0
3189,17,71,225,Desktop,Organic,2,46,0
412,5,1,182,Desktop,Organic,16,22,0
605,25,13,297,Desktop,Organic,1,5,0
3564,18,9,304,Mobile,GoogleAds,14,6,1
2424,8,49,307,Desktop,Email,18,18,1
1447,27,17,431,Tablet,GoogleAds,9,45,1
3390,15,17,178,Desktop,Organic,10,14,1
2859,13,15,118,Mobile,Email,8,47,1
2975,16,51,352,Tablet,GoogleAds,13,21,1
1167,22,68,76,Tablet,Email,6,31,1
1752,20,51,46,Tablet,GoogleAds,9,14,1
1316,13,30,227,Mobile,Email,0,5,0
82,20,83,356,Desktop,GoogleAds,0,5,0
490,2,22,294,Mobile,Organic,13,5,0
3433,35,95,240,Mobile,Organic,7,11,1
569,19,41,348,Tablet,Organic,13,1,0
3407,37,80,141,Tablet,GoogleAds,6,24,1
754,6,61,204,Mobile,Email,17,3,1
1476,14,76,150,Tablet,Email,8,5,1
109,4,49,492,Mobile,Instagram,14,41,0
1092,22,76,130,Tablet,Facebook,0,36,0
2565,39,80,349,Desktop,Organic,10,37,1
2315,36,14,333,Desktop,Organic,18,13,1
422,34,89,483,Desktop,Organic,9,46,0
3533,27,43,269,Tablet,Instagram,17,18,1
1098,7,91,313,Tablet,Instagram,3,6,0
2652,3,41,418,Desktop,Instagram,17,17,1
1187,33,44,403,Mobile,Organic,17,43,1
2018,2,93,137,Mobile,Email,19,7,1
2323,16,34,116,Desktop,Organic,11,27,1
830,25,21,351,Tablet,Instagram,8,20,1
3160,15,73,161,Mobile,Instagram,17,34,1
3396,24,74,155,Mobile,Facebook,5,46,1
671,15,37,173,Mobile,GoogleAds,18,9,1
3004,31,96,130,Tablet,Facebook,19,27,1
569,14,69,79,Mobile,Facebook,14,18,0
2974,14,63,467,Mobile,Organic,4,43,1
2948,6,6,57,Desktop,GoogleAds,10,34,1
1281,14,43,351,Tablet,GoogleAds,12,27,1
1823,17,75,57,Desktop,Organic,1,45,0
2925,18,6,400,Mobile,Email,7,48,1
619,20,65,363,Tablet,Organic,10,2,1
2471,17,59,335,Tablet,Email,17,38,1
34,16,0,134,Desktop,Email,9,26,0
2038,39,61,14,Desktop,GoogleAds,0,16,0
293,32,86,283,Tablet,Organic,3,14,0
1482,9,88,294,Tablet,Organic,16,41,1
2938,27,17,147,Desktop,GoogleAds,16,38,1
310,33,6,421,Mobile,Facebook,4,21,0
1101,10,53,127,Tablet,Organic,2,19,0
1040,17,66,491,Mobile,Instagram,6,26,1
826,36,92,260,Desktop,Instagram,4,34,1
3218,17,9,314,Tablet,Organic,9,46,1
3245,18,60,218,Desktop,Email,6,4,1
92,23,58,393,Tablet,GoogleAds,16,1,0
1930,34,58,233,Tablet,Email,16,40,1
3501,8,68,369,Desktop,Instagram,6,49,1
3154,13,62,168,Desktop,Instagram,5,44,1
3318,23,97,143,Mobile,GoogleAds,8,19,1
2103,20,7,489,Desktop,Instagram,7,6,1
627,22,77,485,Desktop,Facebook,13,35,1
2985,23,54,260,Mobile,Instagram,5,7,1
2319,35,5,218,Desktop,Email,8,26,1
185,3,0,308,Mobile,Email,19,5,0
1199,34,55,146,Mobile,Facebook,10,23,1
2714,33,96,489,Desktop,Email,10,35,1
851,17,74,437,Mobile,Email,7,4,1
379,19,87,443,Mobile,Email,2,19,0
1828,30,9,99,Mobile,Organic,10,19,1
2111,23,22,182,Desktop,Facebook,3,40,0
699,15,15,169,Desktop,Facebook,2,39,0
3500,14,15,233,Mobile,Instagram,12,33,1
1789,2,55,444,Desktop,Facebook,18,38,1
3588,39,94,93,Tablet,GoogleAds,7,49,1
1374,18,5,117,Mobile,Facebook,0,9,0
3208,6,29,472,Tablet,GoogleAds,7,2,1
1442,32,62,4,Desktop,Email,8,48,1
376,21,0,85,Tablet,GoogleAds,5,33,0
3352,28,50,167,Desktop,Organic,10,34,1
653,27,88,7,Desktop,Email,9,36,1
2436,2,45,381,Mobile,GoogleAds,2,44,0
82,33,20,407,Tablet,Email,7,44,0
2972,16,98,232,Mobile,Organic,4,37,1
1281,39,37,251,Tablet,Email,1,45,0
869,22,68,85,Desktop,Email,15,22,1
52,13,62,319,Desktop,Facebook,0,36,0
2434,2,49,193,Mobile,Instagram,1,20,0
1074,14,11,123,Tablet,GoogleAds,2,26,0
2227,38,68,425,Tablet,Instagram,8,0,1
2269,28,72,89,Desktop,Organic,16,8,1
1526,7,43,95,Mobile,Organic,11,2,1
2096,18,51,375,Desktop,Email,1,37,0
378,36,8,300,Desktop,Instagram,1,35,0
2814,36,98,358,Mobile,GoogleAds,18,33,1
160,4,64,45,Tablet,GoogleAds,19,29,0
1144,30,9,253,Tablet,Email,16,30,1
1513,24,45,453,Desktop,GoogleAds,16,29,1
1469,20,99,373,Tablet,Facebook,12,15,1
1080,31,57,479,Mobile,Instagram,11,28,1
1033,24,36,51,Tablet,Organic,10,5,1
1608,7,51,65,Tablet,GoogleAds,10,13,1
2794,26,98,54,Desktop,GoogleAds,7,9,1
2050,13,80,440,Tablet,GoogleAds,17,23,1
1399,8,12,222,Mobile,Email,3,35,0
78,5,5,466,Desktop,Organic,17,23,0
2356,13,57,72,Mobile,Instagram,14,6,1
953,29,47,376,Tablet,GoogleAds,6,48,1
811,20,31,474,Tablet,Facebook,14,36,1
2353,14,10,168,Desktop,Email,18,45,1
2260,32,80,186,Mobile,Instagram,16,47,1
70,27,4,143,Tablet,GoogleAds,9,39,0
955,25,5,19,Tablet,Instagram,10,47,1
3020,4,73,10,Desktop,Email,13,37,1
1347,21,96,472,Tablet,Facebook,3,24,0
1194,18,93,272,Tablet,GoogleAds,3,42,0
340,39,20,171,Tablet,Facebook,0,33,0
1561,15,41,415,Mobile,Email,11,0,1
347,38,80,364,Mobile,Facebook,6,27,0
1639,24,26,16,Mobile,Email,4,40,1
1337,8,2,80,Tablet,Facebook,0,28,0
1536,28,59,284,Desktop,Instagram,7,31,1
1683,21,92,190,Desktop,Instagram,17,4,1
1371,16,65,148,Desktop,Email,12,33,1
1583,16,92,163,Mobile,Instagram,16,45,1
2696,35,48,443,Mobile,Facebook,1,25,0
284,17,99,265,Mobile,Facebook,5,12,0
1197,9,33,360,Mobile,GoogleAds,3,11,0
3524,35,36,138,Tablet,Email,7,21,1
2376,29,41,301,Desktop,Instagram,14,8,1
2646,39,64,466,Desktop,Email,4,5,1
2561,18,59,365,Mobile,Instagram,19,35,1
2444,12,89,493,Desktop,GoogleAds,10,9,1
2003,19,0,399,Desktop,Facebook,7,36,1
879,22,58,493,Mobile,Facebook,16,31,1
2890,15,3,30,Mobile,Organic,8,3,1
1024,1,13,304,Mobile,Email,17,3,1
1921,2,17,480,Mobile,Instagram,13,12,1
612,8,33,168,Tablet,Organic,8,15,1
1809,22,0,91,Desktop,Email,9,42,1
700,25,52,91,Tablet,Instagram,19,49,1
503,2,21,211,Desktop,GoogleAds,1,25,0
499,9,79,330,Tablet,Email,2,32,0
2778,9,60,300,Mobile,Instagram,4,3,1
3154,13,21,174,Tablet,Facebook,3,25,0
2566,6,49,134,Mobile,Email,2,8,0
399,30,15,373,Mobile,Instagram,18,40,0
304,15,27,24,Tablet,Facebook,9,10,0
1402,15,91,201,Desktop,Facebook,6,4,1
2853,7,85,219,Tablet,Organic,11,37,1
2922,11,69,7,Mobile,Instagram,7,31,1
1727,38,88,6,Mobile,Organic,4,28,1
2606,2,41,118,Desktop,Organic,12,37,1
658,39,65,161,Desktop,GoogleAds,8,39,1
1883,10,70,85,Desktop,Organic,3,27,0
577,17,80,366,Mobile,Organic,1,23,0
3268,7,34,248,Tablet,GoogleAds,4,18,1
2910,39,19,166,Desktop,GoogleAds,1,0,0
2827,4,1,428,Mobile,Email,17,4,1
454,35,6,145,Tablet,Organic,5,22,0
372,36,95,31,Desktop,Facebook,10,18,0
2180,31,48,421,Tablet,GoogleAds,9,1,1
1221,25,82,395,Tablet,Instagram,0,47,0
751,13,75,220,Mobile,Email,1,1,0
2051,18,8,133,Mobile,Email,9,8,1
689,21,26,64,Mobile,Organic,4,17,1
2477,1,77,76,Tablet,Facebook,11,15,1
3333,36,1,131,Desktop,GoogleAds,18,38,1
1652,8,84,312,Desktop,Instagram,1,8,0
1582,21,67,319,Desktop,Organic,5,43,1
1368,21,59,361,Mobile,Facebook,14,22,1
2149,27,84,38,Desktop,Organic,7,32,1
72,19,85,54,Desktop,Organic,15,37,0
2569,23,48,130,Mobile,Email,18,33,1
1172,35,1,218,Desktop,Instagram,17,25,1
3266,5,16,2,Desktop,Instagram,16,16,1
1238,8,82,246,Desktop,Instagram,0,13,0
2829,11,87,140,Tablet,Instagram,10,12,1
3295,16,19,296,Tablet,GoogleAds,3,21,0
265,39,75,258,Mobile,GoogleAds,5,42,0
144,24,88,105,Mobile,Instagram,6,47,0
884,21,86,381,Tablet,Facebook,7,17,1
831,23,97,336,Mobile,GoogleAds,9,19,1
2145,38,31,478,Mobile,GoogleAds,16,29,1
3045,8,50,185,Desktop,Facebook,11,34,1
3288,7,87,303,Mobile,Instagram,7,32,1
3210,2,41,494,Mobile,Organic,11,45,1
832,30,62,244,Desktop,GoogleAds,16,16,1
3084,13,88,164,Desktop,Organic,2,34,0
983,23,60,132,Tablet,Organic,13,11,1
2991,29,61,203,Mobile,Facebook,11,1,1
1787,38,2,408,Desktop,Instagram,4,33,1
130,37,88,210,Mobile,Organic,12,11,0
3466,20,91,347,Mobile,Instagram,10,25,1
1647,33,75,101,Tablet,Email,15,31,1
3119,29,25,446,Tablet,Instagram,9,20,1
1374,15,47,386,Tablet,Facebook,7,4,1
1017,23,7,271,Tablet,Facebook,5,27,1
934,3,4,459,Tablet,Email,19,22,1
654,37,10,475,Desktop,Facebook,19,47,1
2042,29,41,49,Tablet,Instagram,2,31,0
2771,8,98,368,Desktop,Instagram,19,4,1
2917,22,90,239,Tablet,Instagram,9,34,1
2078,29,40,215,Desktop,Facebook,17,5,1
251,2,18,291,Mobile,Instagram,9,18,0
2512,1,47,372,Tablet,GoogleAds,12,43,1
3020,20,52,350,Desktop,Email,13,39,1
2678,21,54,431,Tablet,GoogleAds,0,5,0
2360,37,60,280,Desktop,Instagram,19,13,1
1629,8,31,467,Desktop,Facebook,14,2,1
812,27,45,316,Tablet,Email,11,10,1
973,35,91,477,Desktop,GoogleAds,15,38,1
78,6,35,77,Mobile,Instagram,6,40,0
1162,19,17,304,Tablet,Facebook,13,23,1
205,18,73,151,Mobile,Instagram,8,42,0
2197,1,95,396,Desktop,GoogleAds,8,44,1
3525,25,17,497,Desktop,GoogleAds,9,17,1
2340,27,11,496,Tablet,Email,8,30,1
2369,7,71,297,Mobile,Facebook,15,9,1
755,29,96,157,Mobile,Organic,7,25,1
1698,31,45,198,Tablet,Instagram,1,28,0
286,36,54,435,Mobile,Facebook,17,1,0
70,19,37,384,Tablet,Organic,17,29,0
3400,6,77,407,Tablet,Facebook,11,38,1
1923,25,1,287,Desktop,Instagram,2,46,0
2109,31,8,493,Desktop,Instagram,1,9,0
2210,9,4,405,Mobile,Email,5,11,1
1782,20,97,24,Tablet,GoogleAds,5,19,1
1344,10,18,456,Tablet,GoogleAds,16,40,1
1847,37,70,492,Tablet,GoogleAds,15,18,1
2601,27,38,9,Tablet,Email,12,5,1
576,13,41,406,Desktop,GoogleAds,11,22,0
3470,2,16,132,Mobile,Facebook,10,18,1
1581,21,62,77,Desktop,GoogleAds,14,30,1
631,33,89,226,Tablet,GoogleAds,16,32,1
2035,24,45,131,Mobile,Instagram,19,1,1
1210,34,90,485,Mobile,Email,7,14,1
3443,9,91,376,Tablet,Email,6,10,1
323,2,19,412,Tablet,GoogleAds,10,25,0
2864,30,69,90,Desktop,Organic,7,17,1
2905,22,7,498,Desktop,Instagram,18,0,1
2154,11,95,117,Tablet,GoogleAds,5,31,1
2938,17,18,110,Tablet,Organic,19,3,1
1246,36,31,377,Desktop,Facebook,18,21,1
2886,13,18,354,Mobile,Instagram,18,35,1
146,7,23,271,Mobile,Email,3,28,0
1039,16,23,392,Mobile,Organic,14,35,1
3068,33,55,432,Desktop,GoogleAds,16,49,1
2166,1,80,227,Tablet,Organic,17,32,1
2604,11,17,472,Mobile,Email,19,38,1
3120,6,11,244,Tablet,Facebook,11,13,1
671,20,40,308,Desktop,Organic,9,47,1
2482,35,86,55,Desktop,GoogleAds,8,46,1
2687,37,47,37,Tablet,Organic,7,36,1
2318,26,81,388,Tablet,Facebook,7,44,1
3507,12,63,55,Tablet,Organic,10,4,1
96,30,15,12,Tablet,Facebook,11,49,0
2522,28,79,403,Mobile,Facebook,5,21,1
2133,27,99,463,Tablet,Instagram,2,4,0
2528,19,22,185,Mobile,Instagram,14,36,1
2471,5,85,478,Desktop,GoogleAds,5,37,1
2882,5,38,237,Mobile,GoogleAds,6,45,1
2952,27,32,293,Tablet,GoogleAds,5,33,1
2783,28,23,204,Mobile,Facebook,1,14,0
2514,26,60,211,Desktop,Facebook,5,47,1
1318,27,54,226,Tablet,Instagram,1,36,0
3320,21,60,7,Desktop,Facebook,0,26,0
1710,1,83,220,Desktop,Instagram,14,47,1
2710,28,96,311,Tablet,Organic,9,0,1
2729,15,94,28,Mobile,GoogleAds,9,28,1
3453,17,39,477,Desktop,GoogleAds,9,7,1
504,26,57,293,Tablet,Email,4,32,0
1657,20,71,212,Desktop,Instagram,3,6,0
1952,25,73,189,Mobile,Email,14,28,1
1078,13,0,75,Desktop,GoogleAds,8,30,1
1434,33,84,242,Desktop,Email,15,37,1
3328,25,24,114,Desktop,Organic,8,7,1
606,8,95,167,Desktop,Email,18,30,1
459,5,52,106,Mobile,Organic,13,36,0
494,6,60,151,Tablet,GoogleAds,11,14,0
655,23,45,436,Desktop,Facebook,11,31,1
2677,30,73,366,Mobile,Instagram,2,25,0
3099,14,59,84,Desktop,Email,18,47,1
1639,23,50,212,Desktop,Organic,10,48,1
671,11,72,267,Desktop,GoogleAds,4,10,1
767,31,83,322,Mobile,GoogleAds,5,22,1
298,6,47,269,Desktop,Facebook,5,33,0
3495,11,83,461,Desktop,GoogleAds,18,32,1
730,13,39,425,Tablet,GoogleAds,13,16,1
647,12,6,177,Mobile,Facebook,15,32,1
2292,2,74,271,Tablet,GoogleAds,11,1,1
2473,35,84,312,Tablet,Organic,17,48,1
2995,36,18,182,Tablet,Email,12,3,1
508,17,14,159,Tablet,Email,19,11,0
3031,28,69,189,Desktop,Organic,8,28,1
643,28,60,186,Tablet,Email,17,41,1
1683,22,55,471,Mobile,GoogleAds,3,41,0
2040,38,9,444,Desktop,Email,10,46,1
3077,7,45,309,Tablet,Email,17,42,1
124,15,79,470,Tablet,GoogleAds,2,38,0
2989,32,74,246,Mobile,Email,3,41,0
683,11,56,317,Mobile,GoogleAds,8,18,1
1746,24,34,464,Tablet,Facebook,12,49,1
1267,3,71,384,Tablet,Facebook,14,1,1
3092,30,91,42,Tablet,Email,9,6,1
2263,6,2,285,Tablet,Facebook,8,45,1
2304,2,65,468,Tablet,Email,15,21,1
2815,14,52,476,Mobile,Facebook,15,10,1
3208,18,77,411,Mobile,Email,12,32,1
156,31,51,300,Desktop,Instagram,4,19,0
2175,13,92,477,Desktop,Organic,9,4,1
3463,26,52,389,Mobile,Facebook,0,3,0
421,12,53,436,Desktop,GoogleAds,2,13,0
1697,18,46,369,Tablet,Organic,2,2,0
2420,9,2,362,Desktop,Email,9,49,1
1542,21,64,486,Tablet,Organic,16,17,1
146,24,14,437,Tablet,GoogleAds,17,26,0
3256,34,83,436,Desktop,GoogleAds,12,3,1
3370,8,85,294,Desktop,Email,1,2,0
3015,33,33,428,Tablet,Facebook,15,26,1
3562,23,49,181,Mobile,Facebook,3,27,0
28,13,32,371,Desktop,Instagram,17,21,0
2252,14,72,386,Desktop,GoogleAds,13,41,1
2387,14,2,365,Mobile,Instagram,5,28,1
1969,16,1,182,Desktop,GoogleAds,10,15,1
2232,38,3,340,Tablet,Instagram,16,34,1
1011,39,15,491,Mobile,Facebook,7,18,1
458,26,53,495,Mobile,GoogleAds,2,29,0
1958,26,32,461,Tablet,Facebook,2,14,0
955,1,8,218,Tablet,Organic,16,4,1
1387,32,56,163,Tablet,Facebook,3,30,0
1532,15,39,46,Mobile,GoogleAds,18,42,1
150,21,51,456,Tablet,Organic,7,30,0
2815,18,81,92,Desktop,Instagram,16,8,1
1930,30,15,105,Desktop,Email,4,12,1
2987,13,7,207,Tablet,GoogleAds,10,42,1
102,24,86,439,Desktop,Email,11,20,0
248,30,59,498,Desktop,Email,14,45,0
214,2,35,328,Mobile,Organic,11,30,0
2617,19,2,139,Tablet,Instagram,6,0,1
1466,25,14,29,Desktop,Facebook,2,40,0
254,14,96,251,Tablet,Organic,9,12,0
841,6,81,453,Tablet,Instagram,15,33,1
3398,12,22,191,Desktop,Facebook,0,35,0
2982,20,2,47,Desktop,Facebook,10,15,1
304,23,29,367,Mobile,Instagram,16,9,0
2697,30,44,251,Mobile,Facebook,13,37,1
865,30,16,263,Mobile,GoogleAds,17,40,1
3363,38,57,373,Desktop,GoogleAds,11,33,1
2074,30,57,64,Mobile,Organic,15,24,1
80,30,95,338,Tablet,Facebook,7,0,0
1302,36,56,320,Mobile,Facebook,2,11,0
1358,34,6,348,Mobile,Instagram,10,21,1
314,16,38,268,Mobile,GoogleAds,14,21,0
3532,24,77,12,Tablet,Email,3,47,0
1040,14,57,292,Tablet,Organic,15,1,1
1347,26,55,29,Desktop,GoogleAds,16,44,1
826,8,14,139,Mobile,Instagram,13,7,1
1136,14,43,437,Tablet,Organic,1,32,0
830,31,11,454,Tablet,Email,14,4,1
202,2,7,85,Tablet,Organic,7,9,0
1786,4,79,74,Desktop,GoogleAds,12,2,1
538,1,40,251,Desktop,Email,2,10,0
2228,20,33,224,Desktop,Instagram,3,29,0
260,14,45,47,Mobile,Organic,3,27,0
1798,25,87,417,Tablet,GoogleAds,3,4,0
3468,25,28,81,Desktop,Instagram,1,11,0
3288,3,15,451,Desktop,Email,12,43,1
2598,5,4,121,Tablet,Organic,7,44,1
2036,38,4,43,Tablet,Facebook,8,28,1
2473,26,29,146,Mobile,GoogleAds,0,25,0
2851,38,49,74,Mobile,GoogleAds,0,28,0
1413,38,4,53,Mobile,Facebook,8,28,1
1177,4,12,233,Desktop,Instagram,10,13,1
2082,7,98,295,Desktop,GoogleAds,15,35,1
2725,30,48,363,Tablet,Instagram,3,34,0
1106,30,88,200,Mobile,Email,14,48,1
2689,19,49,162,Tablet,Facebook,6,7,1
1857,39,13,37,Mobile,Instagram,1,15,0
3174,35,45,425,Mobile,Email,9,42,1
514,33,89,97,Mobile,Organic,16,4,0
1631,33,81,49,Mobile,GoogleAds,10,15,1
2393,14,83,384,Tablet,Facebook,18,40,1
2482,38,33,10,Tablet,Organic,9,12,1
2556,10,70,40,Desktop,Organic,3,7,0
1397,28,46,402,Mobile,Organic,12,25,1
3004,14,59,153,Tablet,Instagram,0,4,0
2687,36,73,106,Mobile,GoogleAds,6,8,1
1232,38,78,41,Mobile,Facebook,8,37,1
727,16,80,164,Desktop,GoogleAds,0,1,0
3494,21,10,258,Desktop,GoogleAds,17,6,1
348,28,97,211,Tablet,GoogleAds,17,29,0
668,33,90,202,Tablet,Email,15,16,1
971,6,84,433,Desktop,Email,15,43,1
438,15,94,195,Tablet,Email,4,30,0
908,3,49,53,Tablet,Email,13,0,1
148,35,3,147,Desktop,GoogleAds,0,27,0
2999,14,40,499,Mobile,GoogleAds,5,29,1
551,2,58,282,Mobile,Facebook,5,46,0
2114,29,59,310,Desktop,Facebook,11,30,1
1265,4,80,243,Mobile,Facebook,17,23,1
2715,26,61,51,Mobile,Facebook,8,30,1
2492,12,83,495,Desktop,Facebook,15,10,1
393,2,24,409,Tablet,Email,14,41,0
2617,17,86,114,Desktop,GoogleAds,1,15,0
203,35,78,273,Desktop,Facebook,4,8,0
2591,10,32,458,Mobile,Instagram,12,29,1
2575,22,18,120,Desktop,Facebook,18,11,1
2773,21,56,189,Mobile,Facebook,0,46,0
2808,15,14,46,Desktop,GoogleAds,15,15,1
2242,35,40,243,Tablet,Email,6,32,1
1905,21,68,311,Mobile,Organic,12,5,1
2349,21,79,50,Desktop,GoogleAds,15,44,1
3416,21,59,331,Mobile,Email,11,0,1
741,32,95,11,Desktop,Instagram,6,12,1
2173,5,21,396,Desktop,Organic,13,36,1
2882,39,42,424,Desktop,Email,17,34,1
3130,9,31,48,Mobile,Email,18,43,1
694,18,12,377,Mobile,GoogleAds,12,25,1
91,21,37,56,Tablet,Email,1,41,0
2891,8,25,8,Tablet,Facebook,18,8,1
2390,34,80,472,Tablet,Email,3,16,0
2614,10,4,14,Tablet,Organic,13,37,1
2392,24,48,215,Desktop,Email,1,45,0
541,24,96,370,Mobile,Instagram,17,34,0
1993,32,90,440,Desktop,Facebook,18,24,1
230,33,4,245,Mobile,Organic,18,49,0
644,38,70,54,Mobile,Organic,3,6,0
1779,34,47,484,Desktop,GoogleAds,18,40,1
2380,11,17,273,Desktop,GoogleAds,2,46,0
1884,31,94,429,Mobile,Facebook,7,30,1
12,18,5,389,Tablet,Organic,3,31,0
1727,23,65,131,Tablet,Instagram,2,47,0
215,22,76,9,Mobile,Email,4,18,0
1865,18,41,212,Desktop,Email,10,16,1
49,39,51,122,Desktop,Email,18,5,0
2116,20,10,114,Mobile,GoogleAds,18,24,1
3008,13,25,20,Desktop,Organic,16,32,1
2631,1,20,499,Mobile,Organic,1,18,0
653,4,65,339,Mobile,Instagram,19,14,1
1540,24,39,21,Mobile,GoogleAds,8,34,1
1917,36,55,208,Desktop,Instagram,2,48,0
2900,36,50,33,Tablet,Organic,9,31,1
3203,2,19,133,Mobile,Email,8,37,1
3560,28,80,408,Desktop,GoogleAds,19,35,1
2676,26,79,191,Tablet,GoogleAds,3,31,0
2153,23,56,463,Mobile,GoogleAds,6,31,1
3495,15,4,26,Tablet,Email,11,39,1
3316,36,13,364,Desktop,GoogleAds,10,35,1
907,27,23,89,Tablet,Facebook,14,33,1
1095,6,67,92,Tablet,GoogleAds,19,9,1
1289,35,51,33,Desktop,Email,13,43,1
2618,39,47,238,Mobile,GoogleAds,6,32,1
2962,38,87,18,Desktop,Facebook,14,43,1
2405,35,46,274,Desktop,Facebook,13,9,1
680,36,59,422,Mobile,GoogleAds,10,43,1
3205,10,72,289,Mobile,Organic,9,34,1
1515,30,2,27,Desktop,Organic,18,21,1
2374,38,8,305,Mobile,Instagram,2,22,0
3585,29,81,434,Mobile,Facebook,11,6,1
728,39,99,399,Desktop,Organic,12,20,1
1081,4,82,108,Desktop,Instagram,6,0,1
3490,5,23,461,Desktop,Organic,11,12,1
1965,4,3,436,Desktop,GoogleAds,1,8,0
1169,36,8,226,Tablet,Facebook,0,47,0
3282,16,96,324,Tablet,Organic,5,49,1
259,25,0,355,Mobile,GoogleAds,18,46,0
2371,14,34,19,Tablet,Instagram,5,19,1
1902,11,73,223,Tablet,GoogleAds,12,46,1
3449,29,11,281,Tablet,Instagram,3,46,0
3510,34,17,104,Mobile,Organic,13,9,1
1863,22,77,332,Tablet,Email,15,25,1
2864,14,9,332,Desktop,GoogleAds,1,49,0
1513,24,73,362,Desktop,Email,8,46,1
3395,39,17,409,Mobile,Facebook,12,43,1
3581,26,23,289,Mobile,Email,13,0,1
3436,36,0,444,Mobile,Facebook,13,44,1
2542,39,93,37,Tablet,Organic,4,16,1
1244,16,78,348,Mobile,Organic,1,16,0
53,38,71,380,Mobile,GoogleAds,4,38,0
2628,32,98,244,Mobile,Email,5,42,1
592,6,81,43,Desktop,Facebook,1,11,0
3173,34,15,126,Mobile,Facebook,0,40,0
1298,8,84,9,Desktop,Email,15,14,1
2952,30,14,14,Desktop,Organic,8,0,1
229,27,61,131,Mobile,Organic,13,31,0
1935,7,4,325,Mobile,Facebook,8,10,1
2982,27,44,184,Tablet,GoogleAds,4,4,1
3523,25,51,282,Mobile,Organic,14,17,1
2458,15,70,383,Mobile,Instagram,9,49,1
3481,25,6,53,Mobile,Facebook,14,17,1
2784,22,26,41,Mobile,Email,16,22,1
1000,18,88,338,Mobile,Email,2,6,0
2956,12,85,358,Mobile,Facebook,7,45,1
1822,23,12,21,Tablet,Facebook,3,25,0
867,39,16,377,Tablet,Organic,10,0,1
813,25,43,295,Mobile,Facebook,18,27,1
499,10,12,208,Tablet,Facebook,13,19,0
3566,30,89,488,Desktop,Instagram,17,40,1
1790,10,72,151,Tablet,Email,1,47,0
1503,34,4,477,Desktop,Organic,8,22,1
2995,13,32,458,Mobile,GoogleAds,9,31,1
2901,29,3,442,Desktop,Organic,12,37,1
1715,38,91,69,Mobile,Email,18,38,1
3526,9,25,331,Tablet,GoogleAds,3,17,0
3350,13,67,413,Desktop,Facebook,15,32,1
2324,37,15,318,Desktop,Instagram,11,24,1
63,14,21,437,Desktop,Instagram,15,31,0
2585,37,35,301,Mobile,Email,16,47,1
625,9,57,27,Mobile,Email,15,49,1
1092,8,54,116,Tablet,Instagram,6,49,1
1858,39,34,418,Tablet,GoogleAds,1,27,0
3121,3,24,142,Mobile,GoogleAds,8,12,1
3318,33,71,41,Tablet,Organic,11,18,1
964,32,80,106,Desktop,Facebook,12,2,1
2443,7,60,74,Desktop,GoogleAds,13,26,1
1639,19,17,60,Desktop,Facebook,11,16,1
2791,34,57,298,Tablet,Email,2,42,0
2773,14,75,122,Desktop,GoogleAds,15,28,1
659,19,56,435,Desktop,GoogleAds,17,48,1
2357,26,96,203,Mobile,GoogleAds,2,43,0
404,17,86,11,Mobile,Organic,8,43,0
3288,28,62,419,Tablet,Email,14,47,1
1369,19,11,147,Mobile,Instagram,7,32,1
2650,27,10,216,Tablet,Organic,9,27,1
2571,19,12,374,Tablet,Organic,2,19,0
3259,33,34,321,Mobile,GoogleAds,4,44,1
2453,7,26,460,Mobile,Organic,5,33,1
380,29,88,445,Tablet,Instagram,13,15,0
867,5,66,303,Tablet,Organic,18,38,1
800,30,88,14,Tablet,Organic,17,1,1
667,8,44,67,Desktop,GoogleAds,6,49,1
3399,12,73,180,Desktop,Email,3,27,0
2793,13,80,365,Mobile,Instagram,2,16,0
1402,26,66,242,Desktop,GoogleAds,12,47,1
393,18,21,160,Desktop,Organic,3,19,0
2119,20,77,464,Tablet,Instagram,8,17,1
2562,16,90,486,Desktop,Facebook,5,27,1
248,37,41,10,Mobile,Organic,10,27,0
204,3,19,124,Desktop,Email,8,15,0
2735,27,47,273,Desktop,Organic,8,32,1
3303,15,17,241,Desktop,Email,18,20,1
2118,34,76,424,Mobile,Facebook,0,4,0
1162,22,69,452,Mobile,GoogleAds,3,46,0
3047,23,73,447,Tablet,GoogleAds,0,44,0
2742,4,92,143,Desktop,GoogleAds,12,36,1
2025,23,5,353,Tablet,Instagram,15,17,1
165,9,38,167,Tablet,Email,11,4,0
3459,24,10,57,Mobile,Organic,0,47,0
932,21,24,138,Tablet,Instagram,14,42,1
2925,16,93,327,Desktop,Instagram,4,10,1
2960,25,54,353,Tablet,Organic,0,21,0
1619,26,83,17,Mobile,Facebook,16,22,1
3056,9,57,332,Mobile,GoogleAds,7,25,1
3518,15,36,273,Mobile,Facebook,7,26,1
984,39,15,367,Desktop,Facebook,14,2,1
1240,33,94,376,Tablet,GoogleAds,11,41,1
2445,1,92,400,Desktop,Facebook,15,1,1
3561,5,69,375,Mobile,Instagram,17,16,1
1824,9,92,334,Desktop,Organic,2,2,0
2944,6,95,3,Mobile,Instagram,3,2,0
847,28,72,243,Desktop,Instagram,14,39,1
2017,26,36,108,Desktop,Email,13,15,1
1373,28,52,51,Tablet,GoogleAds,0,11,0
2397,15,86,370,Tablet,GoogleAds,19,0,1
213,6,15,350,Mobile,Instagram,16,3,0
170,27,17,174,Tablet,GoogleAds,16,16,0
401,38,18,116,Tablet,Email,17,18,0
778,4,43,183,Desktop,Organic,0,3,0
2632,11,1,361,Mobile,Facebook,1,46,0
2591,21,57,355,Desktop,GoogleAds,15,38,1
1103,30,9,154,Desktop,Instagram,13,19,1
2950,18,75,247,Tablet,GoogleAds,19,48,1
414,35,45,76,Tablet,Instagram,19,40,0
617,3,81,415,Mobile,Facebook,17,38,1
1624,12,18,244,Tablet,GoogleAds,8,3,1
1550,27,37,81,Desktop,Facebook,13,16,1
2885,30,36,229,Tablet,Instagram,12,14,1
3201,21,90,72,Mobile,Email,13,40,1
1847,38,77,403,Mobile,Email,18,27,1
699,21,44,218,Desktop,Organic,16,15,1
2959,38,33,452,Desktop,Instagram,7,5,1
1250,15,1,399,Tablet,Instagram,3,27,0
2113,18,43,243,Mobile,Instagram,8,31,1
375,29,96,367,Desktop,Email,10,16,0
1732,38,82,314,Tablet,Email,6,24,1
3585,21,26,78,Tablet,Email,14,38,1
464,17,47,158,Tablet,GoogleAds,17,16,0
113,18,93,48,Desktop,GoogleAds,19,45,0
86,37,6,312,Desktop,Email,4,14,0
239,38,26,298,Tablet,Facebook,15,49,0
1947,12,84,24,Tablet,GoogleAds,11,17,1
3339,11,70,110,Desktop,GoogleAds,16,45,1
3345,20,88,52,Mobile,GoogleAds,14,19,1
2388,9,17,427,Tablet,GoogleAds,18,22,1
1215,1,32,290,Mobile,Organic,6,4,1
902,3,32,444,Mobile,GoogleAds,11,38,1
1583,21,95,467,Desktop,Facebook,16,11,1
2745,23,24,259,Desktop,Organic,6,16,1
2084,9,13,324,Mobile,GoogleAds,10,29,1
3357,19,37,139,Desktop,Instagram,0,18,0
1685,19,37,397,Mobile,Organic,16,31,1
308,23,3,306,Mobile,GoogleAds,6,15,0
966,27,61,338,Desktop,Facebook,1,1,0
2856,27,81,275,Desktop,Email,10,11,1
1124,39,9,44,Tablet,GoogleAds,15,48,1
2537,36,34,417,Desktop,Instagram,14,2,1
2630,12,98,422,Tablet,Facebook,7,7,1
2515,27,22,259,Desktop,Organic,14,36,1
1484,34,88,113,Desktop,Facebook,6,23,1
374,33,64,227,Desktop,GoogleAds,4,48,0
2916,28,81,65,Desktop,Instagram,7,24,1
1708,31,78,163,Mobile,Facebook,1,24,0
360,32,24,164,Desktop,Facebook,5,13,0
3481,20,95,166,Mobile,Email,3,45,0
2310,35,52,39,Desktop,Email,6,35,1
2838,31,83,153,Desktop,GoogleAds,5,14,1
1914,31,16,320,Mobile,Organic,4,31,1
2860,38,56,360,Desktop,Organic,4,1,1
1021,22,74,269,Tablet,Instagram,17,20,1
2516,9,76,324,Tablet,GoogleAds,10,3,1
2974,9,88,326,Desktop,Organic,7,28,1
508,15,19,75,Tablet,Facebook,19,48,0
959,13,24,257,Tablet,GoogleAds,10,28,1
2004,22,41,200,Tablet,Facebook,18,22,1
2056,16,44,438,Tablet,Instagram,18,2,1
517,32,30,98,Mobile,GoogleAds,1,20,0
1337,2,64,104,Mobile,Instagram,9,15,1
2558,26,51,372,Mobile,Email,6,43,1
2860,14,79,393,Tablet,Instagram,11,19,1
2655,38,91,164,Tablet,Email,1,34,0
175,34,20,113,Mobile,GoogleAds,6,4,0
3496,8,29,103,Tablet,Facebook,18,47,1
2519,36,2,490,Mobile,Facebook,0,25,0
929,21,97,37,Mobile,Facebook,10,6,1
123,28,69,106,Mobile,Instagram,7,15,0
3514,6,42,187,Tablet,GoogleAds,7,16,1
1001,20,28,364,Mobile,GoogleAds,13,1,1
3437,31,2,21,Desktop,Email,12,11,1
1961,33,57,148,Mobile,GoogleAds,9,12,1
2264,7,32,486,Mobile,Facebook,16,4,1
1268,8,74,129,Desktop,GoogleAds,5,15,1
3523,9,44,483,Tablet,Email,19,27,1
3436,2,68,187,Mobile,GoogleAds,13,7,1
524,17,31,284,Desktop,GoogleAds,7,27,0
1241,37,81,199,Tablet,Facebook,6,45,1
718,17,83,235,Desktop,GoogleAds,4,7,1
3206,38,51,440,Mobile,Instagram,5,28,1
2195,35,63,108,Desktop,Email,7,17,1
348,39,39,9,Tablet,Email,2,43,0
2594,30,91,449,Mobile,Email,8,42,1
77,6,12,420,Desktop,GoogleAds,9,15,0
1606,4,89,226,Tablet,Instagram,0,25,0
1574,37,79,418,Tablet,Email,6,21,1
392,35,88,209,Mobile,Organic,19,14,0
28,9,73,245,Mobile,Facebook,5,12,0
2740,6,28,288,Mobile,Organic,12,21,1
3531,13,62,66,Mobile,Organic,6,20,1
2131,22,83,356,Desktop,Email,7,49,1
582,28,25,153,Tablet,Organic,4,23,0
2996,30,95,491,Mobile,Organic,11,0,1
1309,36,58,435,Mobile,Instagram,5,28,1
3129,2,48,191,Mobile,Facebook,14,0,1
2268,36,52,218,Desktop,GoogleAds,3,0,0
2912,8,87,429,Tablet,Email,16,8,1
1953,9,30,154,Tablet,Email,13,20,1
660,1,11,277,Mobile,Organic,6,13,1
1655,13,57,82,Tablet,GoogleAds,12,27,1
1003,15,35,221,Desktop,GoogleAds,9,17,1
2752,32,9,435,Tablet,GoogleAds,17,32,1
2597,34,5,280,Mobile,Email,1,42,0
3272,31,6,111,Tablet,Email,11,1,1
1348,14,30,92,Desktop,Instagram,12,33,1
910,14,90,12,Desktop,Email,6,23,1
1694,29,71,139,Tablet,Email,17,18,1
2837,19,2,155,Tablet,Instagram,10,1,1
1595,27,46,23,Mobile,Email,9,5,1
1933,9,84,417,Mobile,Organic,5,14,1
1791,37,0,464,Mobile,Organic,13,10,1
1146,37,44,220,Tablet,Instagram,19,15,1
2227,28,53,348,Desktop,Instagram,4,20,1
3549,24,49,237,Desktop,Organic,19,26,1
1954,28,78,253,Tablet,GoogleAds,5,21,1
1047,36,6,422,Desktop,Email,8,2,1
1748,18,62,183,Desktop,Facebook,4,2,1
297,25,14,198,Tablet,Facebook,4,20,0
2246,35,88,170,Desktop,Instagram,18,42,1
2971,4,66,123,Tablet,Facebook,12,5,1
3236,14,29,413,Mobile,GoogleAds,4,24,1
1600,39,77,34,Desktop,Facebook,13,40,1
2751,26,67,381,Tablet,Organic,1,36,0
1755,8,35,313,Desktop,Instagram,4,29,1
2945,24,66,3,Desktop,Facebook,11,38,1
2528,16,4,6,Mobile,Email,19,19,1
1108,20,24,304,Tablet,Instagram,6,0,1
2334,15,94,102,Mobile,GoogleAds,2,34,0
949,7,10,192,Desktop,Organic,8,42,1
3424,17,71,376,Desktop,Facebook,14,25,1
1458,22,89,13,Desktop,Organic,14,20,1
580,22,65,36,Tablet,GoogleAds,7,9,0
3592,12,27,463,Mobile,Facebook,15,44,1
2914,18,59,70,Tablet,Instagram,1,28,0
1010,15,9,289,Desktop,Instagram,19,2,1
1215,37,49,105,Mobile,Email,0,42,0
2515,16,38,204,Desktop,GoogleAds,3,40,0
927,5,36,313,Mobile,Facebook,3,42,0
1884,2,62,55,Tablet,Organic,5,40,1
842,28,60,107,Tablet,Organic,2,12,0
3145,27,84,141,Tablet,Facebook,7,8,1
2896,31,91,225,Tablet,GoogleAds,1,45,0
3341,36,37,307,Tablet,GoogleAds,16,15,1
2250,1,32,348,Mobile,Organic,11,48,1
1688,29,74,309,Mobile,Facebook,11,46,1
625,1,44,36,Desktop,Facebook,14,27,1
415,8,43,133,Mobile,Organic,17,27,0
1759,16,0,375,Desktop,Facebook,8,10,1
3000,28,52,25,Tablet,Facebook,4,43,1
2778,22,46,337,Mobile,Instagram,2,29,0
102,18,32,37,Mobile,Instagram,16,10,0
2487,22,66,19,Tablet,Email,11,28,1
663,12,89,35,Tablet,Email,13,49,1
3515,19,14,363,Tablet,GoogleAds,7,11,1
3485,25,13,418,Desktop,Instagram,8,7,1
443,5,22,310,Desktop,Instagram,1,9,0
1145,34,53,430,Mobile,Instagram,1,34,0
384,39,7,6,Tablet,Instagram,15,35,0
3140,10,53,467,Mobile,GoogleAds,19,12,1
1076,7,35,385,Tablet,Organic,10,26,1
216,37,83,199,Tablet,GoogleAds,19,39,0
789,15,51,34,Tablet,Organic,9,1,1
1329,24,5,56,Tablet,Email,7,27,1
1151,26,96,256,Tablet,Instagram,6,33,1
541,26,27,211,Desktop,Organic,0,20,0
3303,26,49,97,Mobile,GoogleAds,9,5,1
2223,10,37,282,Tablet,Organic,18,38,1
2700,17,29,489,Desktop,Facebook,4,25,1
3237,14,80,241,Desktop,Email,7,35,1
3265,2,72,170,Tablet,Email,8,39,1
99,13,91,347,Tablet,Instagram,12,17,0
1127,27,53,294,Desktop,Instagram,13,41,1
22,9,70,410,Tablet,GoogleAds,5,42,0
3030,7,45,227,Desktop,Organic,10,38,1
1867,10,27,315,Tablet,Facebook,8,4,1
814,9,16,127,Desktop,Email,12,25,1
954,22,47,468,Tablet,Organic,3,10,0
2799,23,43,280,Desktop,Facebook,1,49,0
1867,7,59,367,Mobile,Organic,1,15,0
3519,9,59,21,Tablet,Instagram,12,18,1
1620,27,4,316,Tablet,Email,18,4,1
2933,24,68,246,Desktop,Facebook,0,6,0
1969,29,77,90,Tablet,Instagram,5,2,1
3231,17,69,404,Mobile,GoogleAds,7,24,1
2717,20,6,6,Mobile,GoogleAds,16,9,1
3089,7,52,451,Desktop,Instagram,2,4,0
1062,7,16,266,Desktop,Facebook,5,31,1
305,28,58,396,Tablet,Facebook,18,31,0
3043,19,8,97,Desktop,Email,6,4,1
935,20,94,150,Mobile,Instagram,14,42,1
649,39,21,446,Mobile,GoogleAds,5,18,1
2397,7,44,445,Tablet,Instagram,17,11,1
637,6,72,80,Mobile,Organic,9,30,1
2496,25,58,17,Desktop,Facebook,3,16,0
1177,13,79,138,Tablet,Organic,4,21,1
951,39,99,140,Tablet,GoogleAds,17,46,1
839,22,97,339,Tablet,Facebook,9,49,1
1780,17,12,40,Desktop,GoogleAds,9,40,1
2576,22,82,407,Tablet,GoogleAds,9,21,1
985,34,11,168,Tablet,GoogleAds,6,48,1
3126,8,35,74,Mobile,Email,19,25,1
964,18,9,74,Mobile,GoogleAds,13,30,1
1272,24,15,50,Tablet,GoogleAds,7,42,1
961,2,91,10,Desktop,Organic,8,5,1
953,2,18,103,Desktop,Organic,4,11,1
2212,27,5,350,Desktop,Organic,7,42,1
1214,14,3,388,Desktop,Facebook,19,26,1
3296,39,29,385,Mobile,Email,4,16,1
2145,12,94,299,Desktop,Facebook,19,9,1
3337,32,45,339,Desktop,Email,17,44,1
1544,28,26,389,Tablet,Email,3,4,0
1106,28,44,478,Desktop,Instagram,10,3,1
2988,25,84,474,Desktop,Instagram,19,38,1
188,4,36,104,Desktop,Instagram,10,14,0
2269,26,8,290,Desktop,Email,13,1,1
1838,36,60,450,Mobile,Email,12,48,1
1267,3,34,280,Tablet,Facebook,3,7,0
474,1,46,142,Mobile,Email,15,15,0
1784,17,20,297,Tablet,GoogleAds,5,19,1
3304,7,16,170,Tablet,GoogleAds,12,23,1
2688,5,54,13,Tablet,Email,19,34,1
2882,19,87,157,Tablet,GoogleAds,4,16,1
3345,39,94,449,Mobile,Email,18,4,1
1240,34,5,174,Tablet,Instagram,9,13,1
2664,35,34,162,Desktop,Email,4,13,1
894,16,49,447,Desktop,Instagram,13,45,1
2423,39,36,132,Tablet,Organic,3,42,0
2333,27,12,28,Desktop,GoogleAds,5,30,1
2437,38,24,83,Desktop,Organic,4,19,1
1342,25,95,385,Tablet,GoogleAds,1,12,0
1664,26,0,420,Tablet,Organic,5,8,1
3349,14,48,363,Tablet,Email,1,33,0
954,14,34,269,Mobile,Organic,11,11,1
3145,14,82,251,Tablet,GoogleAds,3,39,0
2867,25,52,370,Tablet,Facebook,12,15,1
3431,36,51,106,Mobile,GoogleAds,16,0,1
934,4,53,261,Desktop,Facebook,5,15,1
1948,15,75,353,Mobile,Email,2,5,0
503,32,46,14,Desktop,GoogleAds,12,19,0
1556,18,42,80,Mobile,Organic,2,5,0
3179,14,19,376,Tablet,Email,19,34,1
1979,1,32,160,Mobile,GoogleAds,8,40,1
1104,20,92,178,Tablet,Email,3,2,0
2421,10,15,155,Desktop,Facebook,1,20,0
2627,10,77,35,Tablet,Email,4,6,1
1835,24,6,259,Mobile,Organic,7,13,1
772,34,69,260,Mobile,GoogleAds,1,29,0
2333,28,20,135,Desktop,Facebook,4,21,1
59,27,35,461,Tablet,Email,5,13,0
3439,1,85,489,Desktop,Instagram,6,24,1
2785,33,53,131,Tablet,Facebook,12,2,1
915,4,18,81,Tablet,Facebook,8,4,1
2985,7,24,367,Desktop,Organic,6,4,1
573,9,66,59,Desktop,Organic,3,41,0
792,16,99,74,Tablet,Email,4,8,1
2542,5,52,239,Desktop,Instagram,2,47,0
3165,34,97,129,Tablet,Facebook,16,40,1
2050,23,74,412,Desktop,Email,18,37,1
1841,25,47,315,Desktop,Instagram,12,36,1
593,13,41,374,Desktop,Email,0,3,0
1329,24,46,437,Mobile,Facebook,4,19,1
245,11,90,138,Desktop,Email,8,20,0
2113,17,41,455,Mobile,Organic,3,49,0
1952,37,1,103,Tablet,Organic,9,47,1
369,13,5,387,Tablet,GoogleAds,13,23,0
1940,27,45,391,Desktop,Instagram,9,6,1
119,20,65,9,Mobile,Facebook,0,45,0
201,33,80,232,Tablet,Instagram,18,48,0
913,32,39,99,Mobile,Organic,16,7,1
1126,8,57,218,Mobile,Facebook,19,10,1
871,29,77,453,Tablet,GoogleAds,14,48,1
2625,19,73,397,Mobile,Organic,5,45,1
1093,6,32,237,Mobile,Organic,6,8,1
659,39,61,222,Tablet,Instagram,0,5,0
48,21,11,168,Desktop,Email,4,39,0
3130,22,95,370,Desktop,Instagram,19,16,1
3501,10,48,62,Mobile,Organic,19,12,1
646,10,87,318,Desktop,Instagram,6,44,1
1046,29,77,487,Tablet,Email,1,16,0
45,16,4,10,Tablet,GoogleAds,2,1,0
2158,1,50,234,Tablet,Facebook,1,29,0
3167,17,68,87,Mobile,Organic,15,31,1
3597,30,31,267,Tablet,Instagram,16,49,1
3304,26,48,204,Mobile,Organic,11,35,1
1371,19,96,318,Mobile,Facebook,4,6,1
1993,21,59,333,Tablet,Instagram,3,15,0
175,17,45,360,Tablet,GoogleAds,15,18,0
2440,21,67,241,Mobile,Facebook,17,14,1
1889,19,93,56,Tablet,Email,12,13,1
3457,7,40,110,Desktop,Email,19,44,1
3552,17,80,49,Mobile,Organic,8,6,1
2847,1,66,243,Mobile,Email,15,46,1
40,37,12,16,Tablet,Instagram,2,32,0
3456,6,99,73,Tablet,Email,16,33,1
20,26,17,372,Mobile,GoogleAds,19,23,0
2021,2,86,202,Mobile,Instagram,9,34,1
3383,32,98,93,Mobile,Organic,19,20,1
2153,5,96,137,Tablet,Organic,3,23,0
3271,37,50,33,Mobile,Email,0,36,0
2510,31,35,88,Desktop,Email,15,15,1
2249,12,80,419,Desktop,Organic,10,16,1
495,35,33,203,Tablet,Instagram,18,28,0
1299,30,11,39,Mobile,Facebook,7,17,1
1457,6,4,114,Mobile,Organic,4,47,1
3209,15,47,333,Desktop,GoogleAds,7,10,1
2295,15,90,247,Mobile,Instagram,17,2,1
1953,16,39,343,Tablet,Facebook,14,41,1
3436,20,12,409,Tablet,Facebook,17,17,1
1973,13,25,370,Tablet,Instagram,12,15,1
3193,31,13,208,Mobile,Organic,14,40,1
1861,34,95,312,Mobile,Facebook,12,0,1
1479,29,10,432,Desktop,GoogleAds,2,42,0
1376,3,37,469,Desktop,Instagram,11,42,1
3226,9,79,394,Tablet,Email,11,26,1
3146,11,56,297,Mobile,Organic,9,30,1
3328,11,21,360,Mobile,Instagram,0,44,0
2792,25,15,211,Tablet,GoogleAds,5,27,1
1000,22,76,355,Tablet,Facebook,18,39,1
3571,9,75,59,Desktop,Organic,12,26,1
834,20,81,156,Desktop,Organic,0,8,0
1472,21,28,122,Tablet,Instagram,18,37,1
2163,10,81,120,Mobile,Instagram,5,35,1
2238,22,1,297,Desktop,GoogleAds,0,40,0
2241,29,53,322,Tablet,Email,16,26,1
235,9,1,435,Mobile,Instagram,16,46,0
786,5,2,62,Tablet,Instagram,10,49,1
2847,11,92,158,Mobile,Instagram,19,25,1
1122,1,55,40,Desktop,GoogleAds,11,26,1
697,1,71,242,Mobile,Facebook,12,3,1
539,39,10,40,Mobile,Email,17,47,0
3452,5,75,453,Tablet,GoogleAds,0,37,0
981,22,31,358,Mobile,Instagram,2,11,0
945,26,3,190,Desktop,Facebook,16,46,1
1432,6,8,234,Tablet,Instagram,6,14,1
2163,32,87,15,Tablet,GoogleAds,16,46,1
1304,11,55,124,Tablet,Organic,15,47,1
2008,10,15,228,Tablet,Instagram,11,29,1
2888,39,80,387,Tablet,Facebook,7,13,1
1536,34,85,280,Tablet,Email,10,7,1
688,31,70,425,Tablet,Organic,2,27,0
2906,12,9,447,Desktop,Instagram,11,30,1
3113,16,92,48,Desktop,Instagram,3,1,0
2450,38,35,189,Tablet,Facebook,8,14,1
49,3,23,304,Mobile,Organic,16,39,0
2717,2,63,47,Tablet,Organic,15,42,1
3299,5,55,184,Tablet,Organic,11,47,1
3038,11,77,105,Tablet,Instagram,14,7,1
1115,25,77,369,Mobile,Organic,14,4,1
854,35,88,460,Desktop,Instagram,0,3,0
1753,35,21,247,Mobile,Instagram,2,11,0
2258,22,51,264,Mobile,Organic,1,9,0
456,37,49,206,Mobile,GoogleAds,16,3,0
3509,22,46,18,Mobile,Email,11,9,1
3119,11,22,364,Tablet,Email,4,28,1
1244,32,95,251,Desktop,GoogleAds,10,27,1
2501,35,89,238,Mobile,Organic,18,28,1
1360,31,90,340,Desktop,Instagram,14,18,1
2818,8,75,407,Tablet,Facebook,6,42,1
236,20,82,453,Tablet,GoogleAds,7,12,0
57,34,18,321,Desktop,Email,9,33,0
3099,4,51,365,Tablet,Email,5,45,1
2969,18,33,302,Desktop,Instagram,14,19,1
1472,4,95,66,Mobile,Email,9,17,1
1840,20,28,336,Tablet,Email,16,47,1
196,9,60,453,Tablet,Instagram,5,35,0
2402,16,84,150,Desktop,Organic,18,0,1
2281,26,34,193,Tablet,Email,19,25,1
2887,38,4,396,Mobile,Organic,19,2,1
2545,25,75,147,Tablet,Facebook,5,43,1
1942,4,6,406,Tablet,Organic,13,2,1
2934,38,40,183,Tablet,Instagram,12,20,1
858,19,1,106,Desktop,Instagram,12,17,1
2042,14,88,236,Mobile,Instagram,8,30,1
1262,21,9,126,Mobile,Email,8,35,1
1423,15,43,446,Tablet,GoogleAds,7,48,1
988,3,69,179,Tablet,Email,9,43,1
1622,37,90,432,Desktop,Organic,19,30,1
1026,16,34,401,Mobile,Facebook,3,7,0
2245,14,61,13,Tablet,Facebook,2,24,0
1891,9,73,231,Mobile,Facebook,12,48,1
279,7,72,28,Tablet,Facebook,7,45,0
1640,14,19,379,Tablet,GoogleAds,8,19,1
319,6,34,323,Desktop,Facebook,13,10,0
3213,21,36,261,Mobile,Email,0,39,0
2053,15,71,100,Mobile,Facebook,13,0,1
1584,8,53,188,Tablet,Instagram,11,20,1
1105,34,94,399,Tablet,Organic,3,16,0
2902,1,79,337,Desktop,Email,3,27,0
1705,32,27,300,Tablet,GoogleAds,12,17,1
3268,5,69,119,Mobile,Email,15,28,1
2543,30,31,46,Desktop,Instagram,10,9,1
3272,22,91,413,Mobile,Facebook,2,8,0
1455,20,10,68,Desktop,Facebook,1,33,0
2177,16,41,384,Mobile,GoogleAds,2,19,0
229,7,22,480,Tablet,Organic,19,30,0
62,7,29,305,Mobile,Facebook,16,2,0
1767,2,8,171,Mobile,GoogleAds,0,0,0
1484,14,91,358,Desktop,Facebook,10,32,1
3493,31,87,196,Mobile,Email,15,49,1
1676,14,58,333,Tablet,GoogleAds,19,7,1
1270,5,27,20,Desktop,GoogleAds,9,17,1
2815,11,87,111,Desktop,GoogleAds,19,29,1
2795,5,78,146,Mobile,Facebook,5,32,1
729,29,32,192,Desktop,GoogleAds,1,21,0
415,11,46,433,Tablet,Email,6,16,0
2665,5,97,371,Mobile,Organic,16,41,1
3078,32,21,426,Tablet,Organic,7,8,1
2479,36,28,229,Mobile,Instagram,12,21,1
2769,15,33,12,Mobile,Email,3,9,0
2304,19,41,217,Desktop,Email,10,32,1
81,22,51,478,Desktop,GoogleAds,1,47,0
1863,34,46,79,Desktop,Instagram,7,38,1
2242,17,73,375,Mobile,Email,17,2,1
2063,12,50,36,Desktop,Email,7,16,1
1239,25,44,264,Tablet,Email,10,8,1
1577,17,93,28,Desktop,Facebook,4,46,1
2963,10,74,372,Tablet,Email,6,39,1
396,28,33,86,Desktop,Facebook,3,35,0
1801,18,20,188,Mobile,Email,9,18,1
708,18,12,305,Desktop,Organic,5,33,1
3157,32,53,254,Tablet,Facebook,12,1,1
1210,14,24,422,Tablet,Facebook,15,44,1
836,16,20,80,Desktop,GoogleAds,1,26,0
1832,18,0,186,Tablet,Email,14,18,1
358,16,57,5,Mobile,Instagram,7,32,0
1288,17,68,46,Desktop,Instagram,16,25,1
317,7,85,354,Tablet,Instagram,13,46,0
3426,12,70,497,Desktop,Instagram,17,33,1
1160,34,12,102,Desktop,Organic,13,27,1
1970,10,51,459,Desktop,Instagram,3,15,0
2344,5,22,2,Desktop,GoogleAds,0,21,0
775,21,20,217,Desktop,Instagram,5,27,1
734,3,5,25,Mobile,GoogleAds,4,13,1
2819,19,19,257,Desktop,Facebook,14,5,1
1629,35,75,223,Mobile,Email,15,10,1
3568,6,39,453,Desktop,Instagram,7,45,1
392,14,8,424,Tablet,GoogleAds,5,19,0
3487,4,49,324,Desktop,GoogleAds,4,35,1
2445,18,27,499,Desktop,Email,5,48,1
534,29,10,69,Tablet,Facebook,0,15,0
2696,35,95,197,Mobile,Instagram,13,5,1
2995,38,74,272,Mobile,GoogleAds,18,7,1
285,16,87,182,Mobile,Instagram,18,44,0
2557,20,55,447,Mobile,Organic,14,35,1
2774,24,78,18,Tablet,GoogleAds,18,47,1
346,35,34,107,Mobile,Facebook,5,48,0
1983,19,80,17,Mobile,Email,4,3,1
2989,4,24,125,Mobile,GoogleAds,15,47,1
490,33,98,483,Mobile,Organic,8,33,0
920,2,18,82,Mobile,Email,14,19,1
2006,13,30,4,Desktop,Facebook,7,23,1
3354,30,80,115,Desktop,Instagram,7,44,1
3139,34,49,351,Mobile,Instagram,3,2,0
1361,30,86,351,Tablet,GoogleAds,1,27,0
2043,24,62,137,Tablet,Email,15,29,1
1764,33,46,287,Desktop,Organic,2,28,0
118,10,0,389,Tablet,Organic,8,20,0
3360,18,57,228,Desktop,Facebook,3,41,0
337,19,9,16,Mobile,Email,1,26,0
1809,7,7,298,Mobile,Email,18,49,1
324,19,25,425,Tablet,Instagram,14,24,0
3555,24,33,464,Tablet,Facebook,6,2,1
1144,15,18,212,Tablet,Facebook,7,0,1
2756,23,77,246,Mobile,Facebook,2,22,0
790,4,71,286,Mobile,Email,14,42,1
3310,38,0,282,Tablet,Instagram,0,4,0
1530,4,47,177,Tablet,Facebook,15,30,1
165,5,24,31,Tablet,Instagram,2,24,0
1506,23,23,50,Tablet,Facebook,1,34,0
1734,37,46,143,Desktop,Email,14,42,1
3353,11,83,52,Tablet,Instagram,3,0,0
896,11,93,233,Tablet,GoogleAds,13,14,1
3083,13,68,166,Desktop,Facebook,8,38,1
2815,14,66,38,Desktop,Email,8,23,1
731,8,31,491,Desktop,Instagram,13,33,1
3592,25,16,444,Desktop,Organic,14,46,1
922,18,60,20,Tablet,Email,4,17,1
3367,18,68,99,Mobile,Email,1,24,0
880,10,10,215,Mobile,Organic,16,35,1
22,7,37,44,Mobile,Organic,10,0,0
2665,14,67,111,Mobile,GoogleAds,12,8,1
507,15,18,487,Mobile,GoogleAds,11,40,0
1766,16,86,89,Mobile,GoogleAds,2,30,0
2295,2,16,319,Desktop,Email,19,21,1
1127,30,12,118,Desktop,Email,12,37,1
3419,30,90,434,Mobile,Email,14,45,1
2838,18,0,406,Tablet,GoogleAds,10,40,1
1204,31,1,239,Tablet,Instagram,15,1,1
2014,13,81,72,Mobile,Email,6,40,1
2663,20,99,310,Tablet,Email,0,44,0
2718,35,96,393,Desktop,Email,18,19,1
1657,23,99,399,Desktop,GoogleAds,17,22,1
1600,33,65,304,Tablet,Facebook,8,11,1
2906,38,67,404,Mobile,GoogleAds,17,9,1
2993,35,15,163,Desktop,Facebook,2,31,0
1500,36,3,251,Tablet,GoogleAds,2,4,0
2685,20,56,357,Tablet,Instagram,3,43,0
152,3,72,195,Desktop,Instagram,15,28,0
1234,8,84,60,Desktop,Email,10,32,1
3261,32,22,98,Mobile,GoogleAds,14,22,1
2771,29,1,418,Tablet,Facebook,8,35,1
3445,7,66,356,Mobile,Facebook,7,12,1
2536,2,86,355,Desktop,Instagram,5,49,1
574,21,25,73,Tablet,Email,17,1,0
2528,6,6,222,Desktop,Facebook,5,10,1
2441,28,99,119,Desktop,GoogleAds,5,27,1
1725,36,43,182,Desktop,Email,11,24,1
2983,32,32,384,Mobile,GoogleAds,4,35,1
426,9,63,218,Desktop,GoogleAds,13,17,0
1858,11,35,256,Mobile,Instagram,5,38,1
2365,23,3,396,Desktop,GoogleAds,19,8,1
2706,11,22,88,Desktop,Organic,18,1,1
1727,2,24,361,Tablet,Email,13,35,1
1400,3,89,275,Desktop,Organic,0,45,0
3082,11,91,492,Tablet,GoogleAds,19,16,1
1077,35,91,336,Tablet,GoogleAds,6,32,1
2796,15,84,26,Mobile,Instagram,6,34,1
1876,11,73,407,Tablet,Instagram,13,32,1
1131,31,26,121,Tablet,Instagram,19,31,1
1298,28,50,289,Desktop,Instagram,15,19,1
1816,28,78,362,Desktop,Facebook,11,29,1
2197,32,80,441,Mobile,Instagram,10,21,1
1514,25,98,30,Tablet,GoogleAds,17,24,1
3318,20,68,407,Tablet,GoogleAds,11,44,1
3031,28,79,202,Mobile,Email,9,45,1
1026,25,22,382,Desktop,Organic,4,43,1
962,11,8,36,Tablet,Facebook,1,10,0
2961,19,32,125,Mobile,Facebook,9,49,1
81,28,34,223,Desktop,Email,15,33,0
1700,1,49,235,Mobile,Email,5,27,1
3271,5,23,124,Mobile,Instagram,5,34,1
1301,10,87,470,Tablet,Email,19,3,1
1354,34,23,171,Desktop,Facebook,11,8,1
2164,36,18,491,Tablet,Organic,8,42,1
3313,2,38,486,Tablet,Organic,16,21,1
3123,18,60,495,Desktop,Facebook,9,24,1
892,13,24,450,Desktop,Instagram,7,20,1
148,5,94,181,Desktop,Organic,8,24,0
2672,20,24,215,Tablet,Organic,6,40,1
2920,2,26,118,Desktop,Instagram,9,16,1
2330,11,31,227,Desktop,Organic,0,14,0
1514,30,10,379,Desktop,GoogleAds,18,40,1
2473,32,68,444,Mobile,Facebook,10,6,1
2563,32,32,37,Desktop,Organic,19,31,1
742,38,18,317,Tablet,Organic,9,7,1
1758,28,15,96,Mobile,Instagram,1,2,0
433,10,98,120,Tablet,Organic,13,32,0
3488,22,10,491,Mobile,Instagram,11,35,1
1601,17,74,437,Desktop,Facebook,3,16,0
399,22,73,12,Mobile,GoogleAds,12,0,0
351,19,97,122,Tablet,Email,19,35,0
955,17,68,35,Mobile,Facebook,9,39,1
623,24,86,489,Desktop,Organic,1,16,0
502,36,54,251,Desktop,GoogleAds,16,43,0
201,32,24,67,Tablet,Email,9,47,0
508,36,92,482,Mobile,Email,15,36,0
831,28,76,38,Tablet,Organic,8,24,1
1745,14,95,280,Tablet,Email,18,24,1
1266,36,33,230,Tablet,Email,10,12,1
1978,6,11,337,Desktop,Facebook,5,12,1
236,9,87,168,Mobile,Facebook,3,11,0
1404,21,20,449,Desktop,Email,15,31,1
2196,12,28,441,Desktop,Instagram,11,34,1
2913,30,50,328,Desktop,Organic,15,27,1
826,31,22,246,Mobile,Instagram,2,43,0
3230,4,32,79,Desktop,Instagram,11,19,1
3196,31,7,114,Desktop,Email,14,27,1
1483,27,41,301,Desktop,Organic,19,30,1
1096,25,76,217,Mobile,Instagram,11,23,1
113,5,68,200,Mobile,Facebook,8,10,0
1884,6,40,381,Tablet,Facebook,9,41,1
880,5,73,352,Desktop,Organic,7,15,1
677,27,62,242,Desktop,Instagram,12,37,1
2052,8,13,13,Mobile,GoogleAds,14,16,1
282,9,87,366,Mobile,GoogleAds,16,44,0
1039,15,61,207,Desktop,Organic,11,49,1
3228,36,74,262,Tablet,Organic,15,43,1
2241,7,45,97,Tablet,GoogleAds,10,4,1
1061,32,66,71,Desktop,Instagram,18,19,1
1583,8,92,481,Tablet,Instagram,12,47,1
3200,15,52,303,Tablet,Email,2,34,0
302,37,51,349,Desktop,Organic,3,47,0
3452,19,93,230,Tablet,Instagram,14,42,1
3325,39,6,357,Mobile,GoogleAds,13,13,1
3299,6,80,300,Desktop,GoogleAds,10,25,1
2234,19,83,32,Mobile,Facebook,12,44,1
3380,28,53,250,Desktop,Instagram,19,42,1
2115,17,10,254,Mobile,Email,17,45,1
1302,19,24,259,Tablet,Email,12,41,1
317,31,58,182,Mobile,Organic,18,23,0
3369,11,87,340,Mobile,Facebook,3,30,0
986,15,65,462,Mobile,GoogleAds,11,17,1
3186,10,26,476,Mobile,GoogleAds,2,38,0
1261,23,82,166,Mobile,Organic,15,49,1
1280,3,57,4,Desktop,Email,0,21,0
2757,3,92,463,Mobile,Email,3,20,0
1527,18,10,145,Mobile,GoogleAds,8,33,1
2140,25,54,165,Desktop,Organic,12,24,1
1219,20,18,344,Desktop,Instagram,9,39,1
2309,29,91,486,Tablet,Facebook,8,46,1
1388,22,38,362,Mobile,Email,19,29,1
1783,15,84,105,Mobile,Email,5,5,1
1729,39,89,36,Tablet,Email,18,44,1
2052,10,85,314,Mobile,Instagram,2,24,0
805,21,69,169,Tablet,Instagram,9,4,1
906,29,10,8,Desktop,Facebook,9,28,1
1971,32,13,451,Mobile,Email,1,21,0
219,10,59,414,Mobile,GoogleAds,12,2,0
2873,13,35,86,Desktop,Email,6,46,1
2666,23,40,436,Mobile,Facebook,12,29,1
2504,23,1,97,Desktop,Facebook,13,23,1
2517,31,56,409,Desktop,GoogleAds,17,40,1
977,4,59,436,Tablet,Instagram,13,16,1
481,3,19,315,Desktop,GoogleAds,12,48,0
2427,21,21,30,Tablet,Facebook,18,44,1
2957,2,3,101,Desktop,GoogleAds,7,49,1
3573,4,55,67,Tablet,Email,3,19,0
932,1,92,388,Tablet,Facebook,8,25,1
146,15,57,349,Tablet,Instagram,11,4,0
376,33,87,441,Tablet,Instagram,19,12,0
2969,6,64,63,Mobile,GoogleAds,1,38,0
193,7,87,32,Desktop,GoogleAds,3,3,0
3368,19,57,87,Desktop,GoogleAds,18,44,1
2529,1,29,211,Desktop,Email,8,16,1
1408,39,75,463,Desktop,Instagram,8,39,1
2711,19,18,51,Tablet,Facebook,10,34,1
2806,26,61,63,Mobile,Facebook,9,30,1
546,12,67,80,Desktop,Instagram,2,15,0
3592,22,78,343,Desktop,GoogleAds,7,33,1
2859,13,83,232,Desktop,Organic,10,31,1
1612,28,43,366,Tablet,GoogleAds,5,32,1
1283,14,83,101,Desktop,Instagram,17,7,1
2977,22,60,129,Desktop,Email,7,29,1
2567,30,20,19,Mobile,GoogleAds,1,2,0
2687,20,9,357,Tablet,Facebook,19,16,1
3059,27,29,419,Mobile,Email,4,23,1
1106,38,23,447,Desktop,Instagram,9,15,1
1315,34,47,94,Tablet,Organic,17,19,1
925,39,54,81,Desktop,GoogleAds,11,9,1
3441,37,51,103,Desktop,Email,1,23,0
3091,1,37,369,Tablet,Email,9,46,1
3292,15,66,154,Mobile,Facebook,11,6,1
161,32,92,269,Tablet,GoogleAds,18,47,0
1038,8,7,118,Tablet,Organic,4,48,1
1228,33,28,342,Mobile,Email,9,19,1
1987,18,9,494,Tablet,Facebook,0,12,0
3364,29,68,279,Mobile,GoogleAds,6,28,1
2521,32,74,492,Mobile,GoogleAds,0,9,0
3194,33,67,363,Tablet,Organic,16,8,1
280,5,48,225,Tablet,Facebook,11,6,0
1196,18,57,475,Mobile,Organic,6,43,1
469,10,34,419,Mobile,Email,7,32,0
114,36,49,268,Mobile,Instagram,2,23,0
3363,33,39,137,Mobile,Instagram,14,15,1
1720,23,11,226,Mobile,Organic,11,31,1
2219,5,84,334,Tablet,Organic,16,3,1
2408,34,15,229,Desktop,Instagram,1,13,0
443,24,77,323,Tablet,Email,16,28,0
2909,17,84,108,Desktop,Organic,3,21,0
149,31,47,300,Mobile,Email,6,22,0
1504,7,90,445,Tablet,Email,14,25,1
3213,17,99,405,Desktop,Facebook,15,25,1
96,28,0,7,Mobile,Email,5,48,0
1721,38,64,128,Tablet,GoogleAds,4,43,1
2240,22,21,353,Desktop,Instagram,15,46,1
2425,15,14,483,Tablet,Instagram,0,21,0
138,37,83,267,Desktop,Organic,14,43,0
1279,15,66,173,Tablet,Organic,19,2,1
1611,25,13,416,Tablet,Facebook,4,41,1
679,21,72,214,Desktop,Facebook,12,16,1
3459,38,18,247,Tablet,GoogleAds,13,13,1
158,2,39,106,Tablet,Organic,1,44,0
994,27,97,83,Mobile,Instagram,1,29,0
861,32,3,292,Desktop,GoogleAds,18,12,1
1466,21,32,374,Tablet,Organic,18,25,1
637,4,42,421,Desktop,GoogleAds,11,39,1
1502,19,36,203,Tablet,Email,16,31,1
2503,2,65,41,Desktop,Email,1,45,0
2054,26,26,205,Desktop,GoogleAds,10,33,1
3562,34,44,348,Mobile,Organic,16,22,1
893,14,80,49,Mobile,Email,13,33,1
2351,15,49,143,Desktop,Email,8,43,1
1798,20,94,141,Tablet,GoogleAds,18,11,1
3224,34,62,53,Desktop,Email,18,22,1
259,36,5,107,Tablet,Instagram,0,27,0
2935,19,94,33,Desktop,Email,4,18,1
957,9,66,200,Mobile,GoogleAds,18,47,1
984,7,66,119,Mobile,Email,1,33,0
1335,30,96,288,Tablet,Email,13,7,1
3106,13,58,229,Desktop,Facebook,18,33,1
2846,27,12,118,Tablet,GoogleAds,7,41,1
993,35,20,176,Mobile,GoogleAds,16,15,1
898,13,63,452,Desktop,Facebook,1,6,0
2947,15,36,185,Mobile,Facebook,16,26,1
2127,9,79,318,Mobile,Instagram,7,19,1
2682,23,84,499,Desktop,Email,13,34,1
884,36,47,338,Tablet,Organic,16,16,1
3193,3,55,215,Desktop,Organic,5,27,1
3445,34,43,221,Mobile,Facebook,10,7,1
1336,19,12,130,Mobile,GoogleAds,7,3,1
480,28,3,333,Mobile,GoogleAds,12,32,0
1997,23,94,272,Mobile,Instagram,7,49,1
100,7,72,246,Tablet,Organic,6,21,0
539,12,32,123,Desktop,GoogleAds,2,30,0
670,14,36,8,Desktop,Instagram,1,0,0
748,15,52,403,Tablet,Instagram,11,40,1
2783,3,23,416,Tablet,Facebook,3,13,0
881,15,88,67,Mobile,Organic,4,6,1
1696,24,50,115,Desktop,Instagram,15,7,1
201,8,40,369,Desktop,Instagram,1,7,0
1996,5,28,288,Desktop,Instagram,12,23,1
3323,4,58,105,Tablet,Organic,3,0,0
2195,14,39,469,Mobile,Facebook,4,34,1
354,16,50,25,Mobile,Email,11,40,0
3261,20,49,53,Desktop,GoogleAds,14,7,1
1018,24,35,247,Mobile,Organic,4,4,1
2560,6,78,337,Tablet,Organic,4,31,1
212,31,59,281,Tablet,Organic,15,0,0
582,6,17,33,Desktop,Email,8,1,0
201,35,19,287,Mobile,GoogleAds,14,41,0
2062,15,4,36,Tablet,GoogleAds,3,45,0
1923,29,17,343,Tablet,Instagram,16,14,1
3318,3,39,379,Tablet,Instagram,0,41,0
1726,11,0,239,Tablet,Facebook,15,8,1
320,3,18,492,Mobile,Organic,19,11,0
2606,28,86,217,Tablet,Facebook,16,9,1
2113,10,25,177,Tablet,Organic,3,23,0
452,33,28,44,Mobile,GoogleAds,12,40,0
1270,16,58,304,Desktop,Facebook,7,49,1
879,10,62,158,Desktop,GoogleAds,17,18,1
3278,33,97,269,Tablet,Instagram,12,16,1
594,36,82,171,Desktop,GoogleAds,8,1,0
1604,3,61,495,Mobile,Email,4,9,1
2809,5,47,221,Tablet,Facebook,10,4,1
1547,12,61,400,Mobile,Organic,13,38,1
3530,13,17,230,Desktop,GoogleAds,17,5,1
369,24,65,91,Desktop,Facebook,17,1,0
1733,32,26,410,Tablet,Organic,19,7,1
2876,16,5,459,Desktop,Facebook,15,3,1
2087,32,69,431,Tablet,Facebook,3,49,0
1812,37,58,421,Tablet,Email,18,30,1
2021,36,5,131,Mobile,GoogleAds,4,35,1
2165,21,30,410,Desktop,Email,1,7,0
853,12,93,226,Desktop,Instagram,16,30,1
1635,21,55,225,Tablet,Facebook,3,16,0
2774,21,53,143,Tablet,GoogleAds,5,45,1
900,6,84,66,Tablet,Instagram,17,39,1
2001,9,40,28,Tablet,Instagram,5,13,1
1992,1,17,125,Mobile,Email,19,7,1
969,12,86,212,Desktop,Instagram,14,24,1
1478,14,22,422,Mobile,Organic,0,13,0
2950,6,91,428,Desktop,Organic,16,22,1
1471,1,35,437,Mobile,Organic,1,42,0
741,22,24,80,Tablet,Instagram,3,40,0
615,34,6,238,Mobile,Facebook,2,16,0
2514,11,81,132,Mobile,GoogleAds,2,48,0
624,3,19,328,Tablet,Organic,13,11,1
2755,6,4,300,Tablet,Organic,19,19,1
2014,6,17,119,Desktop,Organic,7,33,1
1729,20,32,46,Desktop,Email,7,48,1
3576,21,78,84,Mobile,Email,8,10,1
683,2,34,282,Mobile,Organic,17,26,1
1280,26,64,352,Mobile,Organic,6,8,1
2600,31,62,13,Tablet,Email,9,17,1
1597,26,84,125,Desktop,GoogleAds,0,37,0
2914,32,71,325,Mobile,Facebook,3,35,0
1621,10,70,172,Desktop,GoogleAds,19,45,1
906,23,40,234,Desktop,Facebook,3,27,0
1472,6,49,181,Tablet,Instagram,13,19,1
287,23,29,51,Tablet,Instagram,4,41,0
561,28,37,269,Mobile,GoogleAds,4,28,0
1646,30,34,169,Mobile,Email,18,3,1
2168,14,65,395,Mobile,Organic,4,14,1
2442,37,45,421,Mobile,Instagram,10,40,1
770,32,7,316,Mobile,Email,1,43,0
3272,34,67,288,Desktop,Email,14,27,1
3571,22,36,429,Desktop,Facebook,13,39,1
2751,31,84,490,Tablet,Instagram,13,23,1
1459,7,12,274,Tablet,GoogleAds,7,36,1
414,21,72,349,Desktop,Email,19,15,0
1368,16,44,207,Tablet,GoogleAds,7,21,1
1242,20,28,148,Tablet,GoogleAds,4,46,1
31,19,40,300,Mobile,Instagram,4,16,0
687,32,55,420,Tablet,GoogleAds,13,0,1
2668,15,87,453,Tablet,GoogleAds,4,30,1
2038,5,15,488,Tablet,Organic,8,24,1
1241,11,11,37,Desktop,GoogleAds,10,11,1
2065,15,65,161,Desktop,Organic,16,19,1
2759,29,61,466,Mobile,Instagram,11,18,1
1818,4,18,383,Tablet,GoogleAds,11,4,1
538,36,29,275,Desktop,Email,15,14,0
2047,23,15,435,Mobile,GoogleAds,0,40,0
2659,15,87,288,Tablet,Organic,17,24,1
1686,3,12,106,Mobile,Email,5,34,1
666,32,68,22,Mobile,Instagram,4,43,1
175,10,22,233,Tablet,Facebook,17,46,0
858,38,61,122,Desktop,Facebook,12,2,1
505,22,30,129,Tablet,Organic,5,17,0
599,14,52,310,Tablet,Instagram,6,21,0
438,17,16,217,Tablet,Instagram,2,15,0
2831,21,48,148,Desktop,GoogleAds,10,14,1
172,15,48,58,Tablet,Facebook,7,4,0
2423,15,66,419,Desktop,GoogleAds,3,41,0
1272,1,25,237,Mobile,Instagram,9,41,1
81,24,12,70,Desktop,Organic,8,12,0
3526,12,37,454,Mobile,Organic,12,49,1
664,10,21,189,Mobile,Email,18,27,1
3590,31,84,242,Tablet,Organic,14,9,1
278,11,28,63,Desktop,Facebook,4,15,0
1786,16,44,485,Mobile,Email,12,1,1
2472,9,45,241,Mobile,Facebook,11,49,1
1278,14,38,445,Desktop,GoogleAds,8,35,1
1025,19,68,185,Desktop,GoogleAds,7,24,1
2732,31,77,259,Mobile,Organic,8,4,1
1093,9,81,229,Mobile,Email,12,27,1
15,36,67,223,Desktop,Facebook,8,16,0
991,39,96,99,Desktop,Facebook,5,1,1
2627,26,38,247,Mobile,Instagram,5,14,1
416,8,19,45,Tablet,Organic,10,37,0
3298,24,76,399,Desktop,GoogleAds,9,28,1
1963,8,99,273,Mobile,Instagram,13,22,1
2083,19,67,399,Mobile,GoogleAds,5,17,1
3086,30,34,5,Tablet,GoogleAds,6,13,1
995,22,7,470,Desktop,Facebook,8,31,1
399,9,51,430,Mobile,GoogleAds,2,43,0
719,4,39,11,Tablet,Email,11,5,1
2628,37,35,448,Desktop,GoogleAds,15,27,1
1481,8,5,348,Tablet,Email,12,17,1
763,1,85,398,Mobile,GoogleAds,5,34,1
2203,28,69,39,Tablet,Instagram,12,37,1
1421,6,99,451,Mobile,Facebook,4,3,1
2842,36,72,439,Mobile,Instagram,3,48,0
1282,11,15,42,Tablet,Facebook,7,30,1
535,5,45,203,Tablet,Instagram,2,10,0
1495,24,58,94,Mobile,Organic,1,45,0
2070,18,37,486,Tablet,GoogleAds,19,10,1
2960,20,96,5,Desktop,GoogleAds,18,28,1
2441,28,17,52,Desktop,Organic,6,18,1
565,13,11,150,Tablet,Organic,11,16,0
2944,5,53,205,Tablet,Email,3,3,0
3480,30,90,300,Desktop,Instagram,9,43,1
28,1,46,499,Mobile,GoogleAds,8,3,0
584,22,0,371,Mobile,Email,11,11,0
3572,18,14,469,Desktop,GoogleAds,10,48,1
2808,5,90,187,Mobile,Organic,18,46,1
1013,31,79,485,Tablet,Email,1,6,0
2476,6,20,153,Tablet,Email,5,20,1
3418,27,0,383,Desktop,Email,5,32,1
2476,25,92,116,Desktop,Instagram,0,36,0
1948,29,66,149,Desktop,Email,6,11,1
1949,28,11,220,Desktop,GoogleAds,11,6,1
1645,16,27,192,Mobile,Instagram,11,14,1
1708,12,38,233,Mobile,GoogleAds,19,36,1
2179,20,36,324,Mobile,Email,5,8,1
441,18,94,221,Tablet,Email,13,32,0
2101,34,59,47,Tablet,GoogleAds,16,37,1
1905,23,30,127,Desktop,Facebook,16,15,1
1953,27,57,291,Desktop,Email,17,30,1
1350,17,96,215,Mobile,Email,12,14,1
2438,21,96,7,Mobile,Instagram,12,1,1
154,31,10,184,Mobile,GoogleAds,10,12,0
3408,3,28,116,Desktop,Email,2,4,0
2420,17,88,52,Mobile,GoogleAds,16,47,1
1083,26,12,366,Desktop,Instagram,1,32,0
1098,23,50,46,Desktop,GoogleAds,1,31,0
2412,6,53,393,Tablet,GoogleAds,6,41,1
809,28,18,442,Tablet,Instagram,9,47,1
3245,8,57,23,Desktop,Email,13,44,1
3222,8,35,131,Mobile,GoogleAds,18,20,1
2883,19,27,127,Desktop,Facebook,16,1,1
1161,38,67,445,Desktop,Email,15,35,1
2455,29,2,265,Desktop,Instagram,16,32,1
1966,23,88,309,Desktop,Organic,17,10,1
2937,32,40,196,Tablet,Facebook,10,40,1
472,10,34,433,Tablet,Email,18,22,0
1784,27,92,473,Desktop,Instagram,10,37,1
2055,1,92,454,Tablet,Facebook,9,32,1
817,39,75,48,Tablet,Email,13,39,1
196,29,98,379,Mobile,Organic,13,7,0
1753,3,83,82,Tablet,Email,9,35,1
741,37,80,109,Tablet,Organic,3,35,0
1945,31,75,263,Desktop,Organic,9,32,1
1223,11,49,355,Tablet,GoogleAds,5,28,1
1421,22,99,31,Tablet,Instagram,10,30,1
438,18,73,358,Tablet,GoogleAds,17,29,0
2915,35,81,56,Desktop,Organic,5,7,1
1317,6,29,480,Desktop,Instagram,14,25,1
2294,3,71,355,Tablet,Instagram,5,22,1
1227,5,76,189,Desktop,Instagram,19,49,1
1320,9,94,476,Desktop,Facebook,0,42,0
780,28,69,492,Mobile,Email,8,25,1
767,19,53,5,Tablet,Organic,13,41,1
145,28,70,286,Mobile,Instagram,2,37,0
801,27,84,278,Tablet,Facebook,0,38,0
180,13,50,145,Tablet,Facebook,13,1,0
2216,38,27,394,Mobile,Organic,13,25,1
2258,21,63,455,Mobile,GoogleAds,3,17,0
3568,27,84,196,Tablet,Facebook,13,26,1
1590,6,20,426,Mobile,Organic,3,49,0
971,38,87,27,Mobile,Facebook,10,16,1
2640,11,26,127,Desktop,Organic,19,44,1
3585,17,26,135,Tablet,Instagram,8,14,1
885,39,76,23,Desktop,GoogleAds,10,42,1
2428,7,49,331,Tablet,Facebook,14,6,1
112,30,28,117,Desktop,Facebook,5,16,0
1011,21,38,392,Tablet,Facebook,11,18,1
1158,1,56,8,Desktop,Email,12,26,1
3394,25,91,101,Tablet,Email,17,39,1
3033,32,36,261,Desktop,Instagram,13,16,1
2855,8,92,199,Mobile,Facebook,10,31,1
1491,5,63,86,Tablet,GoogleAds,1,15,0
3311,30,47,228,Mobile,Email,18,29,1
667,8,21,386,Desktop,Organic,1,13,0
2939,19,99,472,Tablet,Organic,16,49,1
1230,30,29,179,Desktop,Organic,7,40,1
2790,15,27,450,Desktop,Instagram,4,17,1
432,36,22,240,Mobile,Facebook,10,21,0
2629,27,96,12,Tablet,Facebook,19,15,1
180,13,3,303,Desktop,Email,0,48,0
3463,14,2,234,Mobile,Organic,19,48,1
2230,37,60,183,Mobile,Instagram,15,15,1
2720,30,95,282,Mobile,GoogleAds,4,25,1
462,39,3,358,Mobile,Facebook,15,42,0
2407,13,64,376,Desktop,Facebook,4,5,1
1985,16,11,429,Desktop,Instagram,9,6,1
1667,7,12,190,Desktop,Email,8,8,1
2551,27,33,326,Tablet,Instagram,18,43,1
2677,35,58,215,Tablet,Email,2,25,0
3085,15,92,258,Mobile,Facebook,8,1,1
3174,28,72,26,Desktop,Email,19,35,1
2976,35,30,270,Mobile,Email,7,2,1
2063,7,70,82,Desktop,Email,3,20,0
297,20,12,358,Tablet,Email,10,43,0
1651,32,53,185,Mobile,Organic,3,2,0
3227,38,1,288,Desktop,Organic,11,8,1
1457,32,32,62,Desktop,Organic,6,11,1
1923,26,49,371,Desktop,Organic,7,7,1
617,39,6,462,Mobile,Instagram,9,36,1
466,20,17,30,Tablet,GoogleAds,12,20,0
1774,18,50,397,Desktop,Email,13,36,1
1235,15,7,424,Mobile,Instagram,15,39,1
1245,22,54,31,Desktop,Organic,6,2,1
1039,22,75,293,Mobile,Email,15,40,1
2681,21,42,173,Tablet,GoogleAds,16,20,1
2433,2,58,102,Desktop,Email,19,25,1
456,18,29,128,Mobile,Facebook,18,23,0
844,23,58,86,Desktop,Facebook,11,45,1
3187,13,8,315,Mobile,Instagram,8,33,1
820,9,91,28,Tablet,GoogleAds,7,31,1
1434,7,67,122,Tablet,Instagram,8,26,1
3177,1,38,251,Mobile,Email,4,46,1
1421,2,80,61,Tablet,GoogleAds,9,29,1
968,4,10,403,Desktop,Instagram,4,3,1
1485,14,1,171,Tablet,Email,13,1,1
2906,32,22,443,Desktop,Organic,17,22,1
818,36,62,272,Tablet,Email,6,40,1
988,2,21,325,Tablet,Instagram,7,3,1
2473,14,60,300,Desktop,GoogleAds,4,36,1
735,20,25,113,Tablet,GoogleAds,5,10,1
3585,25,11,194,Desktop,Organic,19,35,1
2511,8,31,394,Desktop,Instagram,8,35,1
3372,28,8,431,Tablet,Organic,8,14,1
1226,21,68,19,Tablet,Facebook,7,36,1
2207,23,89,340,Desktop,Email,16,2,1
1913,32,70,93,Mobile,Facebook,7,47,1
2816,8,92,217,Tablet,Facebook,0,29,0
788,31,32,465,Tablet,Organic,17,22,1
982,37,23,179,Mobile,Organic,14,32,1
2820,16,88,499,Mobile,Email,15,0,1
3059,27,94,397,Tablet,Organic,1,0,0
1548,18,92,191,Tablet,Organic,12,2,1
1426,35,68,493,Tablet,Organic,1,8,0
3397,15,37,400,Mobile,Organic,13,31,1
2133,27,10,437,Tablet,Organic,6,12,1
608,17,31,163,Mobile,Facebook,10,44,1
3351,2,63,100,Mobile,Facebook,14,30,1
234,31,71,187,Desktop,Email,16,20,0
1563,37,19,295,Mobile,GoogleAds,16,22,1
2170,34,33,67,Desktop,Email,14,12,1
2308,34,41,73,Mobile,Instagram,15,25,1
3314,3,7,232,Mobile,Email,8,24,1
850,17,65,189,Desktop,Email,19,7,1
1824,14,20,50,Desktop,Organic,18,39,1
723,14,78,309,Desktop,Organic,8,29,1
1116,38,69,302,Desktop,Organic,5,4,1
134,35,4,308,Desktop,GoogleAds,0,23,0
3256,1,66,124,Desktop,Organic,4,9,1
1102,29,42,157,Desktop,Instagram,4,18,1
3128,4,15,261,Mobile,Facebook,0,34,0
2941,33,98,195,Mobile,Instagram,0,21,0
1289,17,72,330,Desktop,GoogleAds,5,38,1
1760,28,34,351,Tablet,Organic,8,37,1
39,26,82,331,Desktop,Email,18,6,0
2338,8,42,256,Tablet,Facebook,4,38,1
2981,34,97,465,Mobile,GoogleAds,16,19,1
2027,18,38,424,Mobile,Instagram,19,39,1
3318,31,9,489,Tablet,Organic,11,31,1
3329,27,73,200,Mobile,GoogleAds,5,1,1
2425,16,19,372,Desktop,GoogleAds,12,14,1
504,10,0,386,Tablet,Email,7,9,0
3106,12,5,68,Tablet,Email,2,20,0
1619,22,52,446,Mobile,Email,10,14,1
727,16,45,80,Tablet,Instagram,19,33,1
3571,12,65,233,Tablet,Email,0,34,0
1026,11,37,186,Tablet,GoogleAds,13,4,1
3575,20,32,105,Mobile,GoogleAds,12,18,1
1347,1,66,469,Tablet,GoogleAds,14,6,1
615,27,99,325,Tablet,Facebook,7,45,1
384,3,76,442,Desktop,Facebook,14,43,0
2696,12,34,419,Desktop,Instagram,12,41,1
1970,30,78,142,Tablet,Email,0,41,0
1058,9,44,399,Mobile,GoogleAds,10,35,1
1367,37,21,390,Tablet,Email,19,17,1
3436,1,67,272,Mobile,GoogleAds,14,5,1
125,4,16,343,Desktop,Facebook,3,3,0
2105,15,4,124,Desktop,GoogleAds,5,4,1
1811,27,84,223,Tablet,Instagram,11,13,1
2156,8,56,490,Mobile,Organic,0,40,0
1492,23,87,174,Mobile,GoogleAds,9,46,1
1556,15,94,191,Mobile,Instagram,17,32,1
1630,27,39,140,Tablet,Facebook,0,20,0
2462,31,29,297,Mobile,Facebook,6,12,1
3295,39,41,119,Desktop,Organic,1,1,0
694,8,6,275,Mobile,Email,7,14,1
2960,30,70,76,Mobile,Email,0,46,0
2560,18,90,109,Tablet,GoogleAds,18,15,1
1481,4,87,119,Tablet,Facebook,5,34,1
2951,22,18,461,Tablet,Instagram,10,44,1
1609,3,40,369,Tablet,Organic,18,19,1
2315,15,33,258,Tablet,Email,9,0,1
2901,35,21,20,Mobile,GoogleAds,15,45,1
2178,38,51,119,Mobile,GoogleAds,15,2,1
819,33,90,351,Tablet,Facebook,9,16,1
987,14,5,137,Tablet,Instagram,17,16,1
2111,1,73,277,Mobile,Instagram,17,40,1
3076,26,94,255,Tablet,Email,2,19,0
1364,8,24,264,Desktop,GoogleAds,11,19,1
793,16,65,167,Mobile,Facebook,9,3,1
250,38,9,165,Desktop,Instagram,15,10,0
1788,10,73,29,Mobile,GoogleAds,8,14,1
1563,37,25,467,Mobile,Instagram,17,44,1
492,26,4,35,Mobile,Organic,12,26,0
1022,28,85,237,Mobile,Instagram,13,23,1
196,12,67,294,Mobile,Instagram,18,19,0
1891,20,97,90,Mobile,GoogleAds,13,43,1
2713,14,70,203,Mobile,Instagram,1,14,0
2319,35,49,228,Tablet,Instagram,10,5,1
962,29,16,419,Tablet,Organic,7,17,1
1397,12,10,68,Tablet,Instagram,2,21,0
500,18,52,131,Desktop,Instagram,14,48,0
440,2,49,365,Mobile,GoogleAds,12,20,0
248,2,7,111,Tablet,Facebook,7,23,0
2361,17,91,12,Tablet,Organic,12,16,1
2355,10,96,288,Tablet,Instagram,15,10,1
85,18,61,175,Mobile,Facebook,0,17,0
1366,22,88,319,Mobile,GoogleAds,1,34,0
1933,19,84,154,Desktop,Organic,12,30,1
3056,1,75,43,Desktop,GoogleAds,13,27,1
1791,24,89,363,Mobile,Facebook,1,23,0
2699,36,28,205,Desktop,Organic,15,35,1
3555,25,98,172,Tablet,Instagram,13,44,1
836,36,43,294,Desktop,Facebook,6,23,1
2340,31,44,285,Tablet,GoogleAds,13,32,1
600,31,28,311,Desktop,Organic,17,29,0
2129,2,87,52,Tablet,Facebook,16,36,1
3344,19,58,115,Desktop,Facebook,4,12,1
2760,12,14,19,Desktop,GoogleAds,10,15,1
1912,10,69,35,Mobile,GoogleAds,17,47,1
1920,31,95,48,Mobile,Instagram,15,42,1
584,22,43,233,Tablet,Instagram,9,8,0
3057,23,97,219,Mobile,Facebook,5,49,1
901,23,35,110,Tablet,GoogleAds,13,46,1
2069,15,83,254,Mobile,Facebook,1,12,0
150,26,56,188,Mobile,Email,8,6,0
1799,3,63,31,Tablet,GoogleAds,12,34,1
26,23,75,259,Desktop,Email,19,43,0
1096,20,98,163,Tablet,Email,11,25,1
262,39,37,344,Tablet,GoogleAds,1,49,0
474,8,16,308,Tablet,Instagram,2,8,0
385,18,26,71,Mobile,Facebook,12,34,0
1837,6,16,307,Mobile,Organic,0,23,0
3038,27,62,56,Mobile,Organic,19,32,1
529,36,10,99,Tablet,GoogleAds,3,20,0
1870,15,63,21,Desktop,Instagram,17,21,1
99,37,38,385,Desktop,Instagram,12,38,0
729,5,1,108,Tablet,Instagram,5,18,1
2861,39,65,53,Tablet,Organic,5,43,1
2853,9,53,6,Desktop,Email,14,45,1
639,7,28,231,Mobile,Organic,17,44,1
1894,20,44,482,Tablet,Instagram,16,31,1
3256,10,87,82,Desktop,Organic,13,4,1
85,26,87,446,Desktop,Organic,3,11,0
935,4,79,217,Desktop,Facebook,0,39,0
2457,38,30,335,Mobile,GoogleAds,7,5,1
1815,24,48,47,Desktop,Email,10,17,1
979,14,8,352,Desktop,Facebook,12,6,1
1104,1,26,362,Desktop,GoogleAds,16,18,1
2038,17,55,241,Tablet,Instagram,13,14,1
3261,24,77,178,Tablet,Facebook,16,41,1
3205,27,44,82,Tablet,GoogleAds,19,8,1
1414,7,88,287,Desktop,Facebook,0,19,0
3374,9,42,192,Desktop,Organic,7,47,1
2854,35,21,413,Mobile,Organic,18,19,1
204,12,98,143,Desktop,Facebook,10,3,0
237,21,32,314,Mobile,Facebook,9,9,0
3512,3,26,279,Desktop,Email,0,41,0
1469,15,39,422,Mobile,Instagram,4,39,1
470,21,25,41,Tablet,Organic,15,0,0
627,10,82,459,Desktop,Facebook,19,34,1
3102,33,44,271,Mobile,GoogleAds,19,23,1
73,6,44,87,Tablet,Instagram,4,43,0
2222,2,25,3,Tablet,GoogleAds,15,6,1
2084,29,69,211,Desktop,Instagram,2,21,0
3392,33,66,1,Mobile,GoogleAds,1,22,0
3069,4,5,472,Mobile,Organic,16,0,1
294,4,27,497,Mobile,Facebook,0,23,0
1693,29,66,75,Tablet,Facebook,15,19,1
2338,37,12,478,Mobile,Email,1,31,0
847,20,62,498,Tablet,Facebook,19,30,1
840,23,12,395,Mobile,Organic,6,32,1
1197,18,76,444,Tablet,Instagram,10,35,1
2975,25,0,231,Desktop,Instagram,5,17,1
233,1,39,449,Tablet,Facebook,1,36,0
793,15,36,76,Mobile,GoogleAds,13,32,1
3227,34,30,260,Tablet,Facebook,3,32,0
3022,20,16,25,Mobile,Instagram,18,4,1
959,37,8,200,Desktop,Email,1,17,0
3111,27,63,463,Tablet,Instagram,1,8,0
54,22,56,427,Desktop,GoogleAds,12,41,0
1820,5,12,94,Tablet,GoogleAds,12,30,1
480,34,36,424,Tablet,Email,2,6,0
2091,39,13,352,Desktop,GoogleAds,5,14,1
2710,3,74,108,Desktop,Facebook,16,45,1
3508,17,24,355,Tablet,Facebook,0,3,0
839,24,94,469,Tablet,Instagram,6,45,1
1919,24,77,95,Tablet,Organic,6,38,1
2278,3,56,356,Desktop,Facebook,12,7,1
1901,7,70,91,Mobile,Facebook,8,23,1
2591,25,87,44,Desktop,Email,17,7,1
701,3,99,456,Tablet,Facebook,0,4,0
1400,15,41,443,Tablet,Instagram,10,22,1
941,29,41,384,Desktop,Email,10,42,1
850,29,46,23,Tablet,Facebook,9,33,1
3068,10,43,190,Tablet,Instagram,16,14,1
1948,32,40,23,Tablet,Email,16,49,1
1583,23,2,234,Tablet,Organic,11,46,1
2639,39,89,186,Tablet,Instagram,9,18,1
3197,9,89,311,Mobile,Facebook,11,24,1
2296,37,0,417,Desktop,Email,5,38,1
3416,14,78,333,Desktop,Organic,5,3,1
2498,4,10,63,Desktop,Instagram,5,45,1
157,20,6,103,Mobile,Organic,19,7,0
1042,28,11,316,Mobile,Instagram,7,28,1
1321,14,37,483,Desktop,Facebook,4,41,1
397,34,53,189,Desktop,Instagram,5,12,0
3131,13,66,336,Desktop,Facebook,1,37,0
1883,31,52,460,Tablet,Instagram,16,35,1
3598,33,89,189,Mobile,Email,7,36,1
925,39,93,351,Mobile,Instagram,8,41,1
1888,28,31,69,Tablet,Instagram,7,44,1
2695,25,99,114,Mobile,GoogleAds,10,42,1
287,32,44,104,Desktop,GoogleAds,9,30,0
1987,9,50,108,Mobile,Instagram,16,18,1
1869,28,36,345,Tablet,GoogleAds,19,36,1
3046,31,58,21,Desktop,Facebook,12,24,1
3381,17,53,387,Mobile,GoogleAds,8,36,1
1835,23,17,432,Desktop,Instagram,14,0,1
2646,13,0,266,Mobile,Organic,12,20,1
1843,10,20,343,Desktop,Organic,12,40,1
2706,16,27,209,Tablet,Instagram,12,38,1
627,6,15,170,Tablet,Instagram,3,40,0
1640,11,47,483,Mobile,Organic,9,25,1
2192,3,27,473,Mobile,Email,14,41,1
589,28,21,194,Desktop,GoogleAds,9,2,0
1180,15,82,347,Tablet,Email,7,49,1
499,13,0,430,Desktop,Facebook,9,40,0
2535,17,94,393,Tablet,Organic,16,4,1
1192,7,41,123,Desktop,Organic,4,42,1
393,28,97,177,Desktop,Email,12,28,0
172,38,69,4,Desktop,Facebook,18,32,0
2498,13,91,188,Mobile,Email,11,1,1
1886,17,2,346,Tablet,Facebook,11,17,1
1222,15,94,352,Mobile,Instagram,1,13,0
2472,36,79,29,Mobile,Instagram,8,39,1
1372,28,80,86,Desktop,Organic,1,29,0
1640,15,43,47,Tablet,Instagram,0,28,0
1214,11,26,77,Mobile,Email,13,28,1
297,31,50,343,Desktop,Facebook,12,18,0
1867,4,23,191,Tablet,Organic,2,45,0
196,35,19,31,Tablet,Instagram,19,25,0
1917,34,31,307,Mobile,Organic,4,45,1
1171,27,98,169,Desktop,Organic,1,39,0
139,10,12,36,Mobile,Facebook,17,8,0
2251,30,42,245,Tablet,Email,8,45,1
2373,20,19,424,Mobile,Email,11,43,1
1897,29,1,351,Desktop,GoogleAds,4,12,1
153,29,67,188,Tablet,Email,17,37,0
25,23,90,15,Desktop,Instagram,1,30,0
3383,21,59,334,Desktop,GoogleAds,9,13,1
2480,10,88,483,Tablet,GoogleAds,9,30,1
254,12,3,216,Desktop,GoogleAds,2,14,0
936,30,95,158,Desktop,GoogleAds,13,33,1
3188,33,16,414,Desktop,Email,4,49,1
3169,18,0,155,Tablet,GoogleAds,12,9,1
2186,14,32,241,Desktop,Instagram,16,20,1
916,22,29,296,Mobile,Instagram,5,38,1
896,21,4,462,Mobile,Organic,12,24,1
350,1,11,45,Desktop,Instagram,11,36,0
2061,15,31,495,Mobile,Organic,2,39,0
3408,36,37,459,Mobile,Instagram,15,19,1
1443,22,16,175,Tablet,GoogleAds,4,44,1
315,32,57,492,Desktop,Facebook,1,6,0
917,33,39,346,Tablet,GoogleAds,10,17,1
2664,39,95,56,Desktop,Email,3,40,0
3306,23,23,54,Mobile,Organic,0,43,0
1381,2,11,341,Tablet,Facebook,12,25,1
3049,2,94,265,Tablet,Instagram,17,16,1
330,38,18,374,Mobile,GoogleAds,15,41,0
568,29,28,239,Mobile,Organic,1,6,0
1214,3,84,321,Desktop,Organic,8,27,1
2675,39,89,108,Desktop,Instagram,11,20,1
2768,7,51,198,Mobile,Organic,4,36,1
1419,36,91,385,Mobile,Instagram,4,22,1
1651,29,16,214,Tablet,Instagram,12,46,1
1141,37,72,499,Tablet,GoogleAds,15,47,1
2588,36,20,246,Desktop,Organic,18,47,1
2467,23,59,397,Tablet,Email,8,9,1
3377,16,97,38,Mobile,Email,15,45,1
827,31,74,497,Mobile,GoogleAds,18,16,1
1204,34,19,173,Mobile,GoogleAds,3,37,0
3412,1,52,105,Mobile,Instagram,14,0,1
2550,18,79,40,Desktop,Email,8,10,1
3276,15,62,479,Mobile,Organic,15,32,1
21,17,56,399,Mobile,Email,5,30,0
204,10,28,434,Mobile,GoogleAds,7,43,0
2547,20,0,130,Mobile,GoogleAds,0,23,0
2852,6,81,181,Desktop,Instagram,13,19,1
2938,8,58,479,Desktop,Organic,3,46,0
2239,34,63,410,Tablet,GoogleAds,9,4,1
3019,32,85,194,Desktop,Organic,15,41,1
665,4,71,331,Desktop,Email,3,25,0
1931,39,70,289,Desktop,Instagram,1,48,0
3397,20,88,466,Tablet,Email,1,41,0
2751,24,93,341,Mobile,GoogleAds,12,6,1
2087,24,97,59,Tablet,GoogleAds,10,26,1
1629,26,43,351,Mobile,Organic,9,17,1
1129,25,47,26,Desktop,GoogleAds,5,37,1
3462,36,74,478,Mobile,Organic,6,30,1
787,7,14,103,Tablet,Facebook,14,8,1
453,10,34,21,Mobile,GoogleAds,19,1,0
307,12,22,433,Mobile,Email,18,43,0
817,1,52,80,Desktop,Email,2,36,0
1770,25,44,327,Mobile,Organic,13,46,1
854,16,84,470,Mobile,Facebook,1,44,0
1025,5,91,199,Desktop,GoogleAds,15,28,1
1394,19,12,322,Tablet,Instagram,16,33,1
1407,4,33,37,Desktop,Instagram,14,14,1
563,6,37,14,Mobile,Email,12,45,0
2360,26,69,456,Desktop,GoogleAds,11,8,1
430,39,67,221,Desktop,Instagram,6,15,0
1279,39,4,364,Mobile,Organic,19,1,1
1270,9,39,391,Tablet,GoogleAds,19,0,1
194,14,69,166,Desktop,Email,2,8,0
477,9,20,173,Tablet,Facebook,8,19,0
2811,15,27,150,Desktop,Organic,2,45,0
2420,37,2,172,Mobile,Organic,15,1,1
1316,20,22,81,Mobile,GoogleAds,19,0,1
1586,8,71,336,Desktop,Facebook,2,9,0
345,32,18,225,Desktop,Organic,7,22,0
2219,21,74,359,Desktop,Facebook,7,18,1
3241,19,49,35,Mobile,Email,14,17,1
1507,29,73,358,Desktop,Organic,4,23,1
3403,31,57,188,Mobile,Instagram,12,21,1
2069,6,91,224,Desktop,Email,14,19,1
1457,4,19,131,Mobile,Email,6,10,1
3154,29,91,374,Desktop,Organic,11,8,1
597,3,92,451,Tablet,Instagram,2,14,0
1891,1,71,456,Tablet,Facebook,7,15,1
210,15,82,494,Mobile,Instagram,9,12,0
531,21,52,351,Desktop,Email,1,5,0
1897,31,84,311,Tablet,Organic,7,24,1
2562,7,81,9,Desktop,Instagram,17,46,1
1721,17,8,69,Desktop,Instagram,11,14,1
797,19,3,28,Desktop,Email,17,17,1
3120,39,40,399,Tablet,Facebook,18,42,1
69,3,24,369,Mobile,Instagram,4,32,0
587,30,33,475,Tablet,Instagram,15,13,0
330,35,72,234,Mobile,GoogleAds,16,33,0
1468,29,8,31,Tablet,Email,8,1,1
3489,14,81,315,Desktop,GoogleAds,9,19,1
2047,35,74,232,Desktop,Email,18,41,1
932,28,12,338,Desktop,Email,11,15,1
1419,30,8,486,Tablet,GoogleAds,0,2,0
1704,26,79,497,Tablet,Facebook,16,45,1
578,7,3,54,Mobile,Facebook,2,29,0
1111,39,33,452,Tablet,Email,6,22,1
3275,31,6,469,Mobile,GoogleAds,19,38,1
3366,5,14,175,Tablet,Instagram,8,22,1
536,35,37,298,Desktop,Email,4,2,0
2581,14,74,279,Tablet,Email,8,12,1
2670,36,95,365,Desktop,Organic,18,45,1
3237,27,90,86,Tablet,Facebook,10,39,1
3421,24,93,65,Mobile,GoogleAds,13,28,1
2182,29,51,89,Tablet,Instagram,13,22,1
880,22,80,54,Desktop,Instagram,7,39,1
289,8,99,118,Tablet,Email,19,16,0
2974,15,82,361,Mobile,Instagram,0,20,0
2679,5,6,476,Mobile,Instagram,3,28,0
2903,4,44,229,Mobile,Email,15,36,1
1902,11,58,267,Mobile,Facebook,0,4,0
1761,18,20,319,Tablet,Organic,18,20,1
683,30,27,22,Mobile,Facebook,2,1,0
1161,15,2,438,Tablet,Facebook,1,22,0
2371,6,13,247,Tablet,Organic,16,10,1
341,16,1,473,Tablet,Email,10,14,0
1183,9,28,373,Mobile,Facebook,2,22,0
2049,34,17,469,Mobile,GoogleAds,6,6,1
1487,27,36,420,Tablet,GoogleAds,9,42,1
45,13,44,314,Tablet,Organic,2,33,0
1718,36,44,20,Tablet,GoogleAds,7,37,1
1453,27,23,400,Desktop,Email,4,40,1
3103,9,45,476,Desktop,Instagram,9,48,1
2263,5,11,184,Mobile,Email,11,43,1
2696,22,52,349,Desktop,Organic,17,5,1
2905,31,44,50,Tablet,Instagram,5,15,1
1389,3,31,90,Tablet,GoogleAds,7,1,1
449,30,17,104,Mobile,Facebook,17,31,0
2786,21,12,194,Mobile,GoogleAds,5,42,1
1129,35,3,383,Desktop,Email,8,46,1
2998,6,22,369,Tablet,Email,15,37,1
173,28,61,74,Mobile,Organic,10,27,0
157,32,53,269,Mobile,Facebook,1,40,0
2351,37,73,15,Desktop,Facebook,16,8,1
204,25,54,329,Mobile,Instagram,12,24,0
672,32,68,283,Desktop,Instagram,6,49,1
489,35,39,392,Tablet,Email,9,25,0
132,22,13,198,Desktop,Organic,12,44,0
1433,24,97,484,Mobile,Email,9,25,1
2756,39,27,434,Desktop,Facebook,3,4,0
974,30,71,344,Desktop,Facebook,10,16,1
3533,32,79,195,Tablet,Email,8,25,1
2718,31,94,410,Desktop,Facebook,15,25,1
3185,23,70,36,Mobile,Instagram,16,42,1
1788,33,66,405,Mobile,Facebook,4,8,1
1495,25,28,205,Tablet,Instagram,4,22,1
2024,36,99,308,Tablet,GoogleAds,5,23,1
719,24,60,139,Tablet,Organic,1,40,0
2453,31,67,264,Mobile,Organic,13,8,1
921,39,8,57,Desktop,Facebook,10,9,1
1370,13,16,110,Mobile,Organic,18,5,1
3062,10,48,174,Mobile,GoogleAds,10,3,1
3223,23,62,496,Tablet,Facebook,19,0,1
2374,18,83,206,Tablet,Instagram,5,5,1
1744,32,77,225,Desktop,GoogleAds,12,37,1
1833,33,45,386,Desktop,GoogleAds,18,28,1
1589,36,92,64,Desktop,Organic,2,43,0
3482,28,12,252,Desktop,Instagram,15,2,1
690,16,99,436,Mobile,Email,8,44,1
1343,16,44,449,Desktop,GoogleAds,2,23,0
2552,18,52,267,Mobile,Organic,18,41,1
565,8,16,390,Mobile,GoogleAds,14,8,0
619,16,46,352,Desktop,Instagram,12,16,1
2166,11,61,463,Desktop,Instagram,16,42,1
381,6,49,332,Mobile,Facebook,7,37,0
2912,1,42,320,Tablet,Email,13,41,1
625,12,67,357,Desktop,Email,8,49,1
2825,38,83,93,Tablet,Organic,2,13,0
1924,28,74,183,Mobile,Email,8,35,1
2263,17,85,300,Tablet,Instagram,11,44,1
856,1,71,214,Mobile,Email,14,32,1
52,32,27,494,Tablet,Organic,16,19,0
874,8,44,142,Tablet,GoogleAds,8,33,1
1278,24,40,83,Tablet,Email,7,2,1
3368,10,93,389,Mobile,Email,5,19,1
1388,39,96,99,Mobile,Instagram,8,2,1
794,39,96,281,Mobile,Instagram,14,5,1
485,10,35,434,Desktop,GoogleAds,17,28,0
92,36,90,102,Mobile,Facebook,10,38,0
1143,25,83,329,Desktop,Email,13,42,1
2247,10,32,378,Mobile,Instagram,12,30,1
809,19,24,71,Desktop,Facebook,12,38,1
945,15,18,373,Tablet,Email,12,48,1
2308,16,46,338,Tablet,Email,15,20,1
2348,2,84,386,Mobile,Facebook,11,43,1
1678,29,32,372,Desktop,Instagram,17,0,1
3282,4,66,266,Tablet,GoogleAds,11,32,1
335,29,13,492,Tablet,Email,4,49,0
1544,31,78,130,Desktop,Organic,16,9,1
3490,17,32,60,Mobile,Organic,0,25,0
1995,10,41,301,Tablet,Organic,12,2,1
1974,27,85,392,Mobile,GoogleAds,9,13,1
846,15,64,442,Mobile,Email,2,7,0
517,31,94,119,Desktop,Instagram,5,47,0
2788,21,46,263,Desktop,Instagram,15,49,1
2129,26,34,483,Tablet,GoogleAds,0,31,0
1280,38,83,471,Desktop,Email,18,40,1
650,36,31,328,Tablet,Facebook,7,35,1
2997,17,54,21,Tablet,Facebook,8,26,1
1888,3,53,97,Tablet,Email,19,32,1
617,14,75,303,Mobile,Email,6,20,1
1968,13,50,1,Mobile,Instagram,10,25,1
575,27,79,396,Desktop,GoogleAds,7,13,0
1377,1,58,203,Desktop,GoogleAds,10,42,1
2111,17,71,432,Tablet,Instagram,13,35,1
1763,34,13,128,Tablet,Organic,13,27,1
2585,14,17,350,Mobile,Facebook,3,27,0
2668,17,54,132,Mobile,Email,19,20,1
1591,3,93,34,Tablet,Facebook,8,47,1
1996,34,96,87,Tablet,Facebook,7,40,1
2250,25,97,32,Desktop,GoogleAds,14,28,1
2115,2,55,259,Tablet,Instagram,19,45,1
3518,34,48,476,Tablet,Organic,5,37,1
3192,26,97,324,Tablet,Organic,15,33,1
138,31,59,313,Mobile,Instagram,15,0,0
1882,9,52,370,Mobile,Facebook,13,19,1
715,30,70,460,Desktop,Instagram,14,25,1
861,20,5,408,Desktop,Instagram,11,26,1
3407,21,69,33,Desktop,Email,17,22,1
17,29,85,387,Tablet,Email,10,6,0
2086,25,7,388,Tablet,Facebook,6,21,1
1145,38,14,286,Mobile,GoogleAds,5,46,1
3004,25,25,326,Tablet,Organic,2,36,0
2188,9,38,49,Tablet,Email,8,34,1
2245,39,2,286,Mobile,Facebook,14,46,1
1708,26,56,456,Desktop,Instagram,1,3,0
2766,37,9,82,Tablet,Email,3,28,0
1508,16,2,144,Mobile,Instagram,1,36,0
3445,37,93,437,Mobile,Instagram,5,35,1
3285,12,45,390,Desktop,Email,11,2,1
2269,24,21,280,Mobile,Facebook,6,1,1
1654,26,66,371,Desktop,Organic,8,4,1
285,20,64,92,Desktop,Facebook,5,17,0
3154,9,96,224,Desktop,GoogleAds,4,33,1
1712,23,18,217,Desktop,GoogleAds,3,14,0
1805,39,99,156,Desktop,Organic,9,49,1
252,29,61,277,Mobile,GoogleAds,19,49,0
3183,31,97,8,Tablet,Instagram,3,39,0
3044,19,56,36,Desktop,GoogleAds,4,43,1
2742,20,94,124,Desktop,Email,16,40,1
180,23,87,9,Tablet,Instagram,17,0,0
662,27,75,40,Tablet,Facebook,2,21,0
1942,30,12,469,Desktop,Organic,12,24,1
2245,21,15,179,Tablet,Email,0,16,0
3522,35,15,129,Desktop,Email,18,32,1
1119,7,51,447,Mobile,Organic,1,16,0
1509,22,83,373,Tablet,GoogleAds,3,37,0
2109,10,40,68,Tablet,Organic,15,4,1
2168,23,47,458,Mobile,Organic,15,36,1
1982,15,90,154,Tablet,GoogleAds,16,42,1
2934,30,38,424,Mobile,Facebook,11,42,1
1076,34,12,3,Desktop,Organic,1,10,0
2268,13,3,364,Tablet,GoogleAds,9,11,1
2045,4,95,378,Tablet,Email,5,43,1
3281,18,97,265,Mobile,Organic,11,33,1
867,23,42,416,Desktop,Organic,11,34,1
2684,33,80,451,Desktop,Facebook,16,38,1
1059,34,87,4,Mobile,Facebook,17,45,1
308,34,92,262,Tablet,Email,3,15,0
3158,36,45,329,Tablet,Facebook,2,23,0
933,35,91,282,Mobile,Email,16,30,1
146,17,46,386,Mobile,Organic,8,13,0
1053,28,85,450,Mobile,GoogleAds,11,48,1
2497,14,91,370,Tablet,Facebook,6,46,1
220,34,52,85,Mobile,Email,15,31,0
2809,11,24,342,Desktop,Facebook,7,42,1
1584,13,40,387,Mobile,Facebook,2,12,0
2492,33,2,35,Desktop,Instagram,12,37,1
789,2,76,114,Desktop,Organic,19,16,1
1240,34,94,59,Mobile,Facebook,8,43,1
2496,29,12,38,Desktop,GoogleAds,8,35,1
1812,37,17,33,Tablet,Instagram,3,41,0
2723,4,36,377,Mobile,Email,13,17,1
1075,12,42,399,Tablet,Email,17,18,1
420,26,33,203,Tablet,GoogleAds,0,6,0
2863,28,80,202,Desktop,GoogleAds,18,29,1
2667,3,54,100,Tablet,Organic,1,11,0
436,20,51,398,Tablet,GoogleAds,4,10,0
3356,10,84,450,Mobile,Email,13,28,1
1481,18,35,301,Mobile,Organic,8,2,1
2959,27,53,304,Tablet,GoogleAds,19,33,1
951,31,58,428,Desktop,GoogleAds,19,33,1
1917,27,51,118,Desktop,Email,14,30,1
751,1,18,421,Mobile,Organic,19,21,1
1402,6,11,243,Mobile,Instagram,0,1,0
1253,11,91,29,Mobile,Instagram,18,26,1
1610,34,10,227,Desktop,Organic,3,46,0
1265,39,47,340,Mobile,GoogleAds,13,35,1
337,20,91,213,Tablet,GoogleAds,0,31,0
1476,21,98,418,Desktop,Organic,4,34,1
2109,21,78,187,Tablet,Instagram,9,16,1
1976,18,15,113,Mobile,Facebook,8,33,1
385,21,70,373,Desktop,Email,16,25,0
272,19,46,299,Mobile,Organic,13,9,0
276,4,66,161,Desktop,Facebook,6,38,0
2416,13,30,19,Mobile,Email,17,8,1
3398,18,75,264,Desktop,Facebook,9,24,1
3405,29,7,159,Desktop,Facebook,3,19,0
1954,25,88,11,Desktop,Email,13,14,1
1903,13,60,8,Tablet,Facebook,2,39,0
1911,27,43,153,Mobile,Instagram,10,48,1
2709,19,49,113,Mobile,Organic,9,26,1
1662,1,34,148,Desktop,Instagram,7,10,1
1454,38,75,38,Tablet,Instagram,8,15,1
55,19,60,135,Desktop,Email,5,29,0
609,1,84,373,Mobile,Email,13,21,1
729,17,89,461,Mobile,Email,8,23,1
1922,21,54,423,Desktop,Facebook,13,49,1
1302,22,65,235,Desktop,Facebook,7,23,1
610,15,13,255,Desktop,Organic,5,35,1
390,39,3,74,Mobile,Facebook,5,17,0
127,39,16,328,Desktop,Organic,1,19,0
2173,32,68,362,Desktop,Instagram,4,7,1
269,4,23,374,Mobile,Organic,2,14,0
1108,32,48,491,Desktop,Organic,10,12,1
1513,4,54,276,Tablet,Email,6,35,1
2362,1,70,209,Mobile,Facebook,8,13,1
2064,33,22,267,Desktop,GoogleAds,12,46,1
375,7,80,144,Desktop,GoogleAds,15,46,0
1667,9,11,485,Mobile,Email,11,23,1
2580,1,10,42,Mobile,Instagram,7,36,1
3429,16,74,224,Tablet,Instagram,13,23,1
1471,18,97,346,Desktop,Instagram,13,46,1
2034,6,28,52,Desktop,Organic,4,17,1
3296,2,61,421,Desktop,Facebook,9,31,1
2486,9,52,308,Mobile,Instagram,13,34,1
800,4,47,137,Mobile,GoogleAds,16,19,1
3579,23,99,419,Mobile,Organic,3,41,0
756,8,90,195,Desktop,Instagram,14,31,1
2424,39,85,95,Desktop,Instagram,10,36,1
322,25,65,490,Mobile,Facebook,8,36,0
547,16,99,391,Tablet,Facebook,14,46,0
930,35,47,258,Desktop,Organic,19,32,1
1087,17,93,25,Tablet,GoogleAds,1,0,0
1500,18,58,232,Mobile,Email,0,47,0
2922,27,70,332,Desktop,GoogleAds,19,27,1
3245,15,56,94,Tablet,Facebook,16,26,1
2839,17,75,350,Desktop,Facebook,3,16,0
2391,5,2,221,Tablet,Email,4,45,1
807,16,80,297,Desktop,GoogleAds,4,14,1
357,15,31,203,Tablet,GoogleAds,13,13,0
282,34,7,499,Tablet,Email,0,30,0
3020,19,86,436,Mobile,Facebook,1,33,0
729,8,29,343,Mobile,Organic,9,2,1
1783,10,14,81,Tablet,GoogleAds,4,11,1
3495,5,73,205,Desktop,Instagram,8,25,1
2557,26,54,481,Tablet,GoogleAds,12,23,1
3174,22,37,449,Desktop,GoogleAds,12,33,1
694,23,14,380,Desktop,GoogleAds,8,7,1
2136,13,29,488,Desktop,Facebook,13,11,1
631,9,45,77,Desktop,Instagram,16,8,1
2049,20,63,38,Mobile,GoogleAds,2,25,0
3298,28,25,195,Tablet,Organic,17,45,1
956,37,77,464,Desktop,Instagram,11,37,1
2415,24,66,42,Mobile,Email,8,48,1
2675,33,35,455,Desktop,Organic,15,42,1
516,20,89,182,Desktop,Email,12,18,0
1592,30,77,245,Mobile,GoogleAds,17,20,1
3262,9,30,195,Mobile,Facebook,11,12,1
2633,17,77,78,Desktop,GoogleAds,1,34,0
3327,36,39,320,Tablet,GoogleAds,18,2,1
253,14,73,464,Mobile,Email,0,24,0
515,19,72,388,Tablet,GoogleAds,5,31,0
431,7,45,415,Desktop,Organic,17,20,0
3401,3,41,125,Desktop,Facebook,2,13,0
3168,33,17,141,Desktop,Email,5,30,1
2274,32,99,27,Desktop,Instagram,3,7,0
3571,11,35,315,Desktop,GoogleAds,16,6,1
3359,2,75,321,Desktop,Email,17,35,1
1882,26,49,448,Tablet,GoogleAds,6,34,1
3066,4,60,281,Mobile,GoogleAds,1,18,0
1202,17,39,293,Desktop,Email,14,1,1
339,17,2,242,Mobile,Organic,16,4,0
659,28,81,236,Tablet,Instagram,5,43,1
1474,30,6,203,Desktop,GoogleAds,7,1,1
400,23,30,457,Desktop,Organic,7,17,0
1529,24,64,380,Mobile,GoogleAds,6,14,1
390,29,94,327,Mobile,GoogleAds,3,15,0
3387,4,63,142,Mobile,Organic,19,11,1
751,38,76,94,Desktop,GoogleAds,4,43,1
2020,29,92,152,Mobile,Instagram,7,35,1
829,19,2,253,Mobile,Email,13,21,1
682,27,92,67,Tablet,Organic,19,27,1
2570,29,34,176,Desktop,Facebook,2,39,0
1781,36,14,103,Desktop,GoogleAds,17,42,1
3006,35,20,91,Desktop,Email,14,21,1
1221,6,61,193,Mobile,Instagram,4,3,1
939,23,82,166,Tablet,Instagram,14,11,1
1549,39,27,90,Mobile,Facebook,5,20,1
922,8,3,326,Desktop,Instagram,9,26,1
653,2,12,315,Mobile,Email,19,22,1
436,13,78,490,Desktop,Facebook,14,41,0
511,21,50,268,Mobile,Organic,19,26,0
739,31,47,438,Mobile,Facebook,8,40,1
1293,36,38,51,Desktop,Organic,3,15,0
3594,38,95,166,Mobile,Instagram,7,31,1
2128,27,66,174,Desktop,Email,12,35,1
2535,36,93,227,Mobile,GoogleAds,16,16,1
3259,23,57,266,Mobile,Facebook,3,17,0
466,21,83,9,Mobile,Instagram,1,26,0
2246,13,1,87,Desktop,Email,4,6,1
300,37,24,94,Mobile,GoogleAds,1,40,0
929,26,10,52,Mobile,Facebook,15,37,1
2349,7,0,179,Tablet,Email,14,19,1
1979,39,47,278,Tablet,Instagram,3,34,0
765,22,47,239,Desktop,Facebook,14,46,1
1668,39,9,73,Desktop,Facebook,4,32,1
1844,23,80,339,Desktop,Organic,2,25,0
1316,30,29,72,Desktop,Organic,13,23,1
1577,18,34,374,Mobile,Facebook,6,23,1
1879,18,18,68,Mobile,Email,14,30,1
386,10,52,5,Desktop,Instagram,4,26,0
1189,39,33,339,Desktop,GoogleAds,8,48,1
517,30,31,238,Tablet,Organic,12,8,0
1446,26,75,466,Desktop,Instagram,6,1,1
2585,7,80,121,Tablet,Facebook,3,5,0
3436,7,5,413,Desktop,Instagram,6,30,1
568,5,12,211,Desktop,Instagram,0,24,0
3268,1,85,262,Mobile,Instagram,14,15,1
3112,18,74,325,Desktop,Facebook,14,44,1
2317,13,63,58,Tablet,Organic,17,5,1
430,25,6,43,Mobile,GoogleAds,14,22,0
1562,8,44,197,Tablet,Email,2,46,0
313,10,44,72,Desktop,Organic,4,4,0
951,32,84,91,Mobile,GoogleAds,4,16,1
3120,17,64,37,Tablet,Facebook,15,8,1
3570,38,93,491,Desktop,GoogleAds,9,25,1
2599,15,18,314,Tablet,Facebook,12,12,1
1311,15,46,237,Desktop,GoogleAds,14,6,1
3284,20,45,486,Tablet,Organic,7,47,1
1099,15,28,383,Desktop,Facebook,19,39,1
2165,35,98,293,Tablet,Instagram,6,17,1
2325,6,83,466,Mobile,Facebook,13,36,1
2279,30,99,154,Desktop,Facebook,5,44,1
1837,8,60,170,Desktop,GoogleAds,7,23,1
1563,31,64,272,Tablet,Facebook,14,31,1
3171,32,22,406,Desktop,GoogleAds,16,6,1
702,15,94,110,Mobile,Organic,4,19,1
264,18,50,151,Tablet,Facebook,11,44,0
1488,13,62,431,Tablet,Instagram,12,33,1
2310,24,98,451,Tablet,Instagram,2,18,0
266,14,21,131,Mobile,Organic,18,45,0
2440,28,70,268,Mobile,Instagram,14,13,1
451,11,32,23,Desktop,GoogleAds,17,31,0
1891,6,99,367,Tablet,Facebook,19,8,1
2656,25,43,139,Mobile,Email,6,35,1
1123,1,6,490,Desktop,Facebook,13,48,1
2447,25,90,308,Mobile,Facebook,19,25,1
591,2,1,239,Mobile,Email,18,19,0
3125,32,16,434,Mobile,Instagram,10,28,1
1745,13,64,441,Desktop,Instagram,6,15,1
2655,33,57,192,Mobile,Facebook,10,30,1
28,32,29,127,Mobile,Instagram,7,23,0
1134,24,85,430,Mobile,GoogleAds,9,29,1
2664,27,91,29,Tablet,GoogleAds,10,7,1
1390,4,96,121,Mobile,Email,0,25,0
1575,24,25,198,Tablet,Facebook,19,14,1
2090,23,34,174,Mobile,GoogleAds,9,49,1
2003,29,62,144,Tablet,Organic,6,9,1
3310,34,74,482,Mobile,Instagram,2,35,0
1557,21,70,179,Tablet,Facebook,18,38,1
871,30,27,357,Tablet,GoogleAds,3,23,0
164,26,24,11,Tablet,Email,5,48,0
3504,20,60,139,Mobile,GoogleAds,0,7,0
914,16,30,447,Desktop,Organic,3,0,0
1279,3,53,437,Tablet,GoogleAds,6,9,1
414,37,66,253,Tablet,Facebook,10,46,0
853,25,96,345,Tablet,Email,5,22,1
1792,23,50,314,Tablet,Email,4,37,1
1574,1,57,19,Tablet,Organic,11,9,1
1194,33,33,160,Desktop,Facebook,1,32,0
756,15,58,306,Mobile,Organic,17,30,1
1735,17,20,122,Desktop,Organic,8,37,1
3198,34,55,72,Mobile,Organic,13,12,1
280,17,36,55,Desktop,GoogleAds,11,34,0
779,4,63,460,Mobile,Instagram,8,43,1
1725,13,18,169,Tablet,GoogleAds,0,46,0
1520,4,84,99,Mobile,Facebook,6,31,1
181,7,77,70,Mobile,Organic,6,21,0
283,9,73,149,Tablet,Organic,9,6,0
2316,23,52,117,Tablet,Instagram,1,5,0
1168,33,70,26,Mobile,Email,3,40,0
1716,33,92,248,Mobile,Organic,7,15,1
1781,20,62,385,Tablet,GoogleAds,13,11,1
431,4,61,209,Desktop,Organic,12,8,0
1454,1,71,227,Tablet,Facebook,15,39,1
1219,34,76,411,Mobile,Instagram,6,4,1
2421,27,18,434,Mobile,Email,9,2,1
2435,21,74,114,Mobile,Facebook,10,35,1
589,24,1,194,Tablet,GoogleAds,10,42,0
900,15,5,484,Tablet,Facebook,5,9,1
731,35,28,321,Desktop,Organic,11,7,1
3277,25,40,10,Mobile,Instagram,9,8,1
890,9,50,95,Mobile,Organic,8,12,1
1131,17,4,121,Tablet,Instagram,5,18,1
2662,21,40,126,Mobile,GoogleAds,8,22,1
2017,13,61,37,Desktop,Facebook,2,42,0
2079,3,29,69,Tablet,Instagram,6,23,1
1483,4,61,297,Mobile,Facebook,2,2,0
3253,4,99,174,Tablet,Instagram,19,32,1
392,28,26,461,Tablet,Organic,7,22,0
2191,7,49,45,Desktop,Instagram,7,13,1
1459,26,81,123,Tablet,Instagram,12,18,1
3106,11,51,382,Mobile,Email,1,32,0
2560,24,48,472,Desktop,GoogleAds,13,22,1
3266,10,61,27,Tablet,Organic,4,26,1
3166,37,99,193,Mobile,Organic,12,11,1
1600,13,59,497,Tablet,Facebook,12,45,1
1796,39,79,340,Tablet,Instagram,18,46,1
153,19,53,136,Desktop,Instagram,2,6,0
1896,19,4,195,Desktop,Instagram,13,35,1
1712,12,8,49,Desktop,Organic,3,45,0
1445,22,33,96,Desktop,Email,9,17,1
233,37,97,492,Mobile,Facebook,5,15,0
229,30,35,121,Tablet,Instagram,5,13,0
188,12,94,249,Desktop,Email,1,20,0
1664,29,19,473,Mobile,GoogleAds,1,42,0
442,21,80,217,Desktop,Organic,18,26,0
274,11,83,114,Tablet,GoogleAds,2,24,0
963,37,91,14,Desktop,Organic,19,37,1
438,18,84,62,Tablet,Facebook,3,14,0
2473,27,82,43,Tablet,GoogleAds,3,9,0
3534,37,62,411,Mobile,Facebook,10,29,1
2784,12,66,240,Desktop,Facebook,2,43,0
2254,23,29,96,Desktop,Facebook,16,8,1
1587,34,68,27,Tablet,GoogleAds,8,27,1
3134,38,69,324,Desktop,GoogleAds,13,48,1
489,23,2,383,Tablet,GoogleAds,1,17,0
3524,25,48,242,Mobile,Instagram,13,10,1
1363,4,41,487,Desktop,Facebook,2,37,0
3332,30,23,459,Tablet,Instagram,1,1,0
899,30,43,240,Desktop,Organic,0,21,0
934,13,0,304,Desktop,GoogleAds,3,22,0
2180,14,53,67,Mobile,Email,9,19,1
1912,8,51,281,Tablet,Organic,14,44,1
1420,24,35,192,Mobile,Facebook,11,28,1
1372,18,78,119,Mobile,Facebook,5,25,1
787,35,37,152,Mobile,Instagram,2,40,0
2405,25,43,265,Tablet,GoogleAds,2,11,0
38,17,81,392,Tablet,GoogleAds,18,47,0
3032,32,86,231,Desktop,Organic,19,28,1
44,24,46,351,Tablet,Organic,3,18,0
3599,7,28,249,Mobile,Organic,18,33,1
1429,13,50,59,Tablet,Email,13,47,1
2680,27,40,17,Desktop,Email,3,26,0
3375,5,85,171,Mobile,Facebook,7,29,1
598,36,63,351,Desktop,Facebook,18,36,0
3430,26,87,452,Tablet,Facebook,18,30,1
3228,31,47,132,Desktop,GoogleAds,0,27,0
3148,10,76,357,Desktop,Facebook,14,24,1
913,26,96,136,Tablet,Instagram,10,48,1
2577,22,21,42,Desktop,Organic,8,5,1
2179,12,98,305,Tablet,GoogleAds,2,6,0
349,32,16,6,Mobile,Email,17,5,0
184,27,85,329,Desktop,Organic,18,34,0
1933,33,4,170,Mobile,Facebook,15,24,1
1724,20,60,456,Tablet,Email,15,20,1
606,39,88,288,Tablet,Email,2,46,0
460,13,5,399,Desktop,Email,17,47,0
566,14,52,338,Desktop,Organic,12,16,0
1169,22,80,215,Tablet,GoogleAds,19,40,1
3097,18,94,69,Tablet,Organic,7,25,1
1366,29,16,370,Mobile,Instagram,6,40,1
3276,16,58,27,Mobile,Facebook,18,16,1
3577,35,96,225,Desktop,GoogleAds,19,6,1
2066,34,38,322,Desktop,GoogleAds,11,24,1
2391,3,53,234,Desktop,Facebook,17,33,1
3414,4,47,486,Desktop,Instagram,14,25,1
1026,5,36,443,Desktop,Email,11,5,1
2384,10,47,412,Desktop,Facebook,5,9,1
2072,29,67,408,Desktop,Email,16,16,1
848,32,77,51,Desktop,Facebook,3,13,0
1647,31,76,149,Mobile,Organic,11,2,1
235,2,26,415,Tablet,Instagram,16,47,0
3506,12,87,75,Tablet,Instagram,4,15,1
1823,27,26,306,Desktop,Facebook,5,4,1
3489,5,71,92,Tablet,Instagram,14,47,1
2170,37,62,368,Desktop,Email,7,22,1
2030,27,51,424,Mobile,Instagram,19,26,1
1461,23,46,68,Desktop,Instagram,15,4,1
2058,33,20,235,Mobile,Instagram,12,36,1
2323,4,56,362,Mobile,GoogleAds,14,37,1
1524,21,74,144,Mobile,Facebook,19,17,1
1241,24,94,76,Desktop,Organic,12,11,1
1655,31,90,86,Mobile,Organic,14,20,1
1745,24,41,227,Desktop,GoogleAds,1,6,0
3009,10,47,363,Mobile,GoogleAds,19,16,1
3450,2,26,447,Mobile,Organic,17,41,1
315,31,71,56,Tablet,Email,6,8,0
2069,25,32,80,Desktop,Organic,8,40,1
3426,4,75,24,Tablet,Organic,6,23,1
3546,11,34,227,Mobile,Facebook,8,10,1
1733,17,97,28,Tablet,Organic,11,24,1
1699,2,15,121,Mobile,Organic,9,45,1
1527,6,35,490,Tablet,Instagram,9,36,1
1401,9,65,93,Tablet,GoogleAds,12,6,1
2994,5,75,341,Desktop,Organic,4,16,1
429,20,90,112,Desktop,Organic,7,40,0
2946,29,55,378,Tablet,Email,9,18,1
2228,21,16,345,Tablet,Organic,5,20,1
143,9,19,487,Desktop,Facebook,10,44,0
2040,28,84,31,Mobile,Email,3,8,0
3022,8,93,143,Mobile,Organic,1,44,0
1460,31,83,367,Mobile,Facebook,5,45,1
3106,20,7,298,Mobile,GoogleAds,12,7,1
1563,27,17,227,Tablet,Organic,11,45,1
3271,8,17,358,Mobile,GoogleAds,13,44,1
1174,21,17,250,Tablet,Organic,7,26,1
1879,28,1,50,Tablet,Email,2,22,0
1829,23,75,214,Mobile,Email,4,9,1
2715,6,95,380,Mobile,Facebook,6,1,1
3396,3,71,389,Mobile,Instagram,17,43,1
3525,5,50,432,Desktop,Facebook,5,47,1
1352,9,9,269,Tablet,Organic,17,6,1
1474,7,74,288,Mobile,GoogleAds,7,1,1
3173,4,13,195,Desktop,GoogleAds,6,15,1
2236,39,25,254,Tablet,Organic,1,5,0
1089,5,46,79,Tablet,Instagram,3,15,0
1188,11,29,475,Tablet,Instagram,8,24,1
1705,15,55,244,Mobile,Instagram,15,44,1
120,34,41,91,Mobile,Organic,18,9,0
2194,13,3,414,Tablet,Email,9,8,1
2289,7,10,6,Tablet,Email,7,31,1
3049,6,23,281,Desktop,Organic,15,31,1
477,39,85,412,Desktop,Email,7,1,0
2789,30,66,446,Tablet,Instagram,19,20,1
2538,22,36,150,Desktop,Email,3,47,0
3149,25,1,324,Tablet,Organic,19,2,1
823,28,11,399,Desktop,Email,12,33,1
1282,20,20,282,Tablet,Email,9,28,1
1003,39,68,191,Mobile,Email,8,41,1
2041,3,70,274,Tablet,Email,11,19,1
332,5,63,73,Mobile,Organic,14,22,0
2979,1,67,447,Tablet,Facebook,0,36,0
913,15,42,318,Mobile,Email,11,7,1
1551,26,53,68,Desktop,Facebook,13,43,1
2009,3,99,304,Mobile,Organic,1,35,0
1825,34,61,434,Desktop,GoogleAds,2,13,0
3513,5,85,63,Tablet,Facebook,5,22,1
3568,31,92,453,Desktop,Organic,18,26,1
2663,13,72,493,Desktop,GoogleAds,12,14,1
2486,1,89,134,Desktop,Email,19,34,1
3350,22,11,442,Tablet,Organic,7,21,1
157,15,0,307,Mobile,Instagram,3,46,0
1151,26,71,268,Desktop,GoogleAds,18,35,1
859,18,32,223,Tablet,Instagram,6,14,1
376,9,63,431,Desktop,Email,6,31,0
2907,1,67,126,Mobile,Email,0,40,0
1099,9,13,265,Desktop,Facebook,18,17,1
2048,23,92,7,Desktop,Email,16,44,1
2870,2,13,413,Desktop,Facebook,7,30,1
3451,14,8,206,Mobile,GoogleAds,14,40,1
184,38,72,179,Mobile,Instagram,19,35,0
1864,18,25,468,Tablet,GoogleAds,18,24,1
597,16,48,496,Desktop,Instagram,6,44,0
504,29,16,183,Desktop,Organic,12,9,0
3030,11,67,480,Desktop,GoogleAds,0,39,0
1147,6,59,443,Desktop,Organic,6,13,1
3192,3,2,440,Mobile,Instagram,4,47,1
1794,14,92,406,Mobile,Facebook,17,25,1
3520,2,24,228,Desktop,GoogleAds,7,18,1
1180,32,20,236,Desktop,GoogleAds,14,29,1
44,31,11,146,Desktop,Facebook,17,38,0
1008,11,53,58,Desktop,Facebook,5,11,1
1342,22,0,296,Tablet,Email,4,30,1
2595,3,0,241,Tablet,Email,10,44,1
2807,31,44,345,Desktop,Instagram,7,46,1
1047,33,45,287,Desktop,GoogleAds,8,46,1
383,24,47,440,Desktop,Facebook,12,17,0
2614,1,6,163,Tablet,Facebook,2,1,0
1461,15,9,26,Mobile,Organic,2,13,0
1761,37,14,452,Tablet,Email,6,19,1
2290,27,39,106,Tablet,Organic,2,38,0
714,38,10,240,Desktop,Facebook,10,19,1
572,27,55,340,Desktop,GoogleAds,13,33,0
2996,12,45,418,Mobile,GoogleAds,9,33,1
2944,3,44,332,Desktop,Organic,19,36,1
2783,30,86,400,Desktop,Email,8,2,1
3521,32,12,379,Mobile,Instagram,11,34,1
3583,23,26,42,Desktop,GoogleAds,7,32,1
3356,2,80,133,Desktop,Instagram,11,18,1
1883,7,49,317,Desktop,Email,8,30,1
2133,34,60,44,Tablet,Organic,17,43,1
448,32,12,35,Desktop,Email,16,21,0
1893,39,11,364,Tablet,Facebook,10,26,1
1989,32,28,347,Desktop,Email,1,37,0
708,14,84,384,Desktop,Organic,18,27,1
1322,3,83,1,Tablet,Organic,13,20,1
2972,32,19,226,Tablet,Email,2,19,0
1573,36,30,299,Desktop,Organic,5,37,1
2948,17,7,288,Mobile,Facebook,3,12,0
701,3,23,236,Desktop,Instagram,11,28,1
2310,10,74,359,Tablet,Email,1,20,0
3207,18,38,447,Desktop,Organic,5,41,1
1210,3,32,33,Desktop,Instagram,4,32,1
3118,39,41,95,Tablet,Facebook,4,31,1
2467,10,14,205,Mobile,Email,7,47,1
1644,9,67,109,Mobile,Organic,4,45,1
1643,11,64,322,Tablet,Instagram,7,27,1
136,33,31,30,Tablet,Facebook,0,49,0
1516,36,10,266,Desktop,GoogleAds,19,13,1
1201,26,93,23,Tablet,Organic,8,41,1
2649,27,36,97,Tablet,Facebook,13,21,1
303,38,18,39,Desktop,Instagram,1,36,0
1376,22,50,173,Desktop,Email,10,33,1
1029,26,99,248,Desktop,Instagram,3,16,0
2367,22,33,379,Mobile,Email,3,32,0
2719,5,70,413,Mobile,Facebook,16,32,1
2585,35,59,414,Tablet,Facebook,15,37,1
2597,2,83,162,Desktop,Instagram,6,25,1
428,35,52,180,Tablet,Instagram,11,38,0
453,9,11,103,Tablet,Email,16,6,0
694,18,61,209,Mobile,Organic,4,24,1
2897,12,95,22,Mobile,Instagram,7,47,1
2293,3,65,5,Tablet,Organic,19,29,1
1472,18,85,139,Desktop,Organic,4,40,1
2271,38,47,214,Mobile,Organic,10,32,1
94,7,39,160,Mobile,Facebook,18,49,0
2851,33,23,408,Mobile,Facebook,18,38,1
1777,6,49,395,Tablet,Organic,3,27,0
94,18,94,139,Mobile,Organic,10,17,0
1954,22,67,145,Desktop,Facebook,18,9,1
3570,39,87,160,Mobile,Email,4,1,1
2122,9,42,83,Tablet,GoogleAds,1,42,0
1679,35,16,155,Tablet,Instagram,18,49,1
672,23,82,288,Tablet,Organic,16,42,1
636,12,54,317,Tablet,Facebook,19,13,1
73,24,33,281,Desktop,Organic,17,12,0
3424,9,96,64,Tablet,Organic,14,0,1
2996,13,69,192,Mobile,Organic,15,31,1
928,17,59,156,Desktop,Organic,11,24,1
1385,7,50,424,Tablet,Email,7,9,1
1191,17,99,91,Tablet,Instagram,5,14,1
1622,24,76,142,Desktop,Instagram,17,28,1
500,2,72,42,Mobile,Facebook,10,16,0
1888,35,34,249,Desktop,Email,5,41,1
3544,28,33,295,Mobile,Email,16,39,1
3306,19,15,258,Mobile,Instagram,9,22,1
1950,33,81,337,Tablet,Facebook,18,6,1
322,21,17,1,Desktop,Email,14,49,0
2672,10,37,109,Desktop,Facebook,15,35,1
928,9,42,416,Tablet,Instagram,16,5,1
1892,38,31,467,Tablet,Organic,6,1,1
822,6,6,125,Mobile,Email,18,44,1
2997,35,86,64,Tablet,Facebook,7,31,1
1499,18,86,206,Desktop,Organic,7,43,1
3169,19,45,415,Tablet,Instagram,4,4,1
1336,5,60,442,Tablet,GoogleAds,10,18,1
689,25,17,338,Tablet,Email,1,1,0
444,11,70,244,Tablet,Email,17,42,0
691,10,39,78,Tablet,Facebook,3,22,0
1168,17,87,111,Mobile,Instagram,11,39,1
1083,36,77,142,Tablet,Instagram,3,3,0
1465,26,49,216,Tablet,Email,4,3,1
2397,31,4,453,Desktop,Email,16,10,1
2404,32,53,16,Tablet,Facebook,18,45,1
2703,21,85,453,Desktop,Facebook,9,40,1
1380,18,57,54,Desktop,GoogleAds,13,19,1
658,18,21,141,Desktop,Organic,14,13,1
254,1,73,380,Desktop,Facebook,13,34,0
2166,14,89,336,Mobile,Organic,15,44,1
2590,8,78,79,Mobile,Email,7,13,1
3171,2,37,415,Desktop,GoogleAds,8,48,1
305,15,48,453,Mobile,GoogleAds,7,2,0
2169,34,0,149,Mobile,GoogleAds,10,14,1
1622,36,77,127,Tablet,Instagram,11,20,1
3258,1,35,158,Mobile,Email,13,1,1
2400,21,94,279,Desktop,Instagram,17,20,1
2158,1,27,38,Desktop,Instagram,11,9,1
2686,32,97,157,Desktop,GoogleAds,3,26,0
1637,20,34,333,Desktop,Instagram,12,46,1
3482,36,59,288,Tablet,Email,15,18,1
37,39,61,112,Mobile,Email,9,11,0
2994,30,86,190,Desktop,Instagram,10,48,1
1995,7,45,106,Tablet,Email,11,15,1
1570,22,82,91,Desktop,Organic,17,7,1
67,10,81,354,Mobile,Instagram,1,36,0
1531,8,78,301,Tablet,GoogleAds,18,24,1
306,27,60,49,Mobile,GoogleAds,4,23,0
2191,10,64,161,Tablet,Email,19,46,1
3412,14,88,4,Desktop,Email,9,39,1
2306,11,25,402,Desktop,GoogleAds,15,17,1
3078,6,34,198,Mobile,Organic,11,20,1
2607,21,56,320,Mobile,GoogleAds,8,7,1
911,33,78,412,Tablet,Instagram,2,18,0
1974,19,62,364,Mobile,GoogleAds,0,48,0
1108,39,3,377,Mobile,Facebook,4,29,1
1687,24,78,442,Desktop,Organic,7,26,1
2891,18,41,475,Desktop,Organic,16,35,1
1201,35,44,254,Desktop,GoogleAds,0,35,0
780,37,38,90,Desktop,Facebook,12,25,1
1536,19,64,312,Desktop,Instagram,5,19,1
1388,24,21,20,Desktop,GoogleAds,14,40,1
1258,34,10,77,Desktop,Instagram,6,13,1
1564,22,36,220,Tablet,Facebook,7,32,1
155,4,89,162,Desktop,GoogleAds,2,8,0
1993,10,50,497,Desktop,GoogleAds,14,22,1
1274,2,90,343,Desktop,Instagram,3,44,0
1917,8,57,394,Desktop,GoogleAds,8,29,1
2950,33,76,115,Desktop,Facebook,10,49,1
2401,38,6,94,Mobile,GoogleAds,13,41,1
1782,28,7,406,Mobile,Email,8,27,1
1068,10,50,133,Desktop,Facebook,11,30,1
2759,1,22,172,Desktop,Organic,4,25,1
2058,34,89,114,Desktop,Instagram,5,35,1
2029,3,90,9,Tablet,Facebook,18,46,1
162,9,8,299,Desktop,Organic,4,35,0
2486,5,45,260,Tablet,Organic,0,10,0
517,10,37,170,Tablet,Facebook,9,11,0
3207,12,12,321,Desktop,Organic,13,44,1
500,18,6,98,Mobile,Organic,16,1,0
3563,21,10,169,Desktop,Email,10,39,1
354,21,73,448,Desktop,GoogleAds,3,3,0
1945,1,96,311,Mobile,Email,17,31,1
1771,3,49,218,Mobile,GoogleAds,18,40,1
230,5,66,402,Desktop,Organic,3,33,0
1948,25,40,400,Desktop,GoogleAds,11,4,1
1952,8,28,343,Tablet,Email,13,4,1
732,17,36,430,Mobile,Instagram,17,3,1
3106,9,55,420,Tablet,Instagram,0,40,0
537,32,79,346,Tablet,GoogleAds,19,11,0
3263,6,15,450,Tablet,Instagram,10,34,1
1532,21,43,44,Tablet,Facebook,18,36,1
2898,7,49,261,Mobile,Instagram,0,33,0
1674,7,70,285,Mobile,GoogleAds,0,44,0
3123,39,78,126,Mobile,Organic,2,27,0
490,27,5,260,Desktop,Email,13,6,0
2987,8,17,495,Tablet,Instagram,7,39,1
1881,9,18,355,Desktop,GoogleAds,14,10,1
2929,28,50,214,Mobile,Email,3,43,0
1472,15,65,305,Mobile,Facebook,10,31,1
1435,2,2,200,Desktop,Organic,7,49,1
354,7,88,236,Tablet,Email,6,49,0
54,18,99,341,Mobile,Email,1,31,0
2078,22,53,136,Tablet,GoogleAds,7,30,1
1667,10,48,378,Tablet,Facebook,18,47,1
3151,33,27,436,Mobile,Instagram,8,19,1
1897,7,37,116,Desktop,Facebook,15,5,1
2930,3,27,453,Tablet,Organic,7,49,1
2105,14,31,405,Desktop,Instagram,7,48,1
1524,36,40,155,Tablet,Facebook,10,17,1
2608,13,35,422,Tablet,Organic,6,20,1
2344,16,35,389,Mobile,Email,1,2,0
1011,16,86,341,Desktop,Email,4,40,1
1043,5,65,317,Tablet,Email,17,27,1
2599,25,9,392,Desktop,Email,10,27,1
2050,38,69,342,Tablet,Instagram,16,31,1
2813,38,71,18,Desktop,Email,5,38,1
283,38,78,388,Desktop,Instagram,12,23,0
965,39,92,4,Mobile,Instagram,6,6,1
2657,26,62,165,Tablet,Facebook,10,18,1
1789,13,91,127,Tablet,Email,17,0,1
390,26,21,399,Tablet,GoogleAds,5,32,0
1362,1,97,422,Tablet,Email,11,32,1
488,8,19,411,Mobile,GoogleAds,2,10,0
2072,4,32,213,Mobile,Email,18,22,1
525,21,14,48,Tablet,Instagram,10,49,0
200,22,6,46,Desktop,Email,1,44,0
1201,37,87,46,Mobile,Email,2,27,0
2678,3,89,48,Desktop,Email,16,46,1
1170,19,49,187,Desktop,Email,4,16,1
2211,1,9,120,Desktop,Facebook,1,9,0
1421,29,78,132,Tablet,Facebook,11,7,1
3290,23,36,459,Mobile,Instagram,4,8,1
281,33,58,19,Tablet,Instagram,12,18,0
152,23,87,441,Desktop,GoogleAds,6,49,0
1922,5,74,275,Tablet,Instagram,10,7,1
1102,7,62,475,Desktop,Facebook,4,4,1
2304,6,20,232,Tablet,Instagram,17,13,1
3342,22,78,42,Tablet,GoogleAds,5,44,1
797,13,78,92,Mobile,GoogleAds,2,32,0
2136,12,36,261,Mobile,Facebook,5,42,1
1691,4,44,48,Desktop,Instagram,15,43,1
632,8,13,409,Desktop,GoogleAds,2,37,0
2582,37,42,451,Desktop,Instagram,17,11,1
2829,31,84,282,Tablet,Instagram,3,2,0
947,37,83,74,Desktop,Facebook,4,39,1
3411,26,32,216,Mobile,Facebook,8,28,1
3270,8,2,446,Desktop,Instagram,3,21,0
1128,33,86,221,Desktop,Email,0,33,0
626,29,43,109,Tablet,Email,10,5,1
1041,5,86,135,Mobile,Organic,4,34,1
76,28,90,428,Desktop,Organic,9,38,0
3577,17,34,343,Mobile,Organic,2,15,0
200,23,24,238,Desktop,Facebook,14,30,0
3447,9,95,155,Mobile,Instagram,13,48,1
2825,2,85,426,Desktop,GoogleAds,4,43,1
530,32,7,329,Desktop,Instagram,7,14,0
999,31,61,492,Tablet,Instagram,16,45,1
1150,7,17,56,Tablet,Organic,19,0,1
2324,30,91,387,Mobile,Instagram,18,43,1
1644,3,27,382,Mobile,Organic,3,19,0
2542,9,74,397,Mobile,Instagram,1,22,0
3590,10,11,198,Mobile,GoogleAds,1,19,0
3379,26,63,315,Tablet,Email,1,31,0
1197,1,1,38,Mobile,Email,2,45,0
385,30,58,341,Desktop,Facebook,8,47,0
662,38,36,339,Desktop,GoogleAds,4,24,1
3349,15,3,217,Desktop,Instagram,19,46,1
558,25,40,231,Tablet,GoogleAds,14,7,0
1107,6,44,452,Mobile,Instagram,3,32,0
3589,18,33,342,Desktop,GoogleAds,2,44,0
82,1,86,453,Desktop,GoogleAds,8,29,0
2365,3,12,257,Tablet,Email,9,2,1
208,17,6,434,Tablet,GoogleAds,16,23,0
3211,8,31,209,Tablet,Facebook,19,11,1
1791,17,22,201,Desktop,Instagram,7,30,1
581,25,48,137,Tablet,Organic,18,6,0
800,12,71,128,Desktop,GoogleAds,4,39,1
1648,29,46,53,Mobile,Organic,10,16,1
1841,25,36,344,Desktop,Email,3,49,0
1865,36,97,394,Mobile,Organic,3,9,0
1520,25,47,84,Desktop,Facebook,14,14,1
1184,29,28,209,Mobile,Facebook,7,20,1
3287,11,36,333,Desktop,Email,12,20,1
188,4,22,285,Desktop,Facebook,19,28,0
2254,14,37,36,Desktop,Instagram,11,41,1
744,38,92,215,Desktop,Facebook,1,40,0
2146,17,43,27,Tablet,GoogleAds,0,0,0
808,2,4,146,Desktop,Facebook,13,20,1
3515,8,51,18,Desktop,Instagram,19,4,1
797,36,39,118,Tablet,Email,7,14,1
2805,10,10,137,Tablet,Facebook,15,45,1
3264,7,77,67,Tablet,Instagram,4,25,1
218,36,1,391,Tablet,GoogleAds,1,10,0
502,16,34,314,Tablet,Organic,14,48,0
3211,14,44,463,Tablet,Organic,3,20,0
2722,16,48,30,Tablet,Email,3,45,0
3094,25,34,73,Tablet,Email,9,5,1
1667,4,91,123,Tablet,Organic,17,3,1
2928,29,71,445,Tablet,Organic,6,44,1
741,6,31,489,Tablet,Email,4,20,1
1139,1,67,475,Mobile,Organic,3,16,0
3456,39,70,228,Desktop,Facebook,14,30,1
1615,1,38,338,Desktop,Instagram,17,43,1
2755,3,47,479,Tablet,Email,16,22,1
3180,1,90,273,Tablet,Instagram,5,31,1
603,1,36,246,Mobile,GoogleAds,0,43,0
2943,39,59,437,Tablet,GoogleAds,2,35,0
2909,21,80,390,Mobile,Facebook,8,33,1
1225,30,73,39,Desktop,GoogleAds,4,5,1
334,32,3,409,Desktop,Email,5,37,0
988,33,22,170,Tablet,Facebook,12,21,1
1759,22,13,426,Mobile,Facebook,2,32,0
1860,30,4,315,Mobile,Email,2,10,0
3013,4,65,102,Desktop,Organic,4,22,1
1500,23,23,294,Desktop,Instagram,11,43,1
903,25,17,415,Mobile,Email,19,35,1
1400,12,26,243,Mobile,Organic,17,27,1
3399,17,23,157,Desktop,Organic,6,47,1
153,15,28,360,Mobile,GoogleAds,19,18,0
393,10,10,265,Desktop,Facebook,11,42,0
2273,35,17,257,Mobile,Facebook,1,42,0
3442,29,3,464,Tablet,GoogleAds,15,12,1
2381,12,32,358,Desktop,GoogleAds,1,12,0
3096,1,77,343,Mobile,Facebook,7,7,1
226,1,41,123,Desktop,Email,0,42,0
1525,10,31,456,Mobile,Email,13,47,1
3008,18,50,47,Tablet,Email,9,12,1
2240,2,3,332,Tablet,Email,12,34,1
2327,8,19,10,Tablet,GoogleAds,9,26,1
3002,22,84,144,Desktop,Instagram,12,10,1
1500,22,66,431,Tablet,Instagram,12,20,1
2927,26,88,299,Desktop,Facebook,0,7,0
1645,26,67,152,Tablet,Instagram,4,41,1
2524,9,61,487,Desktop,Email,15,25,1
2362,21,57,136,Tablet,GoogleAds,5,29,1
1177,31,46,75,Mobile,Email,3,21,0
120,6,74,361,Mobile,Organic,9,49,0
1023,14,79,26,Desktop,GoogleAds,10,48,1
241,33,58,7,Tablet,Organic,1,38,0
1724,7,99,79,Tablet,Organic,8,49,1
1765,24,5,15,Mobile,Facebook,13,9,1
3581,9,94,432,Tablet,Organic,1,25,0
2652,11,39,387,Tablet,Instagram,4,26,1
1587,23,76,400,Desktop,Instagram,11,21,1
1306,2,22,207,Mobile,Organic,0,12,0
2230,15,51,89,Tablet,Facebook,18,38,1
982,35,3,97,Tablet,Organic,11,6,1
1040,36,36,398,Desktop,GoogleAds,11,42,1
3236,28,41,216,Desktop,GoogleAds,19,41,1
2603,39,43,459,Desktop,GoogleAds,4,11,1
2605,4,96,259,Desktop,GoogleAds,19,12,1
527,10,41,329,Tablet,Organic,1,11,0
923,6,28,454,Tablet,Email,13,11,1
2272,30,18,287,Tablet,Email,16,37,1
2191,35,83,375,Desktop,GoogleAds,14,2,1
2342,10,31,464,Tablet,Facebook,16,7,1
3207,32,43,75,Mobile,Facebook,1,48,0
1954,3,54,242,Mobile,Organic,7,30,1
1472,26,79,17,Tablet,Email,9,12,1
1882,15,4,177,Desktop,Organic,2,7,0
2743,17,45,259,Mobile,Instagram,10,36,1
3233,27,75,123,Tablet,GoogleAds,8,23,1
2388,18,44,467,Mobile,Instagram,14,27,1
3464,19,20,472,Mobile,Instagram,10,3,1
3196,12,77,311,Mobile,Facebook,2,15,0
2951,24,21,111,Mobile,Email,6,17,1
3563,5,29,256,Tablet,GoogleAds,6,3,1
1317,24,22,234,Mobile,Organic,3,42,0
908,27,4,456,Tablet,GoogleAds,5,39,1
1108,30,62,497,Mobile,Organic,18,32,1
1199,15,92,356,Mobile,Organic,13,44,1
1222,38,58,40,Mobile,Email,3,26,0
2135,34,93,122,Tablet,Instagram,18,35,1
3004,27,81,450,Mobile,Organic,18,3,1
697,20,51,215,Mobile,Email,16,35,1
2078,32,64,296,Desktop,Instagram,18,12,1
575,4,38,286,Mobile,Instagram,11,47,0
1217,5,80,281,Desktop,GoogleAds,16,13,1
1904,8,2,7,Tablet,GoogleAds,14,41,1
3303,22,41,92,Mobile,GoogleAds,8,36,1
836,7,70,361,Mobile,Facebook,19,46,1
1361,22,26,434,Desktop,Instagram,15,5,1
2236,30,27,123,Desktop,Facebook,17,13,1
1821,37,53,337,Mobile,GoogleAds,17,42,1
3193,16,94,96,Tablet,Email,3,2,0
1092,15,14,1,Desktop,GoogleAds,3,24,0
1360,5,52,91,Mobile,Organic,0,33,0
2962,3,71,428,Desktop,Email,4,5,1
1654,23,69,484,Tablet,Email,11,39,1
2726,10,91,433,Desktop,Instagram,13,0,1
200,5,3,7,Mobile,Facebook,9,45,0
1233,23,93,120,Desktop,Organic,17,47,1
1345,15,16,387,Tablet,Email,9,48,1
717,18,33,350,Mobile,Facebook,15,7,1
3116,25,5,129,Mobile,Facebook,5,16,1
388,8,35,179,Mobile,Organic,2,12,0
396,31,98,98,Mobile,Organic,19,18,0
2294,21,38,422,Tablet,GoogleAds,14,40,1
625,2,79,43,Mobile,GoogleAds,4,34,1
1552,22,65,183,Tablet,Email,5,49,1
2340,8,7,185,Tablet,Email,11,32,1
2058,23,14,53,Desktop,Email,0,44,0
1764,32,62,228,Desktop,GoogleAds,9,44,1
473,8,90,161,Mobile,Email,2,43,0
3311,4,79,235,Mobile,Email,4,32,1
976,30,64,464,Tablet,GoogleAds,14,41,1
181,19,58,446,Desktop,GoogleAds,3,38,0
3168,23,9,358,Mobile,Email,18,45,1
1156,18,6,395,Mobile,Email,16,37,1
852,29,73,200,Tablet,Facebook,7,37,1
1331,23,75,436,Desktop,Instagram,4,8,1
1918,33,80,1,Mobile,GoogleAds,3,47,0
699,18,11,14,Mobile,Instagram,18,36,1
2632,33,78,478,Mobile,GoogleAds,8,46,1
1517,7,45,213,Mobile,Facebook,12,0,1
2222,28,31,378,Mobile,Instagram,16,35,1
2034,1,31,277,Mobile,Facebook,7,41,1
1732,39,89,34,Desktop,Organic,18,37,1
392,34,77,486,Tablet,Instagram,10,1,0
2266,39,89,474,Tablet,Instagram,13,9,1
3513,19,60,361,Tablet,Instagram,17,22,1
1422,31,68,270,Mobile,Organic,4,8,1
1593,13,60,168,Tablet,Organic,11,10,1
2281,24,45,378,Desktop,Facebook,15,35,1
2060,5,67,419,Mobile,Organic,15,41,1
381,23,91,170,Desktop,GoogleAds,13,37,0
1720,19,54,82,Mobile,Email,6,34,1
1479,1,0,404,Mobile,Instagram,8,12,1
620,33,76,316,Tablet,Facebook,2,18,0
125,33,66,137,Desktop,Facebook,13,34,0
3351,32,48,233,Tablet,Facebook,0,29,0
456,28,24,115,Mobile,Facebook,13,17,0
1401,37,15,252,Desktop,Instagram,19,11,1
3334,12,84,493,Desktop,Facebook,17,11,1
1350,9,12,289,Mobile,Instagram,2,20,0
424,11,51,49,Tablet,Facebook,5,11,0
3176,33,35,452,Mobile,Facebook,3,27,0
1818,19,71,4,Desktop,Email,0,28,0
2949,34,43,379,Desktop,GoogleAds,2,38,0
1057,7,82,176,Desktop,Organic,17,40,1
2720,31,46,272,Mobile,Organic,19,43,1
1883,2,79,431,Desktop,Organic,19,3,1
1083,19,75,26,Desktop,GoogleAds,2,30,0
3583,38,19,70,Tablet,Instagram,15,23,1
727,32,17,293,Tablet,Organic,6,41,1
3579,10,53,406,Desktop,Organic,8,48,1
1368,8,11,234,Tablet,Organic,1,17,0
3160,26,24,231,Mobile,Instagram,2,41,0
1615,30,59,263,Tablet,GoogleAds,0,25,0
3108,11,74,426,Tablet,GoogleAds,5,43,1
2328,20,85,286,Tablet,Instagram,14,19,1
571,20,33,74,Tablet,Email,4,7,0
2861,9,12,121,Mobile,Facebook,12,32,1
2304,8,37,463,Tablet,Instagram,7,3,1
396,15,11,6,Desktop,Facebook,12,37,0
711,34,35,24,Tablet,GoogleAds,18,21,1
2616,24,27,194,Tablet,Facebook,8,35,1
982,33,90,168,Desktop,Organic,2,47,0
1394,27,38,377,Mobile,Facebook,13,30,1
993,21,76,399,Desktop,Facebook,6,7,1
1521,5,42,437,Desktop,GoogleAds,12,8,1
361,35,90,341,Desktop,Email,8,46,0
1734,21,30,210,Desktop,Facebook,10,17,1
1961,4,1,133,Tablet,GoogleAds,8,34,1
1289,16,81,345,Tablet,Organic,10,23,1
3303,31,89,292,Tablet,Facebook,13,16,1
1917,26,41,458,Tablet,Facebook,14,0,1
762,35,30,499,Mobile,Organic,16,38,1
2838,6,60,174,Tablet,Instagram,0,41,0
1034,33,55,151,Tablet,Email,2,14,0
555,21,85,88,Mobile,Organic,2,12,0
1479,16,99,301,Desktop,Organic,2,22,0
88,39,82,266,Tablet,Organic,3,28,0
1269,34,13,310,Tablet,Instagram,16,30,1
2391,15,13,70,Desktop,Organic,19,36,1
898,6,28,205,Tablet,Instagram,3,27,0
3430,2,80,341,Desktop,Email,12,31,1
3179,24,49,32,Desktop,Instagram,6,6,1
1115,28,49,43,Desktop,Email,3,13,0
2559,1,62,118,Tablet,Email,7,13,1
2000,1,72,377,Desktop,Email,10,31,1
1510,28,64,15,Tablet,GoogleAds,18,8,1
2822,36,67,322,Mobile,Email,6,5,1
930,20,70,399,Desktop,Instagram,8,14,1
559,8,10,115,Tablet,GoogleAds,3,29,0
2071,1,13,337,Desktop,Organic,3,29,0
401,26,82,20,Tablet,Organic,0,15,0
3428,25,2,178,Tablet,Facebook,5,22,1
2367,10,7,262,Mobile,Email,2,30,0
2443,12,92,79,Desktop,Facebook,2,11,0
3290,7,42,381,Tablet,Email,0,20,0
1390,12,8,401,Mobile,Email,6,2,1
983,17,18,120,Tablet,Instagram,8,2,1
3175,5,11,26,Tablet,Instagram,2,37,0
3174,14,26,22,Mobile,Organic,14,21,1
349,34,57,201,Desktop,GoogleAds,2,20,0
2654,17,24,64,Mobile,Organic,10,43,1
3526,35,44,460,Desktop,Email,17,15,1
766,1,47,214,Tablet,GoogleAds,2,17,0
1055,36,49,314,Tablet,Facebook,19,3,1
2348,15,80,471,Mobile,Email,6,19,1
3566,19,43,293,Mobile,Instagram,8,44,1
2363,5,58,78,Mobile,Organic,16,12,1
2691,19,32,216,Tablet,Organic,8,30,1
3209,39,77,456,Desktop,Facebook,9,1,1
2682,5,27,474,Mobile,Organic,12,29,1
948,12,17,224,Desktop,Organic,4,30,1
3354,19,54,377,Mobile,GoogleAds,13,27,1
857,12,32,28,Mobile,Email,3,8,0
451,36,14,480,Mobile,GoogleAds,13,10,0
2560,12,60,470,Mobile,GoogleAds,10,34,1
139,18,10,305,Tablet,Organic,9,48,0
3213,34,35,201,Tablet,Email,4,43,1
606,33,14,67,Mobile,Organic,11,36,1
1968,18,52,473,Tablet,Organic,14,45,1
1515,29,61,359,Tablet,GoogleAds,12,16,1
871,5,47,126,Tablet,Instagram,7,25,1
3471,25,93,460,Tablet,Instagram,3,3,0
2650,24,14,349,Desktop,GoogleAds,12,32,1
1008,29,62,195,Desktop,GoogleAds,14,16,1
2382,38,86,425,Tablet,Organic,8,41,1
3150,33,42,174,Desktop,Email,5,7,1
2505,10,49,87,Mobile,Organic,17,25,1
1561,37,59,343,Desktop,Organic,8,42,1
2876,33,58,311,Mobile,Facebook,5,19,1
1650,23,14,466,Desktop,Organic,6,41,1
3246,11,28,395,Desktop,Email,11,37,1
1521,24,74,484,Mobile,Organic,3,42,0
1746,24,81,154,Mobile,GoogleAds,10,47,1
2766,7,39,456,Tablet,Email,2,41,0
1459,21,30,476,Desktop,GoogleAds,6,32,1
1867,20,72,210,Mobile,Facebook,1,39,0
274,10,85,13,Tablet,Facebook,9,16,0
2669,25,10,164,Mobile,Email,2,8,0
3423,36,80,490,Tablet,Instagram,16,19,1
2889,15,96,488,Tablet,Instagram,10,7,1
3359,6,61,255,Mobile,Email,0,40,0
2731,37,74,384,Mobile,Email,1,47,0
1472,2,7,492,Desktop,GoogleAds,12,45,1
166,12,50,64,Desktop,Facebook,13,5,0
1455,4,56,307,Tablet,Email,16,8,1
2308,23,3,76,Mobile,Organic,1,10,0
2935,13,35,22,Desktop,GoogleAds,16,46,1
1642,17,18,60,Tablet,Facebook,18,46,1
2587,31,23,386,Desktop,GoogleAds,8,4,1
2384,16,40,56,Tablet,Facebook,11,7,1
3018,26,48,168,Desktop,Organic,15,34,1
904,28,81,412,Mobile,Facebook,3,24,0
2154,1,96,205,Tablet,GoogleAds,10,35,1
522,12,45,353,Tablet,Facebook,19,38,0
225,37,35,259,Desktop,GoogleAds,3,48,0
3213,20,9,191,Desktop,Email,1,43,0
3341,2,77,482,Desktop,Organic,9,5,1
2182,36,6,407,Mobile,GoogleAds,8,23,1
3163,15,11,55,Desktop,Instagram,16,20,1
3364,38,85,416,Desktop,Instagram,11,35,1
1716,22,90,340,Mobile,Facebook,3,17,0
2116,32,47,284,Desktop,Email,8,47,1
1577,20,36,380,Mobile,Email,13,0,1
2218,36,74,264,Mobile,Instagram,3,28,0
2341,33,35,259,Desktop,Facebook,1,16,0
2163,15,59,350,Mobile,Email,17,4,1
1138,3,76,89,Desktop,Email,12,49,1
3520,29,95,437,Mobile,Facebook,9,5,1
237,27,7,222,Tablet,GoogleAds,13,44,0
2375,5,6,413,Desktop,Instagram,8,7,1
1497,31,42,495,Tablet,Email,10,24,1
811,22,57,350,Tablet,GoogleAds,19,18,1
1632,35,80,482,Tablet,GoogleAds,0,47,0
1915,7,85,89,Tablet,GoogleAds,11,49,1
2931,6,45,465,Desktop,GoogleAds,16,38,1
481,26,33,59,Mobile,Organic,16,8,0
1089,1,83,152,Desktop,Organic,7,27,1
2682,19,71,422,Desktop,Facebook,16,30,1
2070,7,21,28,Mobile,Instagram,19,0,1
3521,36,90,225,Tablet,Facebook,12,40,1
1051,12,97,318,Mobile,Organic,12,9,1
2751,20,20,484,Tablet,Facebook,14,49,1
3030,23,14,51,Desktop,Facebook,17,21,1
2170,25,4,263,Mobile,GoogleAds,12,0,1
238,30,16,279,Mobile,Email,7,12,0
180,29,71,46,Tablet,Organic,6,13,0
304,31,18,474,Mobile,Organic,18,22,0
198,18,4,334,Desktop,Facebook,9,38,0
435,19,22,106,Mobile,Email,11,27,0
986,4,82,284,Mobile,Facebook,1,28,0
1112,1,13,24,Desktop,Instagram,13,39,1
2715,15,9,7,Tablet,Organic,9,32,1
928,8,30,368,Mobile,GoogleAds,16,1,1
3263,15,12,484,Tablet,GoogleAds,12,42,1
508,15,21,487,Mobile,GoogleAds,0,32,0
1831,39,36,335,Desktop,Organic,14,23,1
2819,22,38,433,Tablet,Organic,0,11,0
875,18,9,3,Mobile,GoogleAds,14,39,1
835,16,30,496,Tablet,Organic,19,27,1
1868,2,42,258,Mobile,GoogleAds,14,34,1
2128,36,98,263,Desktop,Instagram,13,9,1
2305,20,76,121,Desktop,Instagram,12,46,1
155,16,93,208,Mobile,Instagram,1,43,0
1651,3,97,21,Mobile,Facebook,7,33,1
1329,30,35,393,Tablet,Facebook,8,4,1
2639,2,34,140,Mobile,Email,18,40,1
479,35,67,477,Tablet,Email,18,17,0
3587,26,54,280,Mobile,Email,8,5,1
202,5,67,289,Desktop,Instagram,6,10,0
1101,2,46,206,Tablet,Instagram,13,45,1
2551,20,5,43,Tablet,Instagram,1,0,0
61,34,27,338,Desktop,Organic,11,22,0
2939,34,29,118,Tablet,Organic,10,3,1
2420,20,26,5,Desktop,Instagram,16,6,1
1830,25,68,207,Desktop,GoogleAds,1,40,0
2974,20,38,123,Desktop,Email,11,48,1
2531,25,34,327,Mobile,Facebook,14,16,1
1879,14,43,345,Desktop,Email,7,10,1
2578,39,14,142,Tablet,GoogleAds,7,26,1
1796,12,82,372,Mobile,Organic,17,11,1
1464,5,93,232,Desktop,Instagram,13,46,1
1877,2,31,164,Desktop,Organic,9,33,1
3379,16,28,35,Desktop,Organic,3,7,0
3516,30,62,364,Tablet,GoogleAds,15,22,1
2748,38,5,434,Mobile,Organic,15,25,1
3279,24,89,472,Mobile,Organic,16,33,1
3209,30,26,335,Mobile,Email,8,31,1
2589,37,98,11,Tablet,Email,10,5,1
2017,39,27,408,Desktop,GoogleAds,12,0,1
1444,11,4,75,Mobile,Instagram,0,49,0
849,14,40,300,Desktop,Email,6,3,1
3146,23,55,435,Tablet,Organic,10,24,1
250,16,53,401,Mobile,Facebook,2,7,0
3450,21,79,381,Tablet,Email,1,39,0
545,4,17,198,Mobile,Facebook,13,45,0
1417,33,76,341,Mobile,Instagram,9,19,1
3512,14,42,264,Desktop,Organic,19,13,1
92,19,88,335,Tablet,Email,16,32,0
991,5,73,374,Mobile,Instagram,7,2,1
960,36,28,224,Mobile,GoogleAds,14,14,1
620,31,9,122,Tablet,Instagram,5,26,1
583,18,5,74,Desktop,GoogleAds,19,18,0
2343,31,79,28,Tablet,GoogleAds,1,0,0
998,30,88,463,Mobile,Email,14,34,1
468,21,3,396,Tablet,Facebook,15,32,0
3293,30,33,171,Desktop,GoogleAds,1,16,0
2183,4,82,466,Desktop,Organic,13,12,1
3494,5,32,376,Desktop,Email,19,47,1
1532,10,3,421,Desktop,GoogleAds,0,11,0
2482,27,43,364,Desktop,Email,8,38,1
2611,16,97,383,Desktop,Organic,16,25,1
2667,30,75,216,Desktop,Email,13,26,1
1994,13,30,319,Mobile,Email,9,23,1
1576,36,79,101,Tablet,GoogleAds,12,16,1
3239,21,65,246,Desktop,Instagram,12,10,1
2169,15,57,93,Tablet,Email,18,21,1
2459,20,59,63,Tablet,GoogleAds,7,7,1
131,20,1,266,Mobile,Organic,6,41,0
282,5,35,206,Tablet,Organic,16,47,0
1327,32,69,80,Tablet,Instagram,7,31,1
407,6,59,37,Desktop,Organic,3,28,0
2528,30,22,11,Desktop,GoogleAds,6,41,1
994,26,46,115,Tablet,Instagram,19,31,1
1240,37,45,90,Desktop,GoogleAds,16,39,1
1143,13,79,232,Mobile,Instagram,4,4,1
3521,29,43,19,Tablet,Instagram,19,48,1
1311,5,18,52,Tablet,GoogleAds,3,12,0
1920,25,48,374,Mobile,Instagram,18,24,1
2626,13,87,274,Mobile,GoogleAds,0,41,0
1515,24,57,94,Mobile,Organic,9,9,1
3195,31,90,32,Mobile,Organic,5,25,1
1926,20,6,151,Tablet,Email,11,25,1
2954,8,93,140,Desktop,Facebook,16,20,1
829,9,40,58,Desktop,Facebook,4,22,1
2910,21,77,461,Desktop,Organic,8,43,1
3558,20,14,21,Desktop,Email,8,11,1
2767,15,75,149,Mobile,Facebook,4,38,1
1966,26,52,221,Desktop,GoogleAds,18,42,1
2378,11,92,221,Desktop,GoogleAds,10,24,1
188,37,22,242,Tablet,Instagram,11,11,0
906,11,76,219,Tablet,Facebook,4,35,1
2276,27,72,29,Desktop,GoogleAds,7,31,1
2846,30,87,463,Mobile,Facebook,16,17,1
1982,19,93,47,Desktop,Instagram,7,41,1
1561,34,64,396,Mobile,Organic,1,19,0
501,38,59,58,Tablet,Email,17,1,0
70,23,9,425,Mobile,Instagram,18,32,0
1087,1,57,275,Desktop,Instagram,9,45,1
1713,3,46,140,Tablet,Instagram,6,16,1
2595,3,14,23,Desktop,Email,8,35,1
2905,28,8,389,Desktop,GoogleAds,11,29,1
3045,14,12,378,Mobile,Facebook,11,8,1
74,30,22,410,Desktop,Organic,4,30,0
595,5,32,373,Desktop,Organic,10,38,0
1737,15,8,63,Tablet,Email,16,20,1
2228,38,2,52,Mobile,Organic,14,21,1
3354,14,93,266,Mobile,Email,10,16,1
544,14,72,342,Tablet,Email,14,2,0
3472,8,24,167,Tablet,Facebook,15,31,1
2750,8,87,151,Mobile,Facebook,18,32,1
3408,19,95,11,Tablet,Email,11,9,1
2165,32,70,476,Mobile,Facebook,2,4,0
1880,31,35,95,Tablet,GoogleAds,7,3,1
3243,29,88,72,Mobile,Instagram,10,37,1
2871,11,19,384,Mobile,Organic,0,31,0
1014,13,80,487,Tablet,Organic,3,37,0
2509,27,53,48,Desktop,Organic,5,40,1
1239,19,99,348,Desktop,Organic,9,19,1
2647,26,89,272,Tablet,GoogleAds,14,8,1
1049,37,18,430,Mobile,GoogleAds,7,14,1
336,9,59,431,Tablet,Instagram,13,7,0
617,28,36,95,Desktop,Email,1,33,0
2716,32,2,233,Mobile,Facebook,19,29,1
11,3,91,48,Mobile,Instagram,5,9,0
1043,32,85,208,Mobile,Organic,2,13,0
2491,5,18,453,Desktop,Facebook,1,33,0
134,8,52,227,Desktop,Instagram,13,21,0
1114,14,45,409,Mobile,Organic,17,12,1
2542,3,79,77,Mobile,Instagram,14,28,1
2709,24,55,349,Desktop,Organic,3,28,0
1871,13,69,219,Desktop,Organic,15,6,1
1183,29,30,360,Mobile,GoogleAds,11,43,1
2857,8,52,81,Tablet,Organic,16,5,1
2930,31,33,37,Tablet,Instagram,0,34,0
3421,26,30,102,Tablet,Facebook,19,36,1
138,18,59,191,Desktop,GoogleAds,8,3,0
447,18,10,29,Tablet,Facebook,11,13,0
760,7,99,314,Tablet,Email,4,5,1
2558,38,5,253,Desktop,Facebook,16,16,1
3139,16,26,251,Tablet,Email,2,48,0
1231,33,6,226,Mobile,Email,5,23,1
2268,3,48,94,Desktop,GoogleAds,2,12,0
911,38,95,415,Mobile,Facebook,5,11,1
2102,4,71,86,Tablet,Organic,12,28,1
3178,36,59,110,Mobile,GoogleAds,18,23,1
1312,4,32,217,Desktop,GoogleAds,14,33,1
2592,9,46,196,Tablet,Organic,6,13,1
1443,17,43,483,Desktop,Facebook,12,26,1
2518,17,78,297,Tablet,GoogleAds,19,4,1
400,33,26,434,Desktop,Email,1,39,0
1077,20,93,44,Desktop,Organic,18,46,1
36,14,21,393,Mobile,Instagram,18,8,0
2851,22,46,443,Desktop,GoogleAds,2,15,0
3178,27,92,90,Desktop,Email,2,12,0
3032,3,47,475,Mobile,Facebook,5,14,1
557,24,29,155,Tablet,Facebook,12,35,0
2678,30,1,466,Tablet,Organic,13,24,1
576,8,14,478,Desktop,Email,5,15,0
713,22,46,109,Mobile,Organic,8,43,1
1252,25,26,59,Tablet,GoogleAds,9,43,1
194,10,70,110,Mobile,Organic,15,30,0
3150,29,26,479,Desktop,Instagram,14,46,1
3211,1,84,106,Mobile,Organic,11,36,1
1600,21,12,387,Desktop,Organic,12,32,1
1923,39,54,221,Tablet,GoogleAds,17,19,1
857,24,16,263,Tablet,Email,1,25,0
608,9,74,82,Tablet,Instagram,13,34,1
815,26,58,272,Tablet,Organic,16,39,1
1367,9,9,49,Mobile,GoogleAds,0,6,0
3235,20,32,377,Mobile,GoogleAds,10,44,1
2136,35,77,32,Mobile,GoogleAds,13,41,1
2636,36,36,486,Desktop,Email,11,30,1
1888,36,7,89,Tablet,Organic,13,16,1
2470,9,32,428,Tablet,Facebook,16,42,1
555,22,6,480,Tablet,Instagram,11,7,0
1642,1,33,19,Mobile,Facebook,5,22,1
2226,5,70,3,Mobile,Email,8,46,1
2738,9,6,378,Tablet,Organic,11,43,1
2640,37,40,60,Desktop,Facebook,16,17,1
2572,38,99,419,Mobile,Facebook,15,41,1
3395,19,54,242,Tablet,Facebook,1,11,0
2089,8,6,29,Tablet,Instagram,17,29,1
2344,32,83,75,Tablet,Organic,15,35,1
2651,13,17,70,Desktop,GoogleAds,9,14,1
3124,20,42,83,Tablet,Organic,18,17,1
1936,36,77,357,Mobile,Facebook,3,24,0
626,37,39,173,Desktop,Organic,6,12,1
3082,30,52,411,Desktop,GoogleAds,15,23,1
2327,10,13,197,Tablet,Instagram,18,16,1
1213,31,20,346,Mobile,Organic,4,0,1
1769,25,56,419,Mobile,Organic,4,36,1
2575,29,90,147,Tablet,Instagram,6,48,1
3184,24,45,273,Tablet,Instagram,16,26,1
3091,39,25,35,Mobile,Facebook,0,19,0
2640,21,90,495,Desktop,Facebook,2,17,0
3171,9,23,113,Desktop,Instagram,15,8,1
235,2,4,461,Tablet,GoogleAds,1,9,0
679,4,41,206,Tablet,Facebook,0,24,0
1773,8,91,158,Mobile,GoogleAds,6,48,1
926,32,42,253,Mobile,Instagram,9,0,1
2183,14,31,122,Mobile,Organic,2,35,0
3013,13,87,48,Mobile,Instagram,17,17,1
3290,21,5,185,Tablet,Instagram,2,46,0
3178,24,73,491,Tablet,Email,6,14,1
2131,18,66,273,Mobile,Instagram,14,32,1
1224,26,6,101,Tablet,Facebook,0,21,0
1715,32,28,15,Tablet,Organic,18,23,1
1852,33,33,128,Mobile,GoogleAds,4,0,1
1993,31,6,210,Desktop,Email,6,10,1
65,18,80,112,Desktop,Facebook,10,42,0
729,35,76,270,Mobile,Organic,0,25,0
2610,12,57,142,Desktop,GoogleAds,1,25,0
2089,25,84,173,Tablet,Organic,13,5,1
583,31,30,353,Desktop,Facebook,9,32,0
676,10,72,166,Mobile,Organic,2,13,0
293,34,44,447,Mobile,Instagram,13,23,0
1754,3,46,119,Desktop,Organic,4,37,1
3575,39,76,203,Desktop,Instagram,16,48,1
2244,8,80,11,Tablet,Facebook,6,40,1
507,32,71,249,Desktop,Email,0,16,0
1475,29,72,304,Desktop,Instagram,10,13,1
139,22,72,248,Desktop,Organic,5,18,0
648,20,39,154,Tablet,Organic,15,7,1
3373,6,29,323,Desktop,Organic,13,22,1
2171,29,61,25,Tablet,Facebook,16,43,1
3280,17,70,465,Tablet,GoogleAds,14,1,1
2070,31,16,445,Mobile,Organic,13,2,1
3352,34,4,342,Mobile,Organic,6,12,1
3296,38,80,221,Tablet,Instagram,9,4,1
2501,37,0,110,Tablet,Email,18,17,1
3593,4,79,410,Tablet,Organic,6,0,1
2504,2,80,418,Mobile,Facebook,14,36,1
995,12,93,90,Tablet,GoogleAds,13,20,1
1002,35,30,265,Mobile,GoogleAds,14,43,1
2772,6,34,40,Mobile,GoogleAds,18,18,1
2131,8,71,459,Tablet,Facebook,15,37,1
2594,21,29,263,Tablet,GoogleAds,1,33,0
110,35,84,158,Tablet,GoogleAds,1,1,0
2233,15,14,118,Mobile,Instagram,0,19,0
436,7,97,450,Desktop,GoogleAds,15,30,0
3198,15,55,256,Tablet,Instagram,18,12,1
3247,6,59,414,Desktop,Instagram,3,13,0
50,17,26,196,Desktop,Instagram,2,37,0
438,4,1,314,Desktop,Facebook,10,11,0
353,22,73,311,Desktop,Organic,16,12,0
3505,32,63,14,Desktop,Email,4,23,1
375,22,4,461,Mobile,GoogleAds,8,39,0
3201,27,90,118,Mobile,Email,0,30,0
618,15,67,217,Mobile,Organic,8,13,1
2714,22,12,205,Desktop,Instagram,3,49,0
737,28,80,77,Mobile,Instagram,15,29,1
2286,38,84,421,Tablet,Instagram,14,26,1
834,9,22,380,Desktop,Instagram,9,35,1
3211,34,96,172,Tablet,GoogleAds,4,5,1
1385,36,49,390,Desktop,Organic,15,5,1
898,9,78,26,Desktop,Organic,5,14,1
2053,15,77,128,Desktop,Organic,15,23,1
1351,20,72,374,Desktop,Email,3,12,0
3041,8,36,142,Tablet,Instagram,14,6,1
2893,28,29,392,Desktop,Facebook,2,44,0
3418,19,92,24,Desktop,Organic,18,20,1
1306,16,22,470,Mobile,Email,8,37,1
126,11,33,232,Desktop,GoogleAds,4,37,0
2875,8,63,423,Desktop,Instagram,15,13,1
2425,33,54,177,Desktop,Email,2,2,0
1127,10,70,341,Desktop,Facebook,7,42,1
177,18,8,235,Desktop,Facebook,13,44,0
3011,35,3,319,Desktop,GoogleAds,2,34,0
1748,3,65,26,Tablet,Organic,15,11,1
1374,27,90,266,Tablet,Organic,6,20,1
2718,28,32,461,Desktop,Email,8,19,1
704,6,31,362,Tablet,Email,2,26,0
934,14,43,117,Mobile,Organic,7,4,1
161,7,36,58,Mobile,Organic,11,44,0
595,10,90,270,Desktop,Email,16,10,0
922,15,91,329,Desktop,Instagram,13,48,1
2331,31,66,455,Tablet,Facebook,15,41,1
1587,29,59,295,Mobile,Facebook,18,43,1
505,17,58,122,Desktop,GoogleAds,3,5,0
2158,29,35,159,Mobile,Facebook,2,4,0
566,15,48,178,Tablet,Email,12,21,0
1115,26,50,144,Desktop,Instagram,8,0,1
1562,12,7,328,Desktop,Email,12,19,1
2130,25,49,368,Desktop,Organic,11,23,1
3095,5,40,307,Mobile,Organic,14,19,1
3514,4,37,399,Tablet,Facebook,2,46,0
166,31,85,89,Mobile,Instagram,2,47,0
744,3,77,239,Mobile,GoogleAds,1,28,0
2189,3,78,38,Desktop,Email,5,41,1
3419,26,54,361,Tablet,GoogleAds,15,23,1
3076,17,67,79,Tablet,GoogleAds,17,7,1
1437,10,17,345,Desktop,GoogleAds,8,33,1
3457,2,64,327,Tablet,GoogleAds,2,21,0
568,24,63,346,Desktop,Email,15,38,0
2164,11,11,252,Desktop,Organic,3,32,0
2322,24,40,328,Tablet,Email,13,29,1
3286,35,41,466,Tablet,Organic,3,5,0
3160,23,59,149,Tablet,Organic,17,12,1
164,32,49,16,Tablet,Email,17,43,0
3045,23,80,367,Mobile,Email,17,18,1
1006,34,82,323,Desktop,Email,2,25,0
2304,19,35,321,Desktop,Organic,6,16,1
540,2,47,269,Desktop,Email,12,36,0
2915,2,70,118,Desktop,Instagram,6,26,1
1981,15,72,192,Mobile,Facebook,12,23,1
2595,21,7,317,Tablet,Facebook,3,46,0
738,35,24,288,Tablet,Instagram,15,13,1
1187,5,6,396,Tablet,Facebook,14,2,1
163,27,7,351,Desktop,Organic,12,4,0
101,24,87,297,Mobile,Email,9,13,0
3514,7,80,194,Mobile,Email,9,7,1
2395,6,75,489,Tablet,Email,4,42,1
1513,33,30,392,Desktop,Instagram,3,24,0
1726,17,11,443,Tablet,Instagram,18,14,1
3212,30,56,281,Desktop,Organic,14,44,1
2507,8,65,389,Tablet,Instagram,8,36,1
2026,7,11,301,Tablet,Email,15,44,1
2867,6,26,386,Mobile,Organic,3,2,0
796,4,45,426,Desktop,Organic,10,44,1
282,1,6,250,Mobile,Email,16,10,0
2037,15,60,422,Mobile,GoogleAds,0,8,0
2645,31,57,231,Tablet,Email,8,3,1
186,25,57,3,Desktop,Organic,11,48,0
2888,33,12,174,Desktop,GoogleAds,11,14,1
652,35,52,240,Tablet,Email,9,26,1
1908,5,99,486,Tablet,Email,8,30,1
3130,5,64,406,Tablet,GoogleAds,19,49,1
576,36,48,104,Desktop,GoogleAds,15,15,0
675,17,34,289,Tablet,Facebook,12,31,1
3436,14,93,244,Tablet,GoogleAds,2,33,0
1341,29,94,288,Mobile,Instagram,17,5,1
2925,8,16,367,Tablet,GoogleAds,3,43,0
1808,34,71,273,Tablet,Organic,18,4,1
1079,1,66,120,Desktop,GoogleAds,12,23,1
2359,29,9,338,Tablet,Email,12,48,1
2925,36,33,440,Desktop,Instagram,11,18,1
2969,37,85,259,Mobile,GoogleAds,0,29,0
417,29,3,70,Mobile,Instagram,1,11,0
1222,5,95,433,Desktop,Facebook,2,4,0
2879,32,28,183,Tablet,Instagram,12,27,1
1863,24,45,461,Desktop,Email,11,38,1
1162,19,74,247,Tablet,Facebook,15,33,1
2618,12,45,118,Tablet,GoogleAds,13,11,1
3347,1,76,31,Tablet,Instagram,13,22,1
1151,7,58,465,Desktop,Facebook,16,4,1
2521,17,60,149,Mobile,GoogleAds,4,39,1
153,34,67,16,Desktop,GoogleAds,5,36,0
2499,7,65,273,Tablet,Instagram,9,15,1
3281,17,33,352,Desktop,Instagram,8,8,1
3238,3,85,385,Mobile,Facebook,6,32,1
496,29,4,368,Desktop,Instagram,3,36,0
869,22,8,102,Mobile,GoogleAds,6,32,1
3215,38,19,72,Mobile,Email,10,48,1
1945,29,20,193,Tablet,Facebook,5,0,1
157,5,16,322,Mobile,Email,15,46,0
1369,30,11,111,Desktop,Email,15,36,1
3152,23,91,293,Desktop,GoogleAds,12,8,1
3314,21,81,408,Tablet,Email,11,17,1
1367,26,66,347,Desktop,Organic,1,37,0
2868,21,4,340,Tablet,Facebook,12,20,1
2723,20,59,367,Desktop,GoogleAds,0,43,0
99,23,52,318,Desktop,Instagram,9,13,0
1367,4,51,277,Mobile,GoogleAds,9,38,1
208,21,77,106,Mobile,Instagram,10,38,0
3242,21,47,37,Mobile,GoogleAds,8,5,1
547,1,89,291,Desktop,Organic,3,2,0
3202,15,18,422,Tablet,Facebook,16,47,1
310,17,16,181,Tablet,Email,18,47,0
733,14,53,143,Tablet,GoogleAds,9,17,1
1608,19,67,114,Mobile,Facebook,12,36,1
3020,34,34,238,Desktop,Facebook,1,19,0
1469,6,87,426,Mobile,Facebook,8,28,1
77,6,40,94,Desktop,Facebook,6,35,0
2516,5,12,260,Desktop,Facebook,9,15,1
1547,7,32,107,Desktop,Email,11,3,1
407,33,14,244,Mobile,Email,19,44,0
629,13,62,423,Desktop,GoogleAds,10,13,1
3367,1,14,335,Mobile,Instagram,3,16,0
1594,13,30,23,Mobile,GoogleAds,11,34,1
1173,27,27,361,Desktop,Facebook,11,34,1
739,7,9,271,Desktop,Instagram,7,48,1
565,3,56,474,Desktop,GoogleAds,19,44,0
1962,25,70,140,Mobile,Instagram,13,31,1
2838,33,32,466,Desktop,Email,6,9,1
1761,17,6,454,Desktop,Facebook,2,28,0
2951,14,4,384,Tablet,Instagram,18,11,1
2667,37,89,82,Tablet,Organic,13,8,1
2805,23,79,377,Tablet,Facebook,18,25,1
2339,24,56,498,Desktop,Email,9,20,1
2718,29,71,438,Mobile,Email,11,0,1
2981,38,85,344,Tablet,GoogleAds,17,35,1
1005,27,97,422,Mobile,Organic,18,18,1
1969,38,39,156,Tablet,Instagram,17,5,1
1611,23,27,335,Tablet,GoogleAds,12,46,1
2803,31,35,19,Mobile,Email,16,17,1
1490,36,55,69,Tablet,Instagram,5,36,1
2144,17,46,448,Mobile,Email,15,7,1
1112,37,70,132,Desktop,Email,17,10,1
3286,3,39,256,Desktop,Organic,8,4,1
2848,36,58,209,Mobile,Facebook,12,20,1
3418,5,42,10,Mobile,Instagram,3,39,0
3335,15,91,140,Desktop,Organic,12,42,1
2361,6,65,453,Mobile,Email,2,20,0
1413,10,8,135,Desktop,Email,3,19,0
2187,32,5,255,Desktop,Organic,18,41,1
2653,23,64,300,Mobile,Instagram,0,8,0
1309,17,2,407,Tablet,Email,0,1,0
1732,20,73,258,Mobile,Instagram,8,48,1
2615,15,36,94,Desktop,Organic,2,3,0
908,22,86,372,Tablet,Email,2,25,0
1216,6,32,241,Tablet,GoogleAds,17,11,1
3349,4,8,237,Desktop,GoogleAds,1,18,0
3403,23,52,165,Tablet,Email,10,18,1
1545,19,76,325,Tablet,Facebook,8,18,1
87,31,91,148,Mobile,Email,1,28,0
2841,3,50,218,Desktop,Email,19,38,1
3420,28,70,428,Tablet,Email,3,44,0
2731,3,25,108,Desktop,Organic,8,33,1
1542,14,15,231,Mobile,Email,13,7,1
247,18,39,70,Mobile,Email,18,5,0
1167,27,89,221,Mobile,Organic,15,31,1
2006,10,50,74,Tablet,Email,13,27,1
1225,15,38,179,Mobile,GoogleAds,14,10,1
3437,19,54,80,Desktop,GoogleAds,17,27,1
287,9,95,354,Mobile,Email,14,31,0
3099,4,35,159,Tablet,Organic,18,40,1
533,15,64,356,Mobile,Email,8,7,0
189,8,84,169,Tablet,Email,15,19,0
132,1,76,314,Desktop,Instagram,16,23,0
1279,7,89,389,Mobile,Facebook,9,26,1
1767,31,44,161,Mobile,Organic,4,46,1
3454,18,8,427,Desktop,Facebook,8,10,1
3132,12,36,403,Desktop,Instagram,13,46,1
1104,30,86,32,Tablet,Facebook,9,22,1
489,33,0,121,Mobile,Email,0,21,0
3100,7,65,215,Mobile,GoogleAds,19,4,1
1807,28,62,3,Mobile,Organic,2,47,0
2141,3,42,385,Mobile,Organic,15,33,1
3236,6,27,228,Desktop,Email,4,30,1
2622,31,99,425,Mobile,Facebook,12,46,1
2676,38,30,476,Mobile,Organic,4,36,1
2414,15,68,48,Mobile,Instagram,10,46,1
825,7,88,167,Tablet,Instagram,16,25,1
2704,30,7,389,Tablet,Facebook,2,22,0
452,27,33,333,Tablet,Instagram,5,42,0
3150,17,48,11,Desktop,GoogleAds,15,37,1
2580,18,95,238,Desktop,Email,19,37,1
152,22,57,278,Desktop,Organic,1,31,0
201,26,74,241,Mobile,Email,4,4,0
1420,27,46,471,Mobile,Facebook,18,24,1
387,24,24,192,Desktop,Email,19,32,0
2638,8,2,12,Tablet,Organic,10,6,1
544,21,44,53,Mobile,Organic,17,15,0
1726,29,51,55,Tablet,Facebook,2,48,0
3374,21,95,309,Mobile,Organic,11,28,1
1042,3,98,21,Mobile,Instagram,12,14,1
3352,31,95,19,Tablet,Email,19,19,1
1420,27,33,453,Desktop,GoogleAds,19,21,1
2150,27,68,344,Tablet,GoogleAds,8,9,1
1999,9,91,350,Desktop,GoogleAds,8,7,1
2586,33,91,456,Desktop,Facebook,6,31,1
1187,33,7,322,Mobile,GoogleAds,0,27,0
414,26,26,315,Mobile,Email,0,8,0
2897,28,79,433,Mobile,Organic,18,30,1
1182,31,62,482,Desktop,Instagram,2,22,0
898,1,81,59,Desktop,GoogleAds,6,18,1
3348,20,24,151,Tablet,GoogleAds,11,31,1
431,12,57,259,Mobile,GoogleAds,15,9,0
1651,17,47,440,Mobile,Instagram,12,19,1
481,15,0,372,Desktop,Email,17,34,0
2950,34,7,58,Mobile,GoogleAds,16,30,1
556,16,20,216,Desktop,Organic,8,10,0
640,4,97,62,Tablet,Facebook,13,42,1
3584,8,87,146,Tablet,Instagram,4,39,1
1047,34,89,445,Mobile,Email,10,9,1
2835,25,77,382,Tablet,Organic,19,8,1
1839,15,28,239,Mobile,Instagram,5,41,1
373,28,29,293,Mobile,Instagram,5,9,0
2176,9,2,182,Desktop,Facebook,7,49,1
3319,2,6,369,Desktop,Facebook,0,36,0
555,17,99,95,Mobile,Email,8,36,0
3250,10,10,78,Tablet,GoogleAds,9,6,1
2579,9,31,449,Tablet,Facebook,16,19,1
643,31,58,142,Mobile,Email,2,19,0
1946,2,11,105,Mobile,Instagram,12,7,1
1690,24,78,261,Tablet,GoogleAds,7,16,1
972,19,37,95,Tablet,Organic,19,37,1
3015,17,23,223,Desktop,Instagram,13,24,1
892,10,64,478,Desktop,Email,19,12,1
2837,28,17,484,Tablet,Organic,7,44,1
880,38,45,190,Desktop,Instagram,18,12,1
525,28,55,129,Desktop,Facebook,12,47,0
2995,1,62,319,Mobile,Email,5,1,1
1430,3,6,195,Desktop,Organic,3,36,0
875,15,65,20,Desktop,Facebook,5,41,1
2163,10,39,299,Mobile,Organic,19,41,1
1118,21,53,240,Tablet,GoogleAds,1,10,0
223,37,30,235,Desktop,GoogleAds,9,19,0
3202,15,96,85,Desktop,Email,10,8,1
3213,23,51,94,Tablet,Organic,10,44,1
2907,14,93,42,Desktop,GoogleAds,2,44,0
2254,15,30,364,Tablet,Instagram,10,28,1
28,10,33,350,Mobile,Instagram,7,33,0
651,9,6,453,Tablet,GoogleAds,16,4,1
3093,39,88,74,Tablet,GoogleAds,0,30,0
1114,5,15,472,Tablet,Email,15,25,1
339,25,21,365,Mobile,Email,19,36,0
875,26,99,115,Tablet,Instagram,6,43,1
783,8,52,423,Tablet,Facebook,7,19,1
401,22,90,190,Mobile,Organic,12,7,0
646,25,16,432,Desktop,Facebook,4,5,1
2364,12,3,125,Desktop,Email,17,17,1
3348,9,60,6,Tablet,Facebook,11,7,1
3528,10,98,458,Mobile,Email,15,24,1
3522,10,85,379,Mobile,Facebook,2,1,0
2952,9,51,42,Tablet,Instagram,11,27,1
2709,26,34,58,Tablet,Email,18,41,1
2898,35,43,427,Desktop,Instagram,19,24,1
1035,27,14,10,Desktop,Facebook,17,19,1
2577,31,60,89,Tablet,GoogleAds,7,5,1
1684,19,43,334,Mobile,GoogleAds,12,36,1
2693,38,20,111,Tablet,Organic,7,15,1
3390,6,76,39,Mobile,GoogleAds,9,34,1
749,15,46,397,Desktop,Organic,13,35,1
1555,29,74,459,Tablet,Facebook,14,0,1
478,5,48,167,Mobile,Organic,14,13,0
2269,14,52,11,Desktop,Organic,5,13,1
1145,2,26,110,Tablet,Organic,13,23,1
1041,23,30,497,Tablet,Instagram,5,18,1
2861,19,43,16,Desktop,Organic,0,37,0
2534,24,31,33,Tablet,Email,9,43,1
883,20,29,233,Desktop,Facebook,18,17,1
469,27,17,489,Mobile,Instagram,10,8,0
2310,24,62,188,Tablet,Email,2,12,0
1559,17,15,224,Desktop,Facebook,5,44,1
761,25,34,59,Desktop,Instagram,8,18,1
1471,31,61,458,Mobile,Facebook,8,9,1
1787,28,8,51,Tablet,GoogleAds,3,37,0
3038,28,61,271,Desktop,Facebook,2,2,0
863,22,38,464,Desktop,GoogleAds,19,47,1
2293,5,50,43,Desktop,GoogleAds,18,40,1
1339,8,9,27,Tablet,Facebook,10,16,1
487,38,51,56,Tablet,GoogleAds,18,22,0
2736,28,11,121,Mobile,Instagram,16,26,1
3101,12,71,113,Mobile,GoogleAds,7,8,1
2273,25,61,316,Mobile,Organic,5,4,1
2912,38,2,115,Tablet,Instagram,4,18,1
144,15,82,109,Desktop,Instagram,7,28,0
2962,34,10,480,Tablet,Instagram,7,14,1
1162,13,7,454,Tablet,Organic,2,41,0
419,8,89,175,Tablet,Organic,18,35,0
1455,13,22,112,Mobile,Organic,15,11,1
1327,36,9,100,Desktop,Organic,9,13,1
1279,6,17,8,Tablet,Organic,2,14,0
1589,38,75,447,Mobile,Email,8,30,1
95,32,38,473,Tablet,Email,7,4,0
2613,21,25,135,Desktop,Organic,7,43,1
1875,7,10,251,Mobile,Instagram,7,2,1
3456,26,9,337,Tablet,GoogleAds,19,46,1
1479,15,2,240,Mobile,GoogleAds,6,29,1
387,23,61,222,Desktop,Email,13,46,0
3471,38,70,386,Desktop,Organic,16,11,1
1690,15,60,145,Mobile,Facebook,11,14,1
1084,16,3,377,Tablet,GoogleAds,4,37,1
251,32,60,4,Desktop,GoogleAds,1,27,0
3375,37,7,282,Desktop,Instagram,14,48,1
929,18,12,334,Tablet,GoogleAds,10,22,1
1596,20,11,328,Mobile,Email,14,46,1
2323,2,34,197,Mobile,Organic,12,14,1
3201,23,53,389,Tablet,Organic,18,10,1
2769,30,50,128,Desktop,GoogleAds,11,29,1
1281,3,42,261,Desktop,Facebook,14,11,1
79,39,99,91,Tablet,Email,11,18,0
2114,1,65,325,Tablet,GoogleAds,17,31,1
1415,22,14,259,Mobile,Email,3,0,0
2096,29,48,422,Mobile,Facebook,10,15,1
2017,14,33,94,Tablet,Email,14,10,1
810,28,38,257,Desktop,Email,4,30,1
3524,21,25,136,Mobile,Email,4,32,1
1051,32,68,13,Tablet,Organic,19,35,1
2789,6,47,468,Desktop,Facebook,9,29,1
834,1,88,198,Mobile,Organic,9,37,1
765,21,50,498,Tablet,Instagram,5,3,1
2409,4,97,178,Tablet,GoogleAds,5,24,1
2005,3,3,112,Desktop,Organic,5,33,1
1849,30,97,264,Desktop,Email,6,16,1
1331,31,26,414,Tablet,Instagram,17,32,1
2340,34,41,369,Desktop,Facebook,3,29,0
1619,19,55,424,Tablet,Facebook,13,12,1
119,20,92,79,Desktop,Organic,10,11,0
1026,23,68,378,Desktop,Email,6,31,1
3261,25,17,256,Mobile,Email,17,22,1
1971,15,60,74,Mobile,Facebook,19,28,1
2601,38,3,383,Desktop,Email,1,33,0
1779,23,0,161,Tablet,GoogleAds,1,18,0
34,2,49,201,Desktop,Organic,6,11,0
852,15,83,369,Mobile,Organic,10,3,1
2848,35,69,308,Tablet,Email,17,24,1
747,10,19,377,Desktop,Facebook,19,25,1
2114,14,19,33,Desktop,GoogleAds,6,17,1
189,27,45,73,Desktop,GoogleAds,19,29,0
241,14,26,462,Desktop,GoogleAds,4,33,0
1927,35,25,352,Mobile,Instagram,1,32,0
352,33,31,293,Mobile,Email,13,30,0
486,1,9,198,Mobile,GoogleAds,6,30,0
1832,34,81,325,Mobile,Email,9,12,1
2633,19,11,388,Tablet,Facebook,17,23,1
464,24,73,316,Tablet,Facebook,7,4,0
1265,4,87,240,Tablet,Facebook,15,0,1
298,36,23,464,Desktop,Instagram,13,33,0
1246,13,50,74,Tablet,Facebook,8,45,1
2315,32,37,31,Mobile,Email,5,8,1
539,9,45,479,Mobile,Organic,6,7,0
2744,39,88,14,Desktop,Organic,8,42,1
2986,16,7,205,Tablet,Email,6,35,1
2286,3,54,316,Desktop,Organic,8,28,1
3307,20,77,68,Desktop,GoogleAds,6,34,1
605,10,30,128,Tablet,Organic,11,4,1
444,22,87,494,Desktop,Instagram,16,45,0
891,3,15,26,Tablet,Facebook,19,9,1
3078,11,19,408,Tablet,Organic,11,37,1
1791,25,37,184,Desktop,Organic,4,9,1
411,8,14,137,Mobile,Instagram,17,10,0
2679,9,77,291,Tablet,Instagram,4,7,1
2145,15,75,106,Mobile,Organic,4,3,1
2641,32,33,463,Mobile,GoogleAds,6,17,1
1575,3,71,24,Tablet,Organic,2,19,0
318,4,18,415,Mobile,GoogleAds,0,45,0
2963,30,68,339,Desktop,Facebook,5,2,1
352,13,90,450,Desktop,Email,6,43,0
445,21,62,194,Mobile,Facebook,7,14,0
186,19,76,169,Desktop,Organic,13,7,0
148,39,31,36,Tablet,Organic,14,45,0
203,22,94,101,Tablet,GoogleAds,6,5,0
3267,20,36,34,Mobile,Instagram,6,45,1
3299,37,65,377,Desktop,GoogleAds,0,35,0
3245,31,6,39,Mobile,Instagram,8,19,1
1194,10,47,211,Desktop,Instagram,6,31,1
952,18,10,230,Tablet,Instagram,19,5,1
534,39,74,279,Desktop,Instagram,6,15,0
1634,20,86,80,Desktop,Organic,17,48,1
3123,18,30,238,Mobile,Email,13,1,1
2972,11,43,172,Tablet,Email,14,17,1
2267,22,44,326,Desktop,Facebook,17,44,1
750,18,71,442,Tablet,Facebook,9,25,1
871,34,55,59,Desktop,Facebook,2,19,0
3356,23,31,410,Tablet,GoogleAds,10,15,1
963,1,20,22,Desktop,Facebook,0,20,0
1312,10,30,365,Tablet,Facebook,1,44,0
1284,1,0,367,Desktop,Facebook,15,13,1
3391,38,76,344,Tablet,Organic,2,17,0
1753,39,10,238,Desktop,Facebook,16,7,1
2890,9,92,296,Desktop,Email,2,4,0
2197,31,67,341,Tablet,Organic,10,23,1
801,7,35,94,Mobile,Instagram,3,40,0
555,17,78,244,Desktop,GoogleAds,6,46,0
1854,35,58,11,Desktop,Organic,15,28,1
1026,37,66,117,Mobile,Organic,16,8,1
1937,18,55,265,Desktop,Email,10,41,1
1563,33,50,12,Tablet,Facebook,3,17,0
66,4,28,154,Mobile,Instagram,2,45,0
2169,23,84,38,Desktop,Email,15,17,1
14,11,1,499,Tablet,Email,1,47,0
3491,9,5,131,Tablet,Organic,4,27,1
1447,30,30,382,Mobile,Instagram,17,36,1
3263,8,53,225,Mobile,Email,2,9,0
3094,5,87,143,Mobile,GoogleAds,1,19,0
1372,12,39,431,Tablet,GoogleAds,1,37,0
1830,1,16,389,Desktop,Email,1,40,0
1292,15,4,54,Tablet,Organic,15,22,1
2147,25,1,24,Tablet,GoogleAds,0,47,0
2673,18,57,395,Mobile,Organic,18,42,1
2948,38,11,121,Desktop,Facebook,18,19,1
2755,26,4,119,Tablet,Facebook,8,22,1
1283,3,59,161,Mobile,Organic,19,49,1
3336,22,40,471,Mobile,Email,8,4,1
2955,26,19,74,Desktop,Facebook,10,26,1
3028,19,71,185,Desktop,Facebook,0,8,0
1141,39,0,436,Mobile,GoogleAds,18,42,1
677,36,55,192,Desktop,Email,16,40,1
2651,21,69,427,Desktop,Organic,5,35,1
2646,26,55,220,Tablet,Facebook,0,39,0
2542,13,53,487,Desktop,Email,17,36,1
3039,36,10,121,Mobile,Facebook,8,2,1
3029,24,2,209,Desktop,GoogleAds,0,35,0
1291,26,94,384,Tablet,Email,3,47,0
2696,21,27,300,Desktop,Instagram,17,44,1
1006,18,4,346,Tablet,GoogleAds,16,34,1
1936,15,89,473,Desktop,Organic,19,35,1
291,15,15,164,Desktop,Email,18,28,0
3043,6,30,268,Mobile,Facebook,13,32,1
3169,31,27,440,Mobile,Email,6,25,1
1237,28,6,3,Desktop,Organic,8,7,1
2073,8,8,50,Desktop,Email,19,8,1
3232,29,38,413,Tablet,Facebook,8,21,1
945,21,98,364,Tablet,GoogleAds,14,4,1
263,17,42,472,Mobile,GoogleAds,10,43,0
1221,24,26,211,Desktop,Facebook,6,40,1
338,36,75,461,Desktop,Instagram,5,35,0
2601,31,88,16,Tablet,Instagram,8,31,1
2840,34,92,168,Desktop,GoogleAds,3,29,0
3054,2,94,283,Desktop,Organic,16,48,1
1430,3,97,379,Desktop,Email,5,43,1
1550,30,32,326,Tablet,Facebook,16,44,1
3540,8,90,298,Tablet,Organic,13,42,1
3411,7,55,185,Tablet,Email,4,16,1
2902,12,1,138,Desktop,GoogleAds,17,29,1
1202,19,13,125,Tablet,Facebook,7,46,1
1726,26,12,422,Mobile,Organic,9,8,1
2423,28,23,392,Mobile,Email,10,3,1
1211,15,68,402,Tablet,GoogleAds,2,11,0
664,14,33,480,Tablet,GoogleAds,1,34,0
1395,14,86,401,Desktop,Email,13,19,1
769,3,18,58,Tablet,Instagram,3,16,0
2696,29,29,362,Tablet,Instagram,16,21,1
1808,6,48,66,Mobile,Email,16,6,1
1073,23,42,428,Mobile,Email,8,38,1
2981,28,15,340,Mobile,Email,8,43,1
425,14,51,202,Mobile,GoogleAds,2,41,0
3436,14,97,9,Tablet,Facebook,3,7,0
264,20,48,432,Mobile,GoogleAds,1,8,0
1176,13,10,423,Desktop,GoogleAds,13,45,1
1886,27,77,105,Desktop,Instagram,19,5,1
2767,35,46,89,Tablet,Email,7,18,1
2634,2,78,89,Desktop,GoogleAds,17,21,1
909,24,34,344,Mobile,GoogleAds,3,46,0
2068,29,70,6,Mobile,Email,7,19,1
35,3,28,158,Desktop,Facebook,6,19,0
3014,4,53,379,Tablet,Instagram,14,26,1
430,2,85,330,Mobile,Organic,14,26,0
1254,20,22,103,Mobile,GoogleAds,1,6,0
1886,15,23,223,Desktop,Facebook,3,23,0
2553,32,98,402,Tablet,Organic,8,7,1
1270,1,9,171,Tablet,Email,6,2,1
2294,38,60,33,Desktop,Organic,17,10,1
1018,35,7,181,Mobile,Email,11,35,1
228,7,47,184,Desktop,Facebook,13,1,0
1520,13,75,403,Desktop,Organic,6,0,1
1969,1,92,87,Desktop,Instagram,5,6,1
2518,14,28,69,Mobile,Facebook,18,23,1
672,29,86,380,Mobile,Organic,18,11,1
2692,3,25,26,Desktop,GoogleAds,14,7,1
3225,24,36,413,Tablet,Organic,18,12,1
999,1,95,408,Desktop,Organic,11,5,1
198,10,51,6,Mobile,Instagram,1,38,0
264,13,37,256,Tablet,Facebook,10,23,0
77,36,5,182,Tablet,GoogleAds,12,23,0
625,9,7,295,Mobile,Facebook,3,37,0
2393,14,16,260,Mobile,Facebook,0,43,0
2728,36,75,384,Desktop,GoogleAds,1,6,0
2878,10,61,314,Mobile,GoogleAds,13,9,1
883,23,85,304,Tablet,Instagram,17,29,1
3490,35,77,316,Desktop,Email,10,38,1
2357,7,33,234,Desktop,Instagram,10,23,1
1635,35,18,282,Tablet,GoogleAds,18,26,1
366,2,69,207,Mobile,Organic,16,29,0
265,15,81,77,Desktop,Organic,16,14,0
1017,9,99,168,Tablet,Facebook,1,1,0
2410,17,36,342,Tablet,Facebook,1,7,0
1765,39,37,379,Tablet,Email,12,16,1
2581,18,14,461,Mobile,Email,5,47,1
3007,15,39,56,Mobile,Email,14,12,1
2813,18,8,295,Mobile,Email,10,17,1
293,24,52,81,Mobile,Organic,3,20,0
3393,23,69,484,Tablet,GoogleAds,18,35,1
108,12,65,167,Desktop,Email,13,11,0
206,23,79,176,Tablet,Instagram,17,42,0
2539,21,51,281,Desktop,Email,16,1,1
887,26,0,418,Desktop,Organic,7,19,1
3307,8,29,383,Desktop,Facebook,12,22,1
1878,30,96,149,Mobile,Instagram,14,20,1
2672,34,0,256,Tablet,Email,10,30,1
2675,2,38,281,Desktop,Organic,15,15,1
1398,5,15,345,Tablet,Facebook,17,12,1
2425,31,16,278,Mobile,Email,11,3,1
579,33,81,279,Desktop,Organic,11,1,0
2647,4,21,409,Mobile,Organic,5,49,1
3156,6,85,206,Mobile,GoogleAds,5,0,1
1075,23,98,462,Tablet,Organic,3,25,0
431,19,30,410,Desktop,Email,0,29,0
2893,8,39,488,Mobile,Organic,16,37,1
1214,39,26,30,Tablet,Instagram,3,19,0
554,13,35,218,Desktop,Organic,16,24,0
80,1,3,422,Desktop,Organic,4,18,0
3186,6,68,470,Mobile,Instagram,8,26,1
1233,7,24,231,Mobile,Email,5,9,1
3182,27,94,359,Mobile,Facebook,11,40,1
777,15,77,162,Mobile,GoogleAds,16,16,1
2364,34,29,217,Desktop,Facebook,9,46,1
1716,23,46,228,Mobile,Email,1,1,0
2434,24,11,333,Mobile,Email,0,16,0
664,15,26,221,Mobile,Instagram,12,6,1
2735,35,44,234,Desktop,Facebook,0,15,0
2456,4,87,73,Tablet,Organic,12,48,1
1806,37,62,399,Tablet,Instagram,2,26,0
230,17,54,95,Desktop,Instagram,10,0,0
191,31,29,428,Tablet,GoogleAds,15,21,0
316,38,81,475,Desktop,Instagram,17,21,0
2579,10,13,95,Mobile,Facebook,1,26,0
1429,27,55,394,Tablet,Email,17,15,1
1023,6,18,243,Desktop,GoogleAds,16,35,1
2061,6,85,373,Desktop,Organic,0,15,0
2920,15,25,293,Mobile,Facebook,3,23,0
857,4,70,263,Desktop,Organic,19,34,1
813,7,91,124,Tablet,Instagram,5,32,1
3362,26,37,288,Mobile,Facebook,4,16,1
224,31,68,267,Desktop,GoogleAds,19,4,0
3029,2,35,432,Mobile,GoogleAds,8,34,1
1453,28,17,109,Desktop,Organic,3,18,0
110,13,56,348,Tablet,Email,4,42,0
3020,18,77,452,Tablet,GoogleAds,7,46,1
582,30,22,48,Mobile,Organic,16,33,0
1342,11,13,301,Desktop,Email,14,31,1
667,13,95,95,Mobile,Facebook,19,24,1
2996,24,68,477,Mobile,GoogleAds,12,21,1
1543,29,21,33,Tablet,GoogleAds,14,38,1
3144,5,27,118,Mobile,Organic,3,49,0
1666,35,42,132,Desktop,GoogleAds,17,26,1
235,19,75,251,Tablet,Organic,18,32,0
114,13,17,303,Desktop,GoogleAds,7,7,0
2007,5,99,122,Mobile,Organic,13,29,1
781,14,94,218,Tablet,GoogleAds,0,47,0
3506,38,76,53,Desktop,Facebook,1,25,0
3336,22,83,126,Desktop,Facebook,19,14,1
438,9,35,159,Mobile,Organic,2,35,0
443,26,6,159,Desktop,Facebook,15,44,0
1240,5,22,283,Mobile,Organic,2,11,0
3109,29,33,89,Mobile,Organic,5,40,1
2739,22,95,176,Mobile,Instagram,7,44,1
3417,3,20,292,Mobile,Facebook,11,42,1
2645,28,69,433,Tablet,Instagram,4,11,1
3150,38,79,159,Desktop,Instagram,4,3,1
875,14,98,491,Desktop,GoogleAds,2,2,0
2803,14,46,249,Tablet,Organic,3,36,0
3594,11,52,357,Mobile,Email,4,37,1
3248,9,83,122,Mobile,Instagram,2,31,0
2921,38,40,237,Mobile,GoogleAds,9,25,1
2425,6,74,428,Mobile,Facebook,18,3,1
260,1,31,125,Tablet,Email,7,0,0
2916,25,13,315,Desktop,Organic,5,4,1
865,16,87,279,Mobile,GoogleAds,6,1,1
1203,15,94,355,Mobile,Email,5,45,1
3171,34,16,324,Mobile,Organic,12,10,1
570,17,24,92,Desktop,Organic,12,8,0
1479,3,63,426,Desktop,Email,4,7,1
2351,3,72,105,Tablet,GoogleAds,5,38,1
928,37,85,42,Desktop,Email,9,14,1
1183,17,47,397,Desktop,Instagram,19,8,1
3213,38,34,129,Mobile,Organic,9,41,1
442,1,36,460,Desktop,Facebook,15,49,0
2116,7,54,491,Mobile,Email,17,29,1
978,26,16,53,Tablet,Email,2,28,0
845,39,27,168,Mobile,Organic,0,24,0
2256,19,0,90,Tablet,Organic,2,21,0
2272,30,52,247,Desktop,Email,18,33,1
907,14,72,174,Tablet,Facebook,0,21,0
481,13,54,494,Mobile,Organic,7,45,0
256,20,60,372,Desktop,Organic,18,29,0
2439,26,12,87,Desktop,Instagram,3,9,0
1000,27,46,369,Mobile,GoogleAds,15,4,1
3320,25,63,150,Desktop,Instagram,4,4,1
936,9,31,249,Mobile,Facebook,4,1,1
3448,12,27,115,Tablet,GoogleAds,1,29,0
1201,10,52,180,Tablet,Email,5,21,1
2617,6,30,120,Desktop,Facebook,6,12,1
1084,34,7,28,Mobile,Facebook,14,38,1
1844,19,71,309,Mobile,Instagram,9,24,1
698,6,97,117,Tablet,GoogleAds,9,26,1
2437,2,86,191,Mobile,Facebook,18,46,1
2531,15,73,145,Desktop,GoogleAds,15,26,1
3161,17,24,320,Desktop,Email,8,20,1
2754,16,32,262,Tablet,GoogleAds,7,30,1
3448,28,67,142,Mobile,Instagram,18,14,1
1494,21,6,114,Desktop,Instagram,0,37,0
2968,8,96,384,Desktop,Facebook,16,38,1
3533,10,65,273,Desktop,GoogleAds,17,35,1
3545,10,45,38,Mobile,Instagram,14,35,1
969,10,95,197,Tablet,Organic,5,0,1
487,9,4,13,Tablet,Instagram,16,10,0
3061,28,16,112,Desktop,Email,17,4,1
2983,24,75,437,Tablet,Organic,18,33,1
3501,19,51,137,Desktop,GoogleAds,1,36,0
716,33,11,172,Desktop,Facebook,6,4,1
3295,4,61,127,Mobile,Organic,16,19,1
3450,3,34,362,Desktop,Instagram,14,44,1
2911,12,61,410,Desktop,Facebook,15,43,1
1147,18,20,333,Mobile,Facebook,16,41,1
3074,23,84,19,Mobile,Facebook,2,12,0
763,20,65,432,Tablet,Facebook,9,8,1
2560,6,52,465,Mobile,GoogleAds,5,4,1
1669,34,20,208,Desktop,GoogleAds,1,37,0
2874,2,14,158,Mobile,GoogleAds,10,31,1
597,30,74,160,Mobile,Instagram,7,29,0
1344,9,73,334,Tablet,GoogleAds,13,48,1
1502,27,81,240,Mobile,Facebook,11,27,1
1857,34,22,376,Desktop,Organic,19,36,1
2765,24,30,79,Desktop,Organic,6,27,1
3125,17,53,332,Desktop,Organic,17,42,1
3496,29,54,357,Mobile,Organic,4,5,1
3327,36,25,331,Mobile,Organic,5,40,1
3165,12,52,197,Desktop,Email,12,43,1
216,31,65,120,Mobile,Organic,1,28,0
2208,9,38,248,Tablet,Organic,18,3,1
2725,19,6,139,Tablet,Organic,7,17,1
2585,17,87,226,Tablet,Instagram,10,14,1
174,2,38,83,Tablet,Email,15,24,0
2974,5,31,410,Desktop,Organic,0,3,0
2008,39,25,26,Mobile,GoogleAds,15,13,1
3226,16,86,128,Tablet,Instagram,11,49,1
3067,17,77,401,Desktop,Email,16,16,1
2094,27,28,223,Tablet,GoogleAds,8,33,1
342,7,24,339,Mobile,GoogleAds,5,18,0
412,8,55,44,Tablet,Instagram,6,28,0
423,8,30,84,Tablet,GoogleAds,12,21,0
54,23,65,407,Tablet,Facebook,16,13,0
3483,32,1,25,Tablet,Instagram,9,35,1
2263,18,86,220,Mobile,Instagram,10,1,1
71,38,46,293,Desktop,Facebook,13,44,0
2477,12,74,204,Tablet,Instagram,16,6,1
877,15,28,368,Desktop,GoogleAds,15,27,1
1501,28,98,193,Mobile,GoogleAds,4,7,1
2877,38,48,2,Mobile,GoogleAds,17,28,1
28,31,72,202,Tablet,Facebook,10,9,0
374,9,31,354,Desktop,GoogleAds,9,20,0
3381,8,29,32,Tablet,Facebook,5,34,1
3088,19,14,89,Mobile,Facebook,9,3,1
2485,8,61,202,Tablet,Facebook,10,20,1
1150,34,77,439,Tablet,Instagram,0,37,0
589,4,16,178,Desktop,Email,4,24,0
3588,31,21,193,Mobile,Facebook,1,19,0
555,38,29,160,Tablet,GoogleAds,10,6,0
1739,3,80,293,Tablet,Facebook,13,6,1
2382,35,15,204,Tablet,Organic,12,31,1
64,19,51,241,Desktop,Instagram,10,31,0
787,29,7,115,Mobile,GoogleAds,5,21,1
3049,10,63,210,Tablet,Instagram,1,48,0
51,12,38,222,Tablet,Instagram,18,24,0
1330,30,30,397,Tablet,Organic,8,5,1
240,30,11,182,Mobile,Facebook,17,26,0
462,18,32,259,Desktop,GoogleAds,13,17,0
2451,24,57,469,Desktop,Email,12,11,1
1555,32,11,426,Tablet,Instagram,11,27,1
1391,9,24,462,Tablet,Email,11,18,1
1477,24,37,40,Desktop,Email,12,42,1
1161,26,47,330,Desktop,Facebook,6,16,1
2748,3,81,322,Desktop,Email,15,34,1
3486,23,82,60,Tablet,GoogleAds,16,14,1
2449,11,54,493,Tablet,Facebook,8,4,1
1226,10,2,485,Desktop,Email,13,35,1
2661,36,98,11,Desktop,Facebook,8,32,1
890,13,68,120,Mobile,GoogleAds,5,20,1
3159,29,34,385,Tablet,Instagram,0,34,0
94,38,50,410,Mobile,Organic,19,41,0
1063,13,26,42,Desktop,Facebook,0,26,0
58,26,36,190,Tablet,Organic,18,44,0
1178,20,84,123,Tablet,Instagram,14,29,1
78,5,15,189,Mobile,GoogleAds,16,38,0
3139,20,91,252,Mobile,Instagram,19,45,1
2754,14,24,461,Mobile,Organic,7,29,1
2536,14,32,92,Mobile,GoogleAds,2,44,0
2877,8,61,484,Tablet,Email,11,20,1
3526,13,16,213,Desktop,Email,14,25,1
3377,24,42,318,Desktop,Facebook,17,23,1
1711,15,29,202,Desktop,Email,12,21,1
3252,1,40,268,Mobile,Organic,4,36,1
1608,22,3,494,Desktop,Email,16,42,1
2204,34,65,155,Mobile,Facebook,2,25,0
3565,3,59,195,Mobile,GoogleAds,18,21,1
3387,26,8,28,Desktop,Email,5,45,1
1879,14,30,194,Desktop,Facebook,16,32,1
1025,8,88,412,Desktop,Email,4,23,1
2666,16,99,499,Tablet,Email,4,4,1
455,21,68,223,Mobile,Organic,18,23,0
2278,10,23,107,Tablet,Facebook,10,34,1
1411,25,23,149,Desktop,Facebook,0,21,0
3347,38,92,135,Tablet,Instagram,12,32,1
2152,22,44,498,Tablet,Instagram,16,16,1
271,4,94,95,Desktop,Facebook,10,11,0
1858,4,36,270,Desktop,Organic,17,29,1
906,30,57,423,Mobile,Email,3,25,0
1104,2,82,374,Mobile,GoogleAds,9,12,1
2276,29,22,126,Tablet,Email,10,5,1
1566,36,34,359,Desktop,GoogleAds,17,2,1
101,21,62,329,Mobile,Organic,0,10,0
136,21,5,471,Mobile,Instagram,3,42,0
89,21,5,318,Tablet,Facebook,4,9,0
1857,4,29,12,Tablet,Organic,1,10,0
3319,1,0,477,Tablet,GoogleAds,11,15,1
992,26,62,294,Desktop,Facebook,10,19,1
3453,2,7,442,Mobile,GoogleAds,15,41,1
925,9,27,440,Mobile,Email,3,43,0
2543,18,88,295,Mobile,Email,6,18,1
703,11,32,342,Tablet,Email,12,8,1
34,25,52,4,Desktop,Facebook,13,35,0
165,26,37,304,Tablet,Instagram,10,14,0
3598,36,51,391,Tablet,Instagram,7,22,1
2689,35,77,316,Desktop,GoogleAds,0,20,0
1822,38,10,168,Desktop,Instagram,7,38,1
1563,3,1,8,Tablet,Instagram,18,4,1
1976,35,52,124,Desktop,GoogleAds,16,21,1
1743,22,93,372,Tablet,GoogleAds,8,30,1
1090,8,93,314,Mobile,GoogleAds,12,14,1
1638,15,67,185,Desktop,Facebook,14,27,1
28,7,76,35,Mobile,GoogleAds,12,37,0
1417,19,6,73,Desktop,Facebook,7,14,1
1226,17,66,371,Tablet,Facebook,11,48,1
2294,1,8,13,Tablet,Facebook,10,18,1
1420,29,77,39,Tablet,GoogleAds,19,34,1
3507,13,62,84,Tablet,Instagram,12,17,1
286,29,10,21,Tablet,Instagram,15,9,0
3308,6,36,253,Tablet,GoogleAds,1,14,0
754,5,13,303,Desktop,Instagram,5,49,1
561,34,18,467,Desktop,GoogleAds,15,23,0
3404,11,7,258,Mobile,Facebook,17,46,1
1186,9,6,300,Desktop,Email,16,19,1
648,38,58,488,Desktop,Organic,14,36,1
246,9,62,30,Mobile,GoogleAds,6,10,0
1007,8,6,471,Mobile,Facebook,13,8,1
2112,3,54,128,Tablet,Email,6,4,1
2013,13,2,311,Mobile,Facebook,5,10,1
1469,19,66,40,Mobile,Organic,11,38,1
2741,34,17,461,Desktop,Instagram,1,26,0
2166,32,44,97,Tablet,Instagram,0,1,0
1217,16,96,224,Mobile,Facebook,17,19,1
1401,36,91,92,Tablet,Organic,4,20,1
2016,18,35,280,Tablet,Facebook,6,49,1
1231,14,15,170,Mobile,Instagram,14,29,1
1404,30,78,284,Mobile,Facebook,5,47,1
382,2,28,222,Mobile,Email,1,0,0
3030,13,58,117,Mobile,Organic,16,34,1
1530,27,17,248,Tablet,Instagram,12,25,1
2258,17,48,361,Desktop,Facebook,12,31,1
858,31,45,349,Tablet,Organic,13,8,1
2566,15,82,354,Tablet,Facebook,7,48,1
1355,20,28,435,Tablet,Instagram,14,39,1
2332,5,69,406,Mobile,Organic,10,20,1
2268,7,49,89,Mobile,Instagram,12,15,1
513,18,54,78,Desktop,Email,19,11,0
3199,11,26,458,Desktop,Email,0,35,0
712,32,6,74,Desktop,GoogleAds,1,36,0
2099,27,90,392,Tablet,Organic,10,26,1
324,26,82,14,Desktop,Email,13,6,0
2845,37,80,45,Tablet,GoogleAds,4,29,1
2386,28,40,38,Mobile,Organic,6,23,1
1050,2,10,416,Tablet,Instagram,15,49,1
292,20,4,245,Mobile,Facebook,10,29,0
3000,4,65,62,Mobile,Facebook,14,19,1
267,13,55,493,Desktop,Instagram,3,45,0
584,24,11,96,Mobile,Email,9,39,0
583,38,41,323,Desktop,Facebook,0,44,0
2669,29,74,252,Desktop,Instagram,6,27,1
1052,36,9,468,Desktop,GoogleAds,11,3,1
1562,2,27,61,Tablet,GoogleAds,10,11,1
2894,18,6,269,Desktop,Instagram,10,2,1
432,8,13,119,Desktop,Organic,16,36,0
1499,15,76,87,Mobile,Email,0,3,0
1406,17,68,83,Tablet,Email,14,14,1
767,23,60,80,Desktop,Instagram,19,27,1
2820,2,50,228,Desktop,Facebook,17,36,1
1114,6,41,483,Desktop,Email,3,8,0
1584,29,7,303,Mobile,Email,18,13,1
2481,27,49,111,Mobile,GoogleAds,4,31,1
438,37,0,370,Mobile,GoogleAds,13,47,0
3469,34,68,310,Desktop,GoogleAds,12,2,1
2031,18,10,71,Desktop,Email,18,46,1
213,10,47,436,Desktop,Email,18,17,0
2253,38,9,485,Desktop,Email,15,49,1
2785,17,14,328,Desktop,Facebook,18,13,1
2342,13,46,25,Mobile,Facebook,0,24,0
2002,27,92,279,Desktop,Facebook,9,38,1
2253,2,24,202,Tablet,Organic,1,25,0
316,34,5,414,Desktop,Email,14,5,0
1697,31,10,225,Mobile,Email,18,25,1
23,23,16,267,Desktop,Instagram,3,47,0
1870,7,14,419,Tablet,Instagram,3,40,0
3227,38,15,283,Desktop,Organic,11,0,1
1971,33,55,117,Tablet,Instagram,18,49,1
1090,12,65,67,Tablet,Facebook,8,20,1
732,12,35,47,Mobile,Organic,15,13,1
789,19,82,241,Tablet,Organic,14,45,1
1243,9,37,178,Desktop,Organic,8,7,1
538,10,84,8,Tablet,GoogleAds,18,24,0
807,17,74,183,Desktop,Instagram,17,48,1
353,39,2,77,Desktop,Email,6,17,0
1312,10,97,426,Desktop,GoogleAds,15,14,1
218,12,17,67,Desktop,Facebook,14,41,0
650,15,78,148,Mobile,GoogleAds,10,19,1
3416,31,88,494,Desktop,Facebook,5,15,1
1321,15,53,173,Mobile,Email,2,6,0
2309,28,78,35,Tablet,Email,13,28,1
3346,4,93,77,Desktop,Instagram,5,30,1
2328,36,16,404,Tablet,GoogleAds,16,28,1
1957,1,81,280,Mobile,Email,18,16,1
929,34,94,185,Desktop,Facebook,17,4,1
1733,17,81,55,Desktop,Email,19,17,1
2054,39,98,393,Mobile,Instagram,15,13,1
428,38,12,94,Tablet,Facebook,2,30,0
1759,33,62,473,Mobile,Organic,5,49,1
2852,21,13,144,Tablet,Instagram,16,17,1
3292,26,58,247,Tablet,Instagram,19,46,1
1398,36,35,439,Tablet,Organic,4,24,1
1109,5,17,200,Desktop,Email,15,10,1
3402,33,4,236,Mobile,Instagram,16,25,1
2782,1,13,314,Desktop,Organic,15,4,1
2490,6,24,320,Mobile,Organic,8,15,1
2166,37,43,220,Tablet,Instagram,6,7,1
2698,2,38,332,Desktop,GoogleAds,4,12,1
1555,5,11,371,Desktop,Instagram,8,31,1
1080,26,60,216,Desktop,GoogleAds,9,26,1
2436,13,61,49,Tablet,Email,0,48,0
1860,12,52,285,Mobile,Organic,6,25,1
1129,5,52,463,Tablet,Facebook,4,8,1
967,2,27,118,Desktop,Instagram,5,46,1
112,4,34,82,Desktop,Facebook,5,6,0
2949,27,64,263,Tablet,Email,14,49,1
2911,10,2,77,Desktop,Instagram,7,45,1
1179,13,42,211,Desktop,Facebook,0,7,0
1913,2,49,496,Mobile,Email,9,1,1
3108,26,70,491,Mobile,GoogleAds,2,17,0
1765,15,8,122,Mobile,Email,15,35,1
2587,10,35,325,Mobile,Instagram,0,23,0
688,22,22,90,Mobile,Instagram,15,33,1
1978,25,87,258,Mobile,Instagram,13,41,1
998,15,73,161,Desktop,Email,4,37,1
1115,13,49,176,Desktop,Instagram,15,10,1
2485,8,54,293,Mobile,Email,10,9,1
1617,21,11,89,Tablet,Organic,17,28,1
2879,21,82,127,Mobile,Organic,6,48,1
1512,22,31,473,Desktop,Organic,7,39,1
1799,33,23,359,Tablet,Facebook,16,5,1
1195,27,85,286,Tablet,Organic,13,47,1
941,22,66,297,Tablet,Organic,16,9,1
1435,30,26,260,Desktop,Email,11,29,1
3589,9,60,339,Tablet,Email,17,27,1
1071,35,18,475,Desktop,Instagram,0,28,0
1988,18,72,244,Desktop,Instagram,6,24,1
2568,5,50,111,Mobile,Instagram,5,35,1
2450,27,63,423,Desktop,Email,14,26,1
2052,6,76,24,Tablet,Email,17,33,1
2770,32,1,50,Desktop,Organic,10,33,1
2551,8,35,37,Desktop,GoogleAds,16,31,1
3281,39,92,181,Mobile,Email,0,43,0
1288,21,10,253,Mobile,GoogleAds,1,3,0
1212,18,97,25,Desktop,Email,6,47,1
2604,14,67,349,Desktop,Email,9,33,1
603,15,67,125,Desktop,Facebook,13,15,1
2446,26,63,31,Mobile,GoogleAds,11,46,1
1431,32,0,237,Mobile,Facebook,16,45,1
2215,39,88,227,Tablet,Organic,13,10,1
1037,28,25,348,Tablet,Facebook,18,14,1
2224,39,10,38,Tablet,Facebook,9,37,1
3549,32,86,383,Tablet,Organic,11,29,1
969,13,1,58,Mobile,GoogleAds,6,26,1
2466,15,82,236,Mobile,Instagram,7,15,1
3493,18,92,181,Desktop,Email,12,0,1
3285,39,39,114,Tablet,GoogleAds,5,24,1
2251,6,3,306,Desktop,Organic,7,27,1
2292,11,79,132,Desktop,Facebook,4,42,1
2775,32,36,348,Mobile,Instagram,8,13,1
1183,20,60,180,Desktop,Facebook,10,33,1
3240,33,90,415,Desktop,Email,12,47,1
3360,8,4,471,Mobile,Organic,0,3,0
825,35,14,78,Mobile,Instagram,6,13,1
413,5,86,220,Mobile,GoogleAds,5,15,0
902,35,66,142,Mobile,GoogleAds,7,14,1
2735,14,81,385,Tablet,Organic,1,33,0
3392,21,25,43,Tablet,Organic,16,12,1
77,24,5,480,Tablet,Facebook,16,16,0
3544,17,43,118,Desktop,Instagram,17,27,1
97,18,57,59,Tablet,Email,6,9,0
2274,34,80,61,Mobile,Organic,14,46,1
2058,12,45,41,Tablet,Instagram,12,16,1
1168,16,41,274,Mobile,Organic,19,7,1
1730,4,47,188,Tablet,Organic,13,1,1
1384,25,26,453,Tablet,GoogleAds,14,0,1
2197,34,19,490,Mobile,Instagram,2,4,0
2675,28,69,335,Mobile,GoogleAds,5,34,1
2190,11,34,187,Desktop,GoogleAds,8,21,1
1653,13,75,426,Desktop,Instagram,13,42,1
187,31,47,464,Desktop,GoogleAds,15,15,0
2867,25,66,228,Tablet,Facebook,16,8,1
1391,39,67,164,Tablet,Email,11,35,1
2437,10,51,424,Mobile,Email,3,8,0
917,24,67,286,Mobile,Facebook,4,13,1
2715,1,3,102,Desktop,Organic,10,9,1
2507,25,38,471,Mobile,GoogleAds,10,21,1
595,28,20,267,Tablet,Email,7,15,0
2520,36,65,124,Mobile,Instagram,17,40,1
999,18,15,153,Mobile,Organic,5,2,1
1141,6,6,429,Mobile,Email,6,27,1
2179,2,82,179,Mobile,GoogleAds,5,29,1
2074,3,96,427,Mobile,Email,13,28,1
1229,8,8,66,Desktop,GoogleAds,19,0,1
2384,31,16,99,Desktop,Organic,5,27,1
327,19,90,431,Tablet,Facebook,3,21,0
2866,6,96,24,Desktop,GoogleAds,12,31,1
1512,14,11,333,Mobile,GoogleAds,16,10,1
2044,3,56,249,Desktop,Organic,11,25,1
3333,1,44,490,Tablet,Organic,8,30,1
2052,30,10,165,Desktop,Instagram,19,19,1
512,19,12,384,Tablet,Organic,2,19,0
2032,19,30,440,Tablet,Email,10,32,1
128,9,76,94,Tablet,GoogleAds,4,4,0
719,7,25,459,Mobile,Facebook,2,40,0
3579,37,62,343,Tablet,Organic,16,2,1
3567,7,30,124,Desktop,GoogleAds,8,43,1
54,9,21,302,Desktop,Facebook,5,49,0
323,4,5,156,Desktop,Instagram,17,33,0
3260,25,19,349,Tablet,Email,5,30,1
427,12,84,249,Tablet,Instagram,5,41,0
2613,6,9,436,Mobile,Organic,9,6,1
1111,18,82,271,Tablet,Email,10,29,1
335,21,34,429,Desktop,Instagram,13,17,0
3438,15,25,58,Mobile,GoogleAds,11,15,1
1449,3,70,195,Desktop,Organic,19,12,1
1996,2,36,201,Mobile,Instagram,17,32,1
2572,4,7,72,Tablet,Email,14,6,1
2271,32,4,495,Mobile,Email,9,29,1
83,2,43,247,Tablet,Facebook,0,10,0
1612,29,99,481,Tablet,Email,14,5,1
518,2,91,98,Desktop,Email,1,20,0
2389,34,66,329,Tablet,Organic,19,31,1
3174,27,71,81,Tablet,Email,1,4,0
697,39,78,425,Tablet,Facebook,3,41,0
666,38,90,65,Desktop,Email,13,28,1
1552,18,48,424,Tablet,Facebook,18,34,1
1302,36,35,5,Desktop,GoogleAds,13,46,1
1409,19,79,478,Mobile,Facebook,12,11,1
3085,27,25,459,Desktop,Organic,0,36,0
3219,20,44,284,Desktop,Instagram,9,45,1
3312,21,60,294,Tablet,Instagram,13,43,1
2657,23,43,81,Desktop,GoogleAds,16,21,1
1562,30,3,498,Mobile,Organic,15,10,1
1085,25,75,87,Desktop,GoogleAds,14,22,1
334,31,80,402,Tablet,GoogleAds,10,44,0
1001,27,57,293,Mobile,Email,11,9,1
2003,34,25,411,Tablet,Email,0,41,0
726,8,94,281,Tablet,Organic,2,23,0
2780,19,78,197,Desktop,Instagram,10,45,1
286,26,97,252,Tablet,Facebook,10,15,0
2593,28,28,83,Mobile,Email,4,11,1
3567,4,8,27,Mobile,Organic,14,49,1
3597,31,77,333,Mobile,Organic,19,31,1
161,16,35,182,Mobile,Instagram,15,23,0
964,10,3,135,Desktop,Organic,2,3,0
1516,38,58,90,Mobile,Organic,7,41,1
268,10,36,206,Desktop,Instagram,15,32,0
2381,9,87,27,Tablet,Email,15,17,1
3074,39,80,378,Tablet,Instagram,3,46,0
878,36,12,59,Desktop,GoogleAds,14,16,1
1201,36,19,72,Tablet,Email,18,20,1
697,19,16,415,Tablet,GoogleAds,14,0,1
319,19,50,227,Mobile,Organic,12,45,0
2860,12,90,91,Tablet,GoogleAds,9,43,1
1512,13,54,68,Tablet,Instagram,1,24,0
3137,25,32,362,Desktop,Instagram,5,30,1
2677,36,20,260,Mobile,Facebook,16,42,1
482,25,80,146,Tablet,Organic,7,19,0
3377,28,21,63,Tablet,Instagram,15,25,1
2518,39,24,343,Desktop,Email,12,18,1
3405,30,66,480,Tablet,Instagram,11,29,1
823,5,90,460,Mobile,Email,15,24,1
855,17,90,180,Mobile,Organic,6,35,1
1174,18,11,468,Mobile,Facebook,9,48,1
676,21,14,111,Desktop,Facebook,5,17,1
2319,22,83,191,Mobile,GoogleAds,4,3,1
1818,39,85,429,Mobile,Instagram,17,26,1
1453,6,1,396,Mobile,Organic,15,32,1
1777,16,3,392,Mobile,GoogleAds,2,5,0
1274,2,44,246,Mobile,Organic,2,6,0
364,1,12,278,Mobile,Organic,4,0,0
1882,30,54,347,Desktop,GoogleAds,1,37,0
2034,37,31,425,Mobile,Organic,0,34,0
2827,23,21,372,Tablet,GoogleAds,3,22,0
189,1,88,297,Desktop,Instagram,9,15,0
75,19,90,337,Tablet,GoogleAds,12,33,0
829,3,54,123,Tablet,Instagram,2,33,0
1381,2,16,57,Mobile,Facebook,10,30,1
180,37,69,160,Tablet,GoogleAds,2,42,0
2531,17,50,127,Tablet,Facebook,9,30,1
2591,28,79,225,Tablet,GoogleAds,8,10,1
1400,18,7,95,Mobile,Organic,9,7,1
1140,33,60,311,Mobile,Facebook,12,23,1
2496,15,96,6,Mobile,Email,17,22,1
844,22,9,423,Desktop,Email,17,31,1
236,27,97,265,Mobile,Email,16,14,0
3525,37,18,234,Mobile,Facebook,16,27,1
451,32,13,288,Tablet,Instagram,4,19,0
2453,19,66,420,Mobile,GoogleAds,8,13,1
737,28,54,384,Tablet,Organic,11,25,1
1614,28,60,16,Mobile,Organic,11,49,1
2141,10,55,140,Mobile,Facebook,18,36,1
1046,20,62,297,Mobile,Email,6,1,1
1842,25,86,195,Mobile,Organic,19,33,1
1858,21,10,186,Mobile,Organic,11,33,1
2750,14,46,475,Mobile,Instagram,8,33,1
502,22,5,475,Mobile,Organic,7,8,0
3349,26,33,393,Tablet,Organic,18,43,1
1558,11,64,125,Desktop,GoogleAds,2,49,0
1153,7,98,17,Desktop,Organic,10,2,1
979,17,88,366,Mobile,GoogleAds,11,29,1
2410,18,63,389,Desktop,Email,16,18,1
3138,7,92,26,Tablet,Instagram,6,30,1
2097,20,86,213,Tablet,Organic,2,15,0
3417,38,81,385,Tablet,Instagram,6,42,1
649,11,77,1,Desktop,Instagram,6,23,1
182,16,80,291,Desktop,Instagram,13,14,0
1580,27,65,265,Desktop,Facebook,1,21,0
268,11,30,343,Mobile,GoogleAds,15,31,0
526,16,82,38,Tablet,Instagram,9,10,0
2787,23,95,233,Tablet,Email,13,28,1
532,12,61,260,Mobile,Organic,6,41,0
1927,3,53,308,Desktop,Instagram,1,23,0
2896,2,91,403,Tablet,Instagram,9,18,1
2174,38,7,485,Desktop,Organic,1,4,0
2241,24,41,261,Mobile,Email,12,45,1
1939,29,40,476,Desktop,Instagram,1,40,0
1149,34,58,238,Mobile,Instagram,9,37,1
2219,20,39,106,Desktop,Email,13,0,1
2600,18,21,247,Mobile,Instagram,16,29,1
3318,14,23,304,Tablet,Email,18,11,1
848,18,37,343,Mobile,Instagram,11,45,1
1099,2,1,447,Desktop,Organic,16,3,1
1103,1,40,38,Tablet,Email,5,14,1
2504,20,18,308,Desktop,Organic,3,16,0
2473,34,1,343,Desktop,Organic,1,11,0
2589,11,91,46,Mobile,Instagram,14,0,1
2498,27,95,210,Mobile,Email,15,12,1
2795,23,61,93,Desktop,Facebook,11,29,1
1979,38,82,220,Mobile,Organic,6,9,1
2521,3,15,256,Desktop,Organic,12,35,1
2453,12,93,137,Mobile,Organic,0,5,0
2768,30,21,231,Mobile,Instagram,18,8,1
1584,31,13,306,Desktop,Instagram,12,49,1
1590,23,55,202,Tablet,Organic,0,1,0
2452,1,64,66,Mobile,Instagram,1,5,0
2383,20,44,461,Desktop,Instagram,0,10,0
1124,6,53,38,Tablet,Instagram,11,25,1
759,11,65,155,Mobile,GoogleAds,9,27,1
1103,35,85,105,Mobile,Email,1,12,0
1199,4,45,255,Desktop,Instagram,0,37,0
2699,29,32,404,Mobile,GoogleAds,4,11,1
2271,10,78,488,Desktop,GoogleAds,1,18,0
1885,29,49,446,Desktop,Instagram,3,17,0
3416,38,21,458,Mobile,GoogleAds,13,18,1
1797,1,39,16,Tablet,Facebook,8,27,1
2426,8,38,79,Mobile,GoogleAds,5,11,1
1617,38,40,13,Tablet,Email,11,31,1
58,17,74,370,Mobile,GoogleAds,11,12,0
1085,19,67,102,Tablet,Instagram,8,22,1
1322,33,6,404,Mobile,Organic,14,35,1
1659,15,84,152,Tablet,Facebook,9,29,1
3320,31,70,489,Tablet,GoogleAds,1,21,0
2190,21,3,178,Mobile,Facebook,17,37,1
3056,3,75,391,Mobile,Email,6,44,1
2843,2,90,87,Desktop,GoogleAds,8,41,1
1199,35,58,88,Tablet,GoogleAds,19,2,1
1407,16,80,29,Mobile,Facebook,17,8,1
2430,21,83,389,Desktop,GoogleAds,2,14,0
1838,12,94,363,Mobile,GoogleAds,12,29,1
3559,28,25,493,Tablet,Organic,9,25,1
488,12,30,419,Mobile,Facebook,16,29,0
841,33,98,321,Mobile,Instagram,2,4,0
2707,20,72,100,Desktop,Instagram,8,30,1
1624,21,68,115,Mobile,Email,16,21,1
691,39,51,210,Desktop,Organic,15,40,1
2745,36,71,454,Tablet,Facebook,5,14,1
1333,22,20,343,Tablet,Facebook,17,44,1
91,26,15,74,Mobile,Organic,5,34,0
96,7,50,135,Desktop,Organic,5,18,0
2282,7,15,428,Tablet,Email,16,33,1
2073,8,17,456,Mobile,Instagram,9,17,1
831,26,46,269,Mobile,Facebook,1,13,0
3439,24,55,350,Mobile,Organic,0,21,0
172,24,27,466,Mobile,Facebook,10,23,0
2571,12,81,78,Mobile,Instagram,5,12,1
2407,8,77,459,Desktop,Facebook,0,7,0
1942,9,55,380,Mobile,Facebook,15,41,1
2738,3,36,490,Mobile,Organic,8,1,1
3545,21,15,125,Mobile,Organic,11,41,1
1860,31,84,38,Mobile,Organic,8,26,1
1870,24,64,269,Mobile,Instagram,12,33,1
3456,4,59,310,Mobile,GoogleAds,6,28,1
1125,20,60,106,Mobile,Instagram,0,25,0
2238,16,10,44,Tablet,Organic,2,22,0
2800,10,74,225,Tablet,Email,2,35,0
3382,26,65,242,Mobile,Facebook,18,8,1
2717,29,31,397,Desktop,Facebook,3,20,0
3270,5,18,153,Mobile,Facebook,11,41,1
1892,11,55,24,Desktop,Facebook,3,35,0
3395,29,4,124,Desktop,Email,9,2,1
2550,15,2,285,Desktop,Organic,3,6,0
932,6,27,484,Desktop,GoogleAds,10,22,1
2185,15,89,454,Desktop,Facebook,3,31,0
1459,20,86,402,Tablet,GoogleAds,10,22,1
1592,34,93,348,Mobile,Instagram,16,15,1
574,2,71,261,Tablet,Instagram,19,4,0
3268,16,99,146,Tablet,Facebook,19,12,1
2607,19,28,191,Mobile,Organic,12,9,1
2510,34,76,381,Tablet,Email,16,1,1
480,14,58,165,Mobile,Facebook,12,15,0
997,24,24,71,Mobile,Instagram,16,0,1
2795,28,21,439,Mobile,Instagram,18,5,1
1944,32,96,201,Mobile,GoogleAds,19,18,1
233,37,70,355,Desktop,Email,14,32,0
2211,10,22,12,Desktop,Facebook,3,27,0
2617,9,69,52,Tablet,Organic,17,4,1
360,24,78,441,Mobile,GoogleAds,10,11,0
3228,36,78,256,Mobile,Email,8,29,1
1938,29,39,302,Mobile,GoogleAds,15,16,1
358,29,97,360,Mobile,Organic,2,18,0
191,23,13,300,Desktop,Instagram,17,39,0
646,27,28,487,Desktop,Facebook,16,41,1
1027,31,15,408,Desktop,Facebook,9,24,1
2236,7,92,9,Tablet,Organic,4,34,1
3120,4,86,140,Mobile,Facebook,14,8,1
781,14,9,100,Desktop,Facebook,19,31,1
2951,10,46,485,Desktop,GoogleAds,17,38,1
3084,34,3,137,Mobile,Organic,4,37,1
1025,26,11,359,Desktop,GoogleAds,14,14,1
2121,23,41,366,Mobile,Facebook,5,44,1
38,9,97,372,Mobile,Email,7,45,0
2429,37,3,22,Desktop,Email,2,36,0
2154,8,83,145,Tablet,GoogleAds,4,25,1
1903,14,91,161,Mobile,Instagram,17,30,1
1475,7,91,249,Tablet,Instagram,14,29,1
1236,7,5,175,Desktop,Organic,11,1,1
3492,9,13,88,Mobile,Email,18,6,1
3050,3,34,399,Mobile,Email,6,29,1
2078,14,46,477,Desktop,GoogleAds,0,32,0
2792,17,57,480,Tablet,Facebook,1,47,0
1135,22,64,33,Desktop,Organic,18,38,1
3127,26,18,477,Desktop,GoogleAds,12,46,1
75,28,56,271,Desktop,Instagram,19,37,0
2660,14,64,283,Tablet,Facebook,17,19,1
3245,9,12,226,Mobile,Organic,9,18,1
1144,26,7,445,Mobile,Facebook,12,8,1
347,2,17,452,Desktop,Instagram,4,21,0
2180,11,34,497,Desktop,GoogleAds,12,31,1
1738,17,86,112,Tablet,GoogleAds,8,29,1
456,34,25,82,Desktop,Email,0,5,0
2668,19,37,213,Tablet,GoogleAds,5,16,1
3372,39,83,304,Tablet,Email,0,36,0
2728,18,65,8,Tablet,GoogleAds,17,14,1
3493,13,25,134,Desktop,Organic,15,6,1
2672,5,56,447,Mobile,Instagram,7,13,1
2954,23,99,118,Tablet,Facebook,5,19,1
290,24,24,84,Mobile,Instagram,12,29,0
3124,29,29,258,Tablet,Instagram,16,17,1
3567,8,81,243,Desktop,Email,12,21,1
605,26,6,237,Tablet,Email,9,24,1
1996,15,26,150,Tablet,Organic,5,23,1
2760,1,10,374,Mobile,Facebook,17,30,1
1084,28,7,21,Desktop,GoogleAds,19,48,1
219,14,10,134,Tablet,GoogleAds,12,17,0
135,34,87,379,Desktop,Instagram,14,33,0
501,31,29,96,Mobile,Organic,5,17,0
3590,6,93,454,Desktop,Facebook,10,13,1
3017,5,14,13,Desktop,GoogleAds,7,3,1
979,31,55,1,Mobile,Instagram,13,6,1
590,37,34,150,Tablet,Organic,12,6,0
2834,15,38,117,Tablet,Facebook,1,0,0
2315,15,23,152,Desktop,Instagram,0,39,0
1221,5,7,64,Tablet,Instagram,4,23,1
239,28,42,425,Mobile,Organic,10,31,0
198,33,41,478,Desktop,Organic,9,9,0
3496,11,83,150,Desktop,Organic,11,8,1
2067,6,40,317,Tablet,Organic,9,38,1
3195,23,46,364,Tablet,Facebook,8,2,1
3157,2,25,12,Tablet,Organic,1,43,0
2733,15,51,90,Desktop,Organic,3,34,0
511,23,87,388,Tablet,Organic,3,4,0
2142,22,21,83,Desktop,Facebook,5,6,1
58,9,4,464,Tablet,GoogleAds,11,11,0
3576,30,14,250,Desktop,Instagram,6,22,1
2895,16,35,384,Desktop,Email,18,24,1
3065,30,62,396,Desktop,Instagram,1,16,0
698,9,92,33,Tablet,Facebook,18,13,1
396,1,78,149,Tablet,Organic,3,34,0
979,38,90,128,Mobile,Facebook,2,0,0
3470,8,48,100,Desktop,GoogleAds,3,21,0
1015,18,54,457,Tablet,Email,13,27,1
2275,27,71,487,Mobile,GoogleAds,5,22,1
1734,18,59,362,Mobile,Organic,5,17,1
2014,32,56,493,Tablet,Facebook,8,45,1
3062,32,28,328,Desktop,Facebook,4,44,1
3427,36,18,212,Mobile,Organic,6,43,1
3311,36,94,74,Mobile,Organic,12,36,1
2312,21,72,96,Desktop,Email,0,2,0
2293,32,9,92,Tablet,GoogleAds,1,13,0
3107,31,9,330,Desktop,Organic,19,38,1
1617,37,96,328,Desktop,Organic,9,6,1
3342,16,88,436,Tablet,GoogleAds,5,16,1
1799,14,56,175,Mobile,Organic,3,5,0
280,24,53,225,Desktop,Email,7,46,0
132,25,55,315,Mobile,Email,13,18,0
2713,35,67,175,Mobile,GoogleAds,15,14,1
1290,17,68,56,Mobile,Instagram,14,38,1
1454,4,86,497,Tablet,Email,12,4,1
268,11,54,269,Mobile,Facebook,11,14,0
957,15,68,428,Desktop,Facebook,6,44,1
2104,30,71,35,Desktop,Instagram,14,25,1
872,24,80,119,Desktop,Email,5,38,1
534,2,0,371,Tablet,Organic,13,44,0
897,34,11,413,Desktop,Instagram,14,12,1
217,23,34,56,Tablet,Organic,10,30,0
3392,31,77,389,Mobile,Facebook,3,12,0
2804,37,81,451,Mobile,Instagram,4,22,1
158,13,73,309,Tablet,Email,1,39,0
447,33,78,357,Tablet,Facebook,19,31,0
2212,7,32,376,Tablet,Email,14,36,1
3171,32,82,316,Mobile,Organic,9,3,1
1731,7,97,105,Tablet,Email,3,16,0
367,38,24,390,Mobile,Instagram,7,19,0
3255,13,15,176,Mobile,Organic,10,45,1
1250,24,7,106,Desktop,Instagram,16,10,1
1940,28,34,80,Mobile,Organic,6,41,1
465,32,84,163,Tablet,Instagram,10,32,0
2833,18,82,402,Tablet,Facebook,9,38,1
1642,34,45,267,Tablet,Instagram,0,5,0
638,34,10,51,Mobile,Facebook,7,38,1
3280,38,60,377,Mobile,GoogleAds,4,46,1
2889,1,43,279,Desktop,Email,12,37,1
495,31,10,303,Desktop,Organic,6,17,0
2590,1,10,75,Tablet,Email,10,1,1
209,16,21,443,Mobile,Facebook,11,40,0
380,39,84,441,Tablet,Facebook,13,37,0
1023,15,90,349,Tablet,Facebook,11,16,1
1992,33,81,127,Tablet,Instagram,0,23,0
2910,23,61,246,Desktop,Email,5,29,1
1481,34,47,312,Tablet,Facebook,10,42,1
257,17,93,234,Desktop,GoogleAds,10,23,0
797,25,62,155,Mobile,Facebook,11,3,1
2321,6,50,73,Tablet,Email,0,6,0
3139,31,44,419,Desktop,Facebook,19,14,1
3383,5,32,439,Mobile,Facebook,19,29,1
2088,30,84,137,Desktop,Organic,5,28,1
1531,5,59,274,Tablet,Facebook,12,48,1
1282,12,1,44,Mobile,Email,11,43,1
614,7,12,247,Mobile,Organic,9,44,1
3352,13,65,149,Mobile,Organic,6,12,1
1699,4,56,56,Desktop,Facebook,9,39,1
1427,3,42,176,Desktop,Facebook,17,38,1
1830,12,44,356,Desktop,GoogleAds,5,28,1
511,1,30,257,Mobile,Email,7,25,0
3165,27,9,411,Tablet,Email,19,35,1
3446,13,22,301,Tablet,Instagram,8,34,1
2943,17,85,63,Mobile,Instagram,15,48,1
558,8,28,314,Tablet,Email,1,47,0
1375,32,96,424,Mobile,Facebook,10,18,1
848,20,30,63,Tablet,Organic,18,1,1
1440,17,77,294,Tablet,GoogleAds,3,13,0
1458,34,73,29,Tablet,Facebook,2,15,0
3174,35,17,40,Desktop,Organic,14,48,1
857,35,10,147,Desktop,Email,7,35,1
623,38,46,88,Mobile,Facebook,3,39,0
421,24,2,56,Desktop,GoogleAds,10,40,0
2489,18,1,300,Mobile,Instagram,16,30,1
687,39,53,193,Desktop,Organic,8,47,1
168,33,71,100,Tablet,Facebook,0,47,0
2071,23,30,215,Desktop,GoogleAds,7,48,1
382,25,7,141,Desktop,Facebook,1,34,0
2282,37,42,414,Desktop,Email,12,21,1
3586,27,47,49,Mobile,Organic,0,20,0
1106,1,1,499,Mobile,Email,9,27,1
3330,21,21,115,Tablet,Email,11,16,1
2568,10,4,229,Tablet,Instagram,10,49,1
612,31,6,252,Tablet,Email,9,17,1
225,25,19,75,Desktop,GoogleAds,13,31,0
2006,20,91,191,Tablet,Organic,13,22,1
1574,2,76,199,Mobile,Instagram,7,5,1
1850,15,1,163,Tablet,Facebook,10,28,1
1972,28,31,139,Tablet,Email,8,5,1
3045,13,89,49,Tablet,Facebook,14,32,1
3301,14,2,363,Tablet,Instagram,0,47,0
2897,2,40,367,Tablet,Facebook,18,31,1
736,34,41,115,Mobile,GoogleAds,17,16,1
1254,35,76,168,Desktop,Instagram,11,3,1
3470,37,84,496,Tablet,Organic,7,47,1
2611,25,44,277,Desktop,Organic,4,30,1
1075,15,86,47,Tablet,Organic,12,21,1
685,12,70,259,Desktop,Organic,16,26,1
2930,9,16,414,Mobile,Instagram,0,20,0
292,31,91,216,Desktop,Instagram,1,19,0
1091,14,46,230,Tablet,Instagram,6,33,1
2891,29,93,127,Desktop,Email,1,22,0
2594,38,68,323,Desktop,Instagram,3,43,0
3154,8,23,318,Tablet,Instagram,12,15,1
1918,3,70,421,Desktop,Instagram,13,5,1
2980,2,33,225,Tablet,Organic,19,15,1
1162,16,49,150,Mobile,GoogleAds,2,6,0
2899,19,41,287,Tablet,Organic,8,13,1
3507,30,32,46,Mobile,GoogleAds,17,2,1
957,16,26,460,Desktop,GoogleAds,15,32,1
674,31,77,301,Tablet,GoogleAds,18,48,1
1727,28,58,14,Desktop,Organic,19,35,1
1158,4,18,121,Mobile,Email,8,38,1
76,10,75,396,Mobile,Facebook,18,28,0
2063,18,2,375,Desktop,Email,5,38,1
646,32,70,191,Tablet,Organic,11,3,1
323,30,98,475,Tablet,GoogleAds,14,38,0
3407,36,24,333,Tablet,Facebook,5,39,1
574,9,14,344,Tablet,Email,4,40,0
1611,36,82,166,Mobile,Instagram,13,21,1
835,29,59,117,Tablet,Email,18,14,1
2563,16,82,431,Desktop,Organic,17,3,1
1115,28,22,124,Mobile,Facebook,12,17,1
1035,21,10,54,Desktop,Instagram,8,43,1
2261,2,58,439,Desktop,Facebook,19,22,1
671,35,84,304,Desktop,Facebook,6,37,1
814,28,33,457,Mobile,Email,11,3,1
2461,36,6,456,Tablet,GoogleAds,8,3,1
3184,31,43,357,Desktop,Email,1,17,0
545,33,90,271,Desktop,Instagram,2,0,0
1401,23,63,199,Tablet,Organic,4,31,1
1245,17,22,216,Tablet,Email,17,20,1
2634,1,57,113,Tablet,GoogleAds,13,37,1
3290,23,19,16,Tablet,GoogleAds,18,25,1
2820,27,26,216,Desktop,Email,4,40,1
1930,25,59,427,Mobile,Instagram,9,48,1
2174,32,7,135,Tablet,GoogleAds,15,20,1
637,19,66,43,Tablet,GoogleAds,19,42,1
758,24,1,252,Desktop,Instagram,0,28,0
3559,3,21,284,Tablet,Instagram,3,40,0
114,12,69,322,Desktop,Instagram,4,42,0
2552,35,35,98,Desktop,Instagram,10,31,1
55,15,23,60,Desktop,Email,13,3,0
2880,17,11,230,Desktop,Email,10,12,1
1364,32,80,384,Tablet,Facebook,7,34,1
1249,7,21,131,Mobile,Facebook,0,26,0
991,19,82,385,Tablet,Facebook,6,0,1
969,7,72,159,Mobile,GoogleAds,12,48,1
1525,5,75,312,Tablet,Instagram,19,48,1
1846,21,95,471,Desktop,Email,5,38,1
2902,7,94,84,Tablet,Email,3,13,0
2506,37,80,208,Desktop,Instagram,11,36,1
2593,23,22,174,Tablet,Facebook,4,29,1
2568,11,73,288,Desktop,GoogleAds,4,13,1
1491,10,62,81,Mobile,Email,16,10,1
1569,21,29,18,Desktop,Organic,5,30,1
2597,33,18,196,Tablet,GoogleAds,9,27,1
1517,20,25,291,Desktop,GoogleAds,15,26,1
2073,33,89,360,Mobile,Facebook,13,2,1
2010,35,10,356,Mobile,Instagram,9,5,1
2300,34,19,279,Tablet,Organic,16,38,1
1983,36,55,463,Desktop,Facebook,4,18,1
3288,27,44,397,Tablet,Instagram,1,40,0
921,19,67,462,Desktop,Organic,3,33,0
1304,5,46,254,Mobile,Email,17,27,1
2818,29,75,142,Tablet,Organic,7,11,1
1812,10,88,165,Mobile,Facebook,13,38,1
2762,13,57,5,Desktop,Organic,12,9,1
1763,29,9,251,Mobile,Organic,6,46,1
124,5,21,150,Desktop,Organic,8,24,0
1613,12,70,28,Tablet,Email,3,22,0
1332,13,23,237,Desktop,Instagram,4,25,1
1870,22,65,132,Desktop,Organic,14,18,1
3564,15,95,306,Tablet,GoogleAds,8,37,1
2454,13,84,358,Tablet,Facebook,17,19,1
2451,1,60,285,Mobile,GoogleAds,13,44,1
1108,38,6,293,Desktop,Instagram,14,43,1
987,1,71,163,Desktop,Facebook,0,17,0
1515,11,37,404,Mobile,Instagram,18,47,1
1136,22,20,419,Desktop,Facebook,0,10,0
306,35,7,227,Desktop,GoogleAds,5,24,0
3059,6,88,468,Tablet,GoogleAds,7,42,1
2235,28,27,130,Tablet,Email,3,0,0
3296,31,91,372,Tablet,Instagram,15,31,1
3024,8,53,58,Mobile,GoogleAds,10,32,1
2372,5,30,146,Tablet,Facebook,3,6,0
1072,17,99,478,Mobile,Organic,10,30,1
